,,,,,,,,,,,,,,,,,,,,,,,,,,,,,,,,,,,,,,,,,,,,,,,,,,,,,,,,,,,,,,,,,,,,,,,,,,,,,,,,,,,,,,,,,,,,,,,,,,,,,,,,,,,,,,,,,,,,,,,,,,,,,,,,,,,,,,,,,,,,,,,,,,,,,,,,,,,,,,,,,,,,,,,,,,,,,,,,,,,,,,,,,,,,,
"Upd. On
D S Date","Order
 No","Order
By",Date,"App.
 Date","Remark
If Not App.",Dealer Name & Address,"Front
 Discount","Req.
Date",FOC,"Committ. With
Mat.",Total,JT16024,,,,,,,JT 16536,,,JT18024,,,,,,,JT19036,,,,,,,JT200E36,,,,,,,TT16024,,,,,,,TT 16036,,,,,,TT17536,,,,,,,TT18036,,,,,,,TT22036,,,,,,,TT22060,,,TT22548,,,,TT24036,,,,TT26048,,,,TT26060,,,JT15024,,,200TT36,,,,200TT48,,,,300tt48AH,,,,TT30060AH,,,,"Lithium 
Batt",,,,,"1350
ESS
12.8","2500
ESS
25.6","I POWER
Retail","I POWER
Retail","I POWER
Retail","I POWER
Retail","Lithium  (100ah)
Inverter   Batt",,,,,"1600
E-R ",,"1800
E-R ",,80Z,,92Z,,105Z,,"38B
20L","5662
81",330 W,,325 W,,165 W,,150 W,,"550
W",200,125,170,260,270,335,550,550,540,"40
W","545
W","50
w",550,550,100,"50
epro","590
w","160
W","595
w","570
w","585
Top Con",545,110w,620W,330,1050,1350,"1350
sal",2350,3500,5500,"1700
mtk","1850
LUM",1000,2000,1350,40amp,16MM,24v
,,,,,,,,,,,,sy,Slt,sb,P,Liv,Liv.A,Other,SY,SL,SB,sy,Slt,sb,P,Liv,Liv.A,Oth.,sy,Slt,sb,P,Liv,Liv.A,Oth.,sy,Slt,sb,P,Liv,Liv.A,Other,sy,Slt,sb,P,Liv,Liv.A,Other,SY,SL,Sb,Liv,Liv.A,P,sy,Slt,sb,P,Liv,Liv.A,Other,sy,Slt,sb,P,Liv,Liv.A,Other,sy,Slt,sb,P,Liv,Liv.A,Other,sy,Slt,sb,sy,Slt,sb,Liv.A,sy,Slt,sb,P,sy,Slt,sb,P,sy,Slt,sb,sy,Slt,pl,sy,Slt,sb,P,sy,Slt,sb,P,sy,Slt,sb,P,sy,Slt,sb,P,sy,PL,slt,con,charg.,,,"SYLE
51272","SYLE
25660","SYLE
25672","SYLE
12872","sy
51.2","SYLE
25.6V/2350","SYLE
12860","SAL
12860",,sy,P,sy,P,SY,LIV.A,SY,sal,SY,sal,,,MTK,LUM,MTK,LUM,MTK,LUM,MTK,LUM,East,,Palza,LUM,MTK,Lum,LUM,LUM,EXI,EXI,MTK,MTK,,MTK,AMG,Exi,,,EXI,,,MTK,SY,,,,INV,INV,INV,INV,INV,inv,UPS,UPS,PCB,PCB,PCB,DC Fuse,wire,
16-6-2025,HR35,Ravinder Sir,15-5-2025,16-6-2025,,Chahal Meham,,,,With Mat 120 Cheque,24,,,,,,,,10,,,,,,,,,,,,,,,,,,,,,,,,,,,,,,,,,,,,,6,,,,,,,,,,,,,,,,,,,,,,,,,,,,,,,,,,,,,,,,,,,,,,,,,,,,,,,,,,,,,,,,,,,,,,,,,,,,,,,,,,,,,,,,,,8,,,,,,,,,,,,,,,,,,,,,,,,,,,,,,,,,,,,,,,,,,,
27-6-2025,HR151,Jagat Sir,13-6-2025,27-6-2025,,Shiva Enterprises Palwal,,,,,50,,,,,,,,,,,,,,,15,,,,,,,,,,,,,,,,,,,,,,,,,,,,,,17,,,,8,10,,,,,,,,,,,,,,,,,,,,,,,,,,,,,,,,,,,,,,,,,,,,,,,,,,,,,,,,,,,,,,,,,,,,,,,,,,,,,,,,,,,,,,,,,,,,,,,,,,,,,,,,,,,,,,,,,,,,,,,,,,,,,,,,
21-6-2025,HR152,Rajesh Sir,14-6-2025,21-6-2025,,Vikash Elc Service Centre Hisar,,,,,18,,,,,,,,,,,,,,,,,,,,,,,,,,,,,,,,,,,,,,,,,,,,,3,,,,,,,15,,,,,,,,,,,,,,,,,,,,,,,,,,,,,,,,,,,,,,,,,,,,,,,,,,,,,,,,,,,,,,,,,,,,,,,,,,,,,,,,,,,,,,,,,,,,,,,,,,,,,,,,,,,,,,,,,,,,,,,,,,,,,,
23-6-2025,HR159,Manoj Sir,17-6-2025,23-6-2025,,Bala Ji Battery Bareilly,,,,,55,,,,,,,,,,,,,,,,,,,,,,,,,,,,,,,,,,,,,,,,,,,,,28,,,,,,,,,,,,,,20,,,,,,,,,,,,,,,,,,,,,,,,,,,,,,,,,,,,,,,,,,,,,,,,,,,,,,,,,,,,,,,,,,,,,,,,,,,,,,,,7,,,,,,,,,,,,,,,,,,,,,,,,,,,,,,,,,,,,,,,
21-6-2025,HR165,Akash Sir,19-6-2025,21-6-2025,,Prakashmay Power Solution Bulandshahr ,,,,,100,,,,,,,,,,,,20,,,,,,,,,,,,,,,,,,,,,,,,,,,,,,,,,,40,,,,20,,,20,,,,,,,,,,,,,,,,,,,,,,,,,,,,,,,,,,,,,,,,,,,,,,,,,,,,,,,,,,,,,,,,,,,,,,,,,,,,,,,,,,,,,,,,,,,,,,,,,,,,,,,,,,,,,,,,,,,,,,,,,,,,,
21-6-2025,HR167,Rajesh Sir,21-6-2025,21-6-2025,,Verma Inverter Batt Service Centre Hisar,,,,,22,,,,,,,,,,,,,,,,,,,,,,,,,,,,,,,,,,,,,,,,,,,,,,,,,,,,10,3,,,,5,,,2,,,,2,,,,,,,,,,,,,,,,,,,,,,,,,,,,,,,,,,,,,,,,,,,,,,,,,,,,,,,,,,,,,,,,,,,,,,,,,,,,,,,,,,,,,,,,,,,,,,,,,,,,,,,,,,,,,,,,,,
21-6-2025,HR170,Ramdutt Sir,21-6-2025,21-6-2025,,Davik Inverter Battery Service Centre Palwal,Service Centre,,"3 pcb 1050
1 pcb 1350",,0,,,,,,,,,,,,,,,,,,,,,,,,,,,,,,,,,,,,,,,,,,,,,,,,,,,,,,,,,,,,,,,,,,,,,,,,,,,,,,,,,,,,,,,,,,,,,,,,,,,,,,,,,,,,,,,,,,,,,,,,,,,,,,,,,,,,,,,,,,,,,,,,,,,,,,,,,,,,,,,,,,,,,,,,,,,,,,,,,,
27-6-2025,HR178,Salman Sir,24-6-2025,27-6-2025,30-6-2025,Jhilmil Elrctronics & Inverter Battery House Mainpuri,,,,,61,,,,,,,,,,,,,,,,,,,,,,,,,,,,,,,,,,,,,,,,10,,,,,,15,,,,,,,,,,,,,,12,,,,,,,10,,,,,,,,,,,,,,,,,,,,,5,,,,,,,,,,,,,,,,,,,,,,,,,,,,,,,,,,,,,,,,,,,,,,,4,,,,,,,,,,,,,,,,,,,5,,,,,,,,,,,,,,,,,,,,,,,,
25-6-2025,HR181,Rajesh Sir,24-6-2025,25-6-2025,,Kalka Enterprises Service Centre Gurgaon,,,,,29,,,,,,,,,,,10,,,,,,,,,,,,,,2,,,,,,,,,,,,,,,,,,,,,,,,,,,10,2,,,,3,,2,,,,,,,,,,,,,,,,,,,,,,,,,,,,,,,,,,,,,,,,,,,,,,,,,,,,,,,,,,,,,,,,,,,,,,,,,,,,,,,,,,,,,,,,,,,,,,,,,,,,,,,,,,,,,,,,,,,,,,,
26-6-2025,HR183,Salman Sir,25-6-2025,26-6-2025,28-6-2025,Chauhan baattery Mainpuri,,,,1 lac with mat,61,,,,,,,,,,,,,,,,,,,,,,,,,,,,,,,,,,,,,,,10,,,,,,22,,,,,,,,,,,,,,10,,,,,,,,,,,,,,,,,,,,,,,,,,,,10,,,,,,,,,,,,,,,,,,,,,,,,,,,,,,,,,,,,,,,,,,,,,,,,,,,,,,,,,,,,,,,,,,,9,,,,,,,,,,,,,,,,,,,,,,,,
28-5-2026,HR984(B),Arun Sir,12-4-2025,28-5-2026,,D.R Radio Charkhi Dadri (Order B),,,,,40,,8,,,,,,,12,,,,,,,,,,,,,,,,,,,,,,,,,,,,,,,,,,,,,20,,,,,,,,,,,,,,,,,,,,,,,,,,,,,,,,,,,,,,,,,,,,,,,,,,,,,,,,,,,,,,,,,,,,,,,,,,,,,,,,,,,,,,,,,,,,,10,,,,,,,,,,,,,,,,,,,,,,,,,,,,,,,,,,,,,,,
5-12-2025,HR1021,Prem S. Sir,19-4-2025,12-5-2025,,M.R Enterprises Punhana(Mubarik),,,50 3 PANEL 2 FOC,,55,,,,,,,,,,,4,,,,,4,,4,,,,,4,,,,,,,,,,,,,,,,,,,,,,2,,,,,,,8,,,,,8,,4,,,,2,4,,,,,,,,,,,,,,,,,,,,,,,4,,,4,,,,,,,,,,,,,,,,,,,,,,,,,,,,,,,,,,,,,,,,,,,,,,,,,3,,,,,,,,,,,,,,,,,,,,,,,,,,,,,,,,,,,,,,,
16-5-2025,HR1029(C),Chander Sir,21-4-2025,16-5-2025,25 PC APP,Guru Nanak Elc.Ellenabad(Order C),,,,WITH MAT.50K,25,,,,,,,,,,,,,,,,,,,,,,,,,,,,,,,,,,,,,,,,,,,,,15,,,,,,,,,,,,,,,,,,,,,,,,,,,,,,,,,,,,,,,,,,5,,,,5,,,,,,,,,,,,,,,,,,,,,,,,,,,,,,,,,,,,,,,,,,,,,,,,,,,,,,,,,,,,,,,,,,,,,,,,,,,,,,,,,,,,,,,
15-5-2025,HR1037,jagat Sir,22-4-2025,15-5-2025,,Shivam Auto Elc. Work Jhirka (Order B),,,"8 FOC TT17536 
50 PE FOC CHECK APRIL",,50,,,,,,,,,,,,,,,,,,,,,,,,,,,,,,,,,,,,,,,,,,,,,,,,,,20,,,,,,,10,,,,,,,20,,,,,,,,,,,,,,,,,,,,,,,,,,,,,,,,,,,,,,,,,,,,,,,,,,,,,,,,,,,,,,,,,,,,,,,,,,,,,,,,,,,,,,,,,,,,,,,,,,,,,,,,,,,,,,,,,,
9-5-2025,HR1046 (A),Salman Sir,24-4-2025,9-5-2025,,Ratan Power System Firozabad (Order A),"New DP-1500-2%-120 (SP)
Panal-17.55 Rs",,,,21,,,,,,,,,,,18,,,,,,,,,,,,,,,,,,,,,,,,,,,,,,,,,,,,,,,,,,,,,,,,,,,,,,,,,,,,,,,,,,,,,,,,,,,,,,,,,,,,,,,,,,,,,,,,,,,,,,,,,,,,,,,,,,,,,,,,,,,,,,,,3,,,,,,,,,,,,,,,,,,,,,,,,,,,,,,,,,,,,,,,
9-5-2025,HR1046 (B),Salman Sir,24-4-2025,9-5-2025,,Ratan Power System Firozabad (Order B),New DP-1500-2%-120 (SP),,2 pc sy tt17536,,34,,,,,,,,,,,12,,,,,,,,,,,,,,,,,,,,,,,,,,,,,,,,,,7,,,,,,,,,,,,,,10,,,,,,,,,,,,,,,,,,5,,,,,,,,,,,,,,,,,,,,,,,,,,,,,,,,,,,,,,,,,,,,,,,,,,,,,,,,,,,,,,,,,,,,,,,,,,,,,,,,,,,,,,,,,,,,,,,,,,,,,
7-5-2025,HR1054 (B),Prince Sir,28-4-2025,7-5-2025,,R.R Enterprises Gajraula Amroha (Order B),"New DP-1500-2%-120 (SP)
Panal-17.55 Rs",,4 pc sy tt17536,,73,,,,,,,,,,,,,,,,,,,,,,,,,,,,,,,,,,,,,,,,,,,,,24,,,,,,,25,,,,,,,10,,,,10,,,,,,,,,,,,,,,,,,,,,,,,,,,,,,,,,,,,,,,,,,,,,,,,,,,,,,,,,,,,,,,,,,,,,,,,,,,,4,,,,,,,,,,,,,,,,,,,,,,,,,,,,,,,,,,,,,,,
6-5-2025,HR1057(B),Chander Sir,29-4-2025,6-5-2025,50 pc aproved,New Unique Ent. Sirsa(Order B),,,,,50,,,,,,,,,,,,,,,,10,,,,,,,,,,,,,,,,,,,,,,,,,,,10,,,,,,,30,,,,,,,,,,,,,,,,,,,,,,,,,,,,,,,,,,,,,,,,,,,,,,,,,,,,,,,,,,,,,,,,,,,,,,,,,,,,,,,,,,,,,,,,,,,,,,,,,,,,,,,,,,,,,,,,,,,,,,,,,,,,,,,,
15-5-2025,HR1062 (B),Arun Sir,30-4-2025,15-5-2025,,Akash Enterprises Mahendergarh (Order B),"New DP-2200-2%-3%
Party Ke amazae Panal Pe Billing",,,,20,,,,,,,,,,,,,,,,,,,,,,,,,,,,,,,,,,,,,,,,,,,,,,16,,,,,,,,,,,,,,,,,,,,,,,,,,,,,,,,,,,,,,,,,,,,,,,,,,,,,,,,,,,,,,,,,,,,,,,,,,,,,,,,,,,,,,,,,,,,,,,,,,,,,,,,,,,4,,,,,,,,,,,,,,,,,,,,,,,,,
22-5-2025,HR1062 (C),Arun Sir,30-4-2025,22-5-2025,,Akash Enterprises Mahendergarh (Order C),"New DP-2200-2%-3%
Party Ke amazae Panal Pe Billing",,,,76,,48,,,,,,,,,,,,,,,,,,,,,,,,,,,,,,,,,,,,,,16,,,,,,,,,,,,,,,,,,,,,,,,,,,,,,,,,,,,,,,,,,,,,,,,,,,,,,,,,,,,,,,,,,,,,,,,,,,,,,,,,,,,,,,,,,,,,,,,,,,,,,,,,,,,,,,,,12,,,,,,,,,,,,,,,,,,,,,,,,,
19-5-2025,HR1063(B),jagat Sir,26-4-2025,19-5-2025, ,Shiva Enterprises Palwal(Order B),,,,3 lac with mat,81,,,,,,,,,,,,,,,,,,,,,,,,,,,,,,,,,,,,,,,,,,,,,,,,,30,30,,,,,,,,,,,,,,,,,,,,,,,,,,,,,,,,,,,,,,,,,,,,,,,,,,,,,,,,,,,,,,,,,,,,,,,,,,,,,,,,,,,,,,,,,21,,,,,,,,,,,,,,,,,,,,,,,,,,,,,,,,,,,,,,,
2-5-2025,HR1068,Akash Sir,2-5-2025,2-5-2025,,Prakashmy Power Solution Bulandshahr ,New DP-2200-2%, ,,,152,,,,,,,,,,,,,,,,,,,,,,,,,,,,,,,,,,,,,,,,,,,,,,50,,,,,,,30,,,,,,,60,,,,,,,,,,,,,,,,,,,,,,,,,,,,,,,,12,,,,,,,,,,,,,,,,,,,,,,,,,,,,,,,,,,,,,,,,,,,,,,,,,,,,,,,,,,,,,,,,,,,,,,,,,,,,,,,,,,,,,,
19-5-2025,HR1070,Prem S. Sir,2-5-2025,19-5-2025,,Sahun Inverter Battery Punhana,, ,,140k with mat,50,,,,,,,,,,,,10,,,,,,,,,,,,,,,,,,,,,,,,,,,,,,,,,,12,,,,,,,12,,,,,,,16,,,,,,,,,,,,,,,,,,,,,,,,,,,,,,,,,,,,,,,,,,,,,,,,,,,,,,,,,,,,,,,,,,,,,,,,,,,,,,,,,,,,,,,,,,,,,,,,,,,,,,,,,,,,,,,,,,,,,,
13-5-2025,HR1072,Ravinder Sir,5-5-2025,13-5-2025,,T.R. Electronic Bhadra(Tulsha Ram),,,,,20,,,,,,,,,,,20,,,,,,,,,,,,,,,,,,,,,,,,,,,,,,,,,,,,,,,,,,,,,,,,,,,,,,,,,,,,,,,,,,,,,,,,,,,,,,,,,,,,,,,,,,,,,,,,,,,,,,,,,,,,,,,,,,,,,,,,,,,,,,,,,,,,,,,,,,,,,,,,,,,,,,,,,,,,,,,,,,,,,,,
22-5-2025,HR1074,Salman Sir,5-5-2025,22-5-2025,50 pc aproved,Sun Light Batteries Mathura,"New DP-1500-2%-120 (SP)
Panal-17.55 Rs",18-5-25,12 pc sy tt17536,1.5 with in 2 days,67,,,,,,,,,,,,,,,,,,,,,,,,,,,,,,,,,,,,,,,30,,,,,,22,,,,,,,,,,,,,,10,,,,,,,,,,,,,,,,,,,,,,,,,,,,,,,,,,,,,,,,,,,,,,,,,,,,,,,,,,,,,,,,,,,,,,,,,,,,,,,,5,,,,,,,,,,,,,,,,,,,,,,,,,,,,,,,,,,,,,,,
"23-5-2025
24-5-2025",HR1075,Salman Sir,5-5-2025,"23-5-2025
24-5-2025","40pc aproved
10 pc app",Murti Battery Agra,New DP-1500-2%,20-5-25,2 pc sy tt17536,,52,,,,,,,,,,,,,,,,,,,,,,,,,,,,,,,,,,,,,,,10,,,,,,32,10,,,,,,,,,,,,,,,,,,,,,,,,,,,,,,,,,,,,,,,,,,,,,,,,,,,,,,,,,,,,,,,,,,,,,,,,,,,,,,,,,,,,,,,,,,,,,,,,,,,,,,,,,,,,,,,,,,,,,,,,,,,,,,,,,,,,
14-5-2025,HR1076,Salman Sir,5-5-2025,14-5-2025,50pc aproved,Chauhan Battery House Mainpuri,"New DP-1500-2%-120 (SP)
Panal-17.55 Rs",15-5-25,"10 pc sy tt17536
8 Old/2 Current",all paymnt with in 15 days,63,,,,,,,,,,,,,,,,,,,,,,,,,,,,,,,,,,,,,,,10,,,,,,40,,,,,,,,,,,,,,,,,,,,,,,,,,,,,,,,,,,,,,,,,,10,,,,,,,,,,,,,,,,,,,,,,,,,,,,,,,,,,,,,,,,,,,,,,,,,,,,3,,,,,,,,,,,,,,,,,,,,,,,,,,,,,,,,,,,,,,,
10-5-2025,HR04,Rambir Sir,7-5-2025,10-5-2025,,Bhutani Traders Hisar,"DP-1500-2%-3%-200-3%
165 mtk-24",,foc bangkok Sch.,,56,,,,,,,,,,,,,,,,,,,,,,,,,,,,,,,,,,,,,,,,,,,,,,,,,,56,,,,,,,,,,,,,,,,,,,,,,,,,,,,,,,,,,,,,,,,,,,,,,,,,,,,,,,,,,,,,,,,,,,,,,,,,,,,,,,,,,,,,,,,,,,,,,,,,,,,,,,,,,,,,,,,,,,,,,,,,,,,,,,,
9-5-2025,HR06,Kishor Sir,7-5-2025,9-5-2025,,Dahiya Battery Hisar,,,,,10,,,,,,,,,,,,3,,,,,,,,,,,,,,5,,,,,,,,,,,,,,,,,,,,2,,,,,,,,,,,,,,,,,,,,,,,,,,,,,,,,,,,,,,,,,,,,,,,,,,,,,,,,,,,,,,,,,,,,,,,,,,,,,,,,,,,,,,,,,,,,,,,,,,,,,,,,,,,,,,,,,,,,,,,,,,,,,,,,,,,,
5-10-2025,HR08,Ravinder Sir,8-5-2025,5-10-2025,,R.K Battery Hansi,,,,,50,,,,,,,,,,,,,,,,,,,,,,,,,,,,,,,,,,,,,,,,,,,,,50,,,,,,,,,,,,,,,,,,,,,,,,,,,,,,,,,,,,,,,,,,,,,,,,,,,,,,,,,,,,,,,,,,,,,,,,,,,,,,,,,,,,,,,,,,,,,,,,,,,,,,,,,,,,,,,,,,,,,,,,,,,,,,,,,,,,,
19-5-2025,HR09(A),Chander Sir,8-5-2025,19-5-2025,50pc aproved,New Unique Ent. Sirsa(Order A),,,,,50,,,,,,,,,,,,,,,,5,,,,,,,,,,,,,,,,,,,,,,,,,,,,,,,,,,10,,,,,,,,,10,,,,,10,,,,,,,,,,,,,,,,,,,,,,,,,,,15,,,,,,,,,,,,,,,,,,,,,,,,,,,,,,,,,,,,,,,,,,,,,,,,,,,,,,,,,,,,,,,,,,,,,,,,,,,,,,,,,,,,,,,
10-5-2025,HR10,Rajesh Sir,9-5-2025,10-5-2025,,Davik Inverter Battery Service Centre Palwal,Service Centre,,,,18,,,,,,,,,,,,,,,,,,,,,,,,,2,,,,,,,,,,,,,,,,,,,,2,,,,,,,6,,,,,4,,4,,,,,,,,,,,,,,,,,,,,,,,,,,,,,,,,,,,,,,,,,,,,,,,,,,,,,,,,,,,,,,,,,,,,,,,,,,,,,,,,,,,,,,,,,,,,,,,,,,,,,,,,,,,,,,,,,,,,,,,
10-5-2025,HR11,Rajesh Sir,9-5-2025,10-5-2025,,Vikash Elc Service Centre Hisar,Service Centre,,,,22,,,,,,,,,,,2,,,,,,,,,,,,,,,,,,,,,,,,,,,,2,,,,,,3,,,,,,,15,,,,,,,,,,,,,,,,,,,,,,,,,,,,,,,,,,,,,,,,,,,,,,,,,,,,,,,,,,,,,,,,,,,,,,,,,,,,,,,,,,,,,,,,,,,,,,,,,,,,,,,,,,,,,,,,,,,,,,,,,,,,,,
10-5-2025,HR12,Neeraj Sir,9-5-2025,10-5-2025,,Haseen Batteries Meerut,"New DP-2200-2%-3%cd
-4%-200 (SP)
Panal-17.55 Rs-3% cd  ",,,,90,,,,,,,,,,,,,,,,,,,,,,,,,,,,,,,,,,,,,,,,,,,,,52,,,,,,,12,,,,,,,,,,,,,,,,,,,,,,,,,,,,,,,,,,,,,,,,8,,,,,,,,,,,,,,,,,,,,,,,,,,,,,,,,,,,,,,,,,,,,,,,18,,,,,,,,,,,,,,,,,,,,,,,,,,,,,,,,,,,,,,,
5-9-2025,HR13,Arun Sir,9-5-2025,9-5-2025,12 pcs approved,S K Group Bhojawas,"New DP-2000-2%-3% cd
Panal-17.55 Rs",,,,15,,,,,,,,,,,,,,,,,,,,,,,,,,,,,,,,,,,,,,,,,,,,,,,,,,,,,,,,,,,,,,,12,,,,,,,,,,,,,,,,,,,,,,,,,,,,,,,,,,,,,,,,,,,,,,,,,,,,,,,,,,,,,,,,,,,,,,,,,,,,3,,,,,,,,,,,,,,,,,,,,,,,,,,,,,,,,,,,,,,,
14-4-2025,HR971 (B),Arun Sir,9-4-2025,14-4-2025,,S K Group Bhojawas (Order B),Old DP-1400-2%-3% cd,,2 pc slt tt17536,,9,,,,,,,,,,,,,,,,,,,,,,,,,,,,,,,,,,,,,,,,,,,,,,,,,2,,,,,,,7,,,,,,,,,,,,,,,,,,,,,,,,,,,,,,,,,,,,,,,,,,,,,,,,,,,,,,,,,,,,,,,,,,,,,,,,,,,,,,,,,,,,,,,,,,,,,,,,,,,,,,,,,,,,,,,,,,,,,,,,,,
16-5-2025,HR14,jagat Sir,9-5-2025,16-5-2025,19-5-2025,Shiva Enterprises Palwal,"New DP-1500-2%
Panal-17.55 Rs",,,,55,,,,,,,,,,,,,,,,,,,,,,,,,,,,,,,,,,,,,,,,,,,,,10,,,,10,22,,,,,,,,,,,,,10,,,,,,,,,,,,,,,,,,,,,,,,,,,,,,,,,,,,,,,,,,,,,,,,,,,,,,,,,,,,,,,,,,,,,,,,,,,,3,,,,,,,,,,,,,,,,,,,,,,,,,,,,,,,,,,,,,,,
15-5-2025,HR16,Salman Sir,9-5-2025,15-5-2025,,Shubh Battery House Mathura (NBD),"New DP-1500-2%-3% cd -
120 (SP) Panal-21.60 Rs-3% cd",,,,59,,,,,,,,,,,,,,,,,,,,,,,,,,,,,,,,,,,,,,,,,,,,,,30,,,,,,,,,,,,,,10,,,,,,,,,,,,,,5,,,,,,,,,,,,,,5,,,,,,,,,,,,,,,,,,,,,,,,,,,,,,,,,,,,,,,,,,,,,,,,,,,,,,,,,,,,,,,,,,9,,,,,,,,,,,,,,,,,,,,,,,,
10-5-2025,HR18,Ravinder Sir,9-5-2025,10-5-2025,,Gautam Elc. Julana,,,,,15,,,,,,,,,,,,,,,,,,,,,,,,,,,,,,,,,,,,,,,5,,,,,,10,,,,,,,,,,,,,,,,,,,,,,,,,,,,,,,,,,,,,,,,,,,,,,,,,,,,,,,,,,,,,,,,,,,,,,,,,,,,,,,,,,,,,,,,,,,,,,,,,,,,,,,,,,,,,,,,,,,,,,,,,,,,,,,,,,,,,
13-5-2025,HR19,Ravinder Sir,10-5-2025,13-5-2025,,Nirnjan Auto Narnound,,,,,15,,,,,,,,,,,,,,,,,,,,,,,,,,,,,,,,,,,,,,,,,,,,,,,,,,,,10,5,,,,,,,,,,,,,,,,,,,,,,,,,,,,,,,,,,,,,,,,,,,,,,,,,,,,,,,,,,,,,,,,,,,,,,,,,,,,,,,,,,,,,,,,,,,,,,,,,,,,,,,,,,,,,,,,,,,,,,,,,,,,,
13-5-2025,HR23,Rajesh Sir,13-5-2025,13-5-2025,,Krishna Enterprises Service Centre Sonipat,Service Centre,,,,27,2,3,,,,,,,,,2,3,,,,,,,,,,,,,,,,,,,,,,,,,,,,,,,,,2,2,,,,,,5,5,,,,,,3,,,,,,,,,,,,,,,,,,,,,,,,,,,,,,,,,,,,,,,,,,,,,,,,,,,,,,,,,,,,,,,,,,,,,,,,,,,,,,,,,,,,,,,,,,,,,,,,,,,,,,,,,,,,,,,,,,,,,,,
14-5-2025,HR24,Kaushal Sir,13-5-2025,14-5-2025,,Manglam Battery Fathebad,,,,,50,,,,,,,,50,,,,,,,,,,,,,,,,,,,,,,,,,,,,,,,,,,,,,,,,,,,,,,,,,,,,,,,,,,,,,,,,,,,,,,,,,,,,,,,,,,,,,,,,,,,,,,,,,,,,,,,,,,,,,,,,,,,,,,,,,,,,,,,,,,,,,,,,,,,,,,,,,,,,,,,,,,,,,,,,,,,,,,,,,,
14-5-2025,HR25,Ravinder Sir,13-5-2025,14-5-2025,,Bansal Elc. Uklana,,,,,18,3,,,,,,,,,,3,,,,,,,,,,,,,,,,,,,,,,,,,,,,,,,,,,6,,,,,3,,3,,,,,,,,,,,,,,,,,,,,,,,,,,,,,,,,,,,,,,,,,,,,,,,,,,,,,,,,,,,,,,,,,,,,,,,,,,,,,,,,,,,,,,,,,,,,,,,,,,,,,,,,,,,,,,,,,,,,,,,,,,,,,,
16-5-2025,HR32(A),jagat Sir,14-5-2025,16-5-2025,50pc aproved,Prem Power Solution Hathin(Order A),,,,,50,,,,,,,,,,,,,,,,,,,,,,,,,,,,,,,,,,,,,,,,,,,,,15,,,,10,15,,,,,,,,,,,,,,,,,,,,,,,,,,,,,,,,,,,,,10,,,,,,,,,,,,,,,,,,,,,,,,,,,,,,,,,,,,,,,,,,,,,,,,,,,,,,,,,,,,,,,,,,,,,,,,,,,,,,,,,,,,,,,,,,,
15-5-2025,HR33,Ravinder Sir,15-5-2025,15-5-2025,8 pc aproved,Verma Elc. Nohar,,,,,8,,,,,,,,,,,,,,,,,,,,,,,,,,,,,,,,,,,,,,,1,,,,,,,,,,,,,,,,,,,,,,,,,,,,,,,,,,,,,,,,,,,,,7,,,,,,,,,,,,,,,,,,,,,,,,,,,,,,,,,,,,,,,,,,,,,,,,,,,,,,,,,,,,,,,,,,,,,,,,,,,,,,,,,,,,,,,,,,,,,,
16-5-2025,HR38,Rajesh Sir,15-5-2025,16-5-2025,,Hanumant Traders Service Centre Meham,,,,,17,,,,,,,,,,,3,,,,,2,,,,,,,,,,,,,,,,,,,,,,,,,,,,,,,,,,,,5,,,,,5,,,,,,,2,,,,,,,,,,,,,,,,,,,,,,,,,,,,,,,,,,,,,,,,,,,,,,,,,,,,,,,,,,,,,,,,,,,,,,,,,,,,,,,,,,,,,,,,,,,,,,,,,,,,,,,,,,,,,,,,,,
19-5-2025,HR39,Arun Sir,16-5-2025,19-5-2025,,Jai Durga Kanina (Yadav),Deal,,,,23,,,,,,,,4,,,12,,,,,,,,,,,,,,,,,,,,,,,,,,,,,,,,,,2,,,,,,,,,,,,,,,,,,,,,,,,,,,,,,,,,,,,,,,,,,,,,,,,,,,,,,,,,,,,,,,,,,,,,,,,,,,,,,,,,,,,,,,,,,3,,,,2,,,,,,,,,,,,,,,,,,,,,,,,,,,,,,,,,,,,,,,
21-5-2025,HR42,Ravinder Sir,16-5-2025,21-5-2025, ,Verma Elc. Nohar,DP-1500-2%-200mbf,,,,40,2,,,,,,,,,,,,,,,,,,,,,,,,,,,,,,,,,,,,,,4,,,,,,12,,,,,,,,,,,,,,10,,,,,,,,,,,,,,,,,,,,,,,,,,,,12,,,,,,,,,,,,,,,,,,,,,,,,,,,,,,,,,,,,,,,,,,,,,,,,,,,,,,,,,,,,,,,,,,,,,,,,,,,,,,,,,,,,,,,,,,,
19-5-2025,HR46,Rajesh Claim,19-5-2025,19-5-2025,,Vikash Elc Service Centre Hisar,Service Centre,,,,21,,,,,,,,,,,2,,,,,,,,,,,,,,,,,,,,,,,,,,,,,,,,,,3,,,,,,,12,,,,,,,4,,,,,,,,,,,,,,,,,,,,,,,,,,,,,,,,,,,,,,,,,,,,,,,,,,,,,,,,,,,,,,,,,,,,,,,,,,,,,,,,,,,,,,,,,,,,,,,,,,,,,,,,,,,,,,,,,,,,,,,
19-5-2025,HR47,Sunil Sir,19-5-2025,19-5-2025,,Dahiya Battery Hisar,,,,,10,,1,,,,,,,,,,3,,,,,,,5,,,,,,,1,,,,,,,,,,,,,,,,,,,,,,,,,,,,,,,,,,,,,,,,,,,,,,,,,,,,,,,,,,,,,,,,,,,,,,,,,,,,,,,,,,,,,,,,,,,,,,,,,,,,,,,,,,,,,,,,,,,,,,,,,,,,,,,,,,,,,,,,,,,,,,,,,,,,,,,,
19-5-2025,HR48,Rambir Sir,15-5-2025,19-5-2025,,Sunlight Battrey Fathebad,,,,,10,,,,,,,,,,,,,,,,,,,,,,,,,,,,,,,,,,,,,,,,,,,,,,,,,5,,,,,,,,,,,,,,2,,,,,,,,,,,,,,,,,,,,,,,,,,,,3,,,,,,,,,,,,,,,,,,,,,,,,,,,,,,,,,,,,,,,,,,,,,,,,,,,,,,,,,,,,,,,,,,,,,,,,,,,,,,,,,,,,,,,
21-5-2025,HR53,Sunil Sir,21-5-2025,21-5-2025,,Dahiya Battery Hisar,,,,,10,,10,,,,,,,,,,,,,,,,,,,,,,,,,,,,,,,,,,,,,,,,,,,,,,,,,,,,,,,,,,,,,,,,,,,,,,,,,,,,,,,,,,,,,,,,,,,,,,,,,,,,,,,,,,,,,,,,,,,,,,,,,,,,,,,,,,,,,,,,,,,,,,,,,,,,,,,,,,,,,,,,,,,,,,,,,,,,,,,,
22-5-2025,HR56(A),jagat Sir,21-5-2025,22-5-2025,,Shivam Auto Elc. Work Jhirka (Order A),,,,psp,50,,,,,,,,,,,,,,,,,,,,,,,,,,,,,,,,,,,,,,,,,,,,,,,,,,,,,,,,,,,,25,,,,25,,,,,,,,,,,,,,,,,,,,,,,,,,,,,,,,,,,,,,,,,,,,,,,,,,,,,,,,,,,,,,,,,,,,,,,,,,,,,,,,,,,,,,,,,,,,,,,,,,,,,,,,,,,,,,,,,,
6-5-2025,HR1073,Rambir Sir,5-5-2025,6-5-2025,,Bhutani Traders Hisar,,,,,200,10,,,,,10,,,,,30,,,,,30,,,,,,,,,,,,,,,,,,,,,,,,,,,,,40,,,,,30,,,,,,,10,,20,,,,,20,,,,,,,,,,,,,,,,,,,,,,,10,,,,,,,,,,,,,,,,,,,,,,,,,,,,,,,,,,,,,,,,,,,,,,,,,,,,,,,,,,,,,,,,,,,,,,,,,,,,,,,,,,,,,,,,,,,
8-5-2025,HR03,Arun Sir,6-5-2025,8-5-2025,,Manjeet Battery House Dadri,mbf,,,,20,,,,,,,,,,,,,,,,,,,,,,,,,,,,,,,,,,,,,,,,,,,,,20,,,,,,,,,,,,,,,,,,,,,,,,,,,,,,,,,,,,,,,,,,,,,,,,,,,,,,,,,,,,,,,,,,,,,,,,,,,,,,,,,,,,,,,,,,,,,,,,,,,,,,,,,,,,,,,,,,,,,,,,,,,,,,,,,,,,,
9-5-2025,HR05,Rambir Sir,7-5-2025,9-5-2025,,Raja Traders Hisar,,,"5 PC 12VOLT
5 PC 24VOLT
1 PC 48VOLT LITHIUM100",,0,,,,,,,,,,,,,,,,,,,,,,,,,,,,,,,,,,,,,,,,,,,,,,,,,,,,,,,,,,,,,,,,,,,,,,,,,,,,,,,,,,,,,,,,,,,,,,,,,,,,,,,,,,,,,,,,,,,,,,,,,,,,,,,,,,,,,,,,,,,,,,,,,,,,,,,,,,,,,,,,,,,,,,,,,,,,,,,,,,
21-5-2025,HR07,Manoj Sir,8-5-2025,21-5-2025,,Shree Balaji Battery Bareilly ,"New DP-2200-2%
Panal-17.55 Rs",,,,52,,,,,,,,,,,8,,,,,,,,,,,,,,,,,,,,,,,,,,,,,,,,,,44,,,,,,,,,,,,,,,,,,,,,,,,,,,,,,,,,,,,,,,,,,,,,,,,,,,,,,,,,,,,,,,,,,,,,,,,,,,,,,,,,,,,,,,,,,,,,,13,,,,,,,,,,,,,,,,,,,,,,,,,,,,,,,,,,,,,,,
28-5-2025,HR09(B),Chander Sir,8-5-2025,28-5-2025,40pc aproved,New Unique Ent. Sirsa(Order B),,,,,40,,,,,,,,,,,,,,,,,,,,,,,,,,,,,,,,,,,,,,,,,,,,,,,,,,20,,,,,,,20,,,,,,,,,,,,,,,,,,,,,,,,,,,,,,,,,,,,,,,,,,,,,,,,,,,,,,,,,,,,,,,,,,,,,,,,,,,,,,,,,,,,,,,,,,,,,,,,,,,,,,,,,,,,,,,,,,,,,,,,,
22-5-2025,HR09(C),Chander Sir,8-5-2025,22-5-2025,40pc aproved,New Unique Ent. Sirsa(Order C),,,,,40,,,,,,,,,,,,,,,,15,,,,,,,,,,,,,,,,,,,,,,,,,,,,,,,,,,,,,,,,,10,,,,,,,15,,,,,,,,,,,,,,,,,,,,,,,,,,,,,,,,,,,,,,,,,,,,,,,,,,,,,,,,,,,,,,,,,,,,,,,,,,,,,,,,,,,,,,,,,,,,,,,,,,,,,,,,,,,,,,,,,,
10-5-2025,HR15,Kaushal Sir,9-5-2025,10-5-2025,262k tk,Atul Auto Jhajjar,,,,,30,,,,,,,,,,,,15,,,,,,,,,,,,,,,,,,,,,,,,,,,,,,,,,,,,,,,,,15,,,,,,,,,,,,,,,,,,,,,,,,,,,,,,,,,,,,,,,,,,,,,,,,,,,,,,,,,,,,,,,,,,,,,,,,,,,,,,,,,,,,,,,,,,,,,,,,,,,,,,,,,,,,,,,,,,,,,,,,,,,,,
10-5-2025,HR17,Rambir Sir,9-5-2025,10-5-2025,,Guru Nanak Hisar,,,,,36,,,,,,,12,,,,,,,,,,12,,,,,,,,,,,,,,,,,,,,,,,,,,,,,,,,,,12,,,,,,,,,,,,,,,,,,,,,,,,,,,,,,,,,,,,,,,,,,,,,,,,,,,,,,,,,,,,,,,,,,,,,,,,,,,,,,,,,,,,,,,,,,,,,,,,,,,,,,,,,,,,,,,,,,,,,,,,,,,,,,,
31-5-2025,HR20,Kaushal Sir,12-5-2025,31-5-2025,,Aggarwal Ent. Alwar,,,,with mat 1.5 lac,45,,,,,,,,,,,,,,,,,,,,,,,,,,,,,,,,,,,,,,,,,,,,,,,,,,,,,,,,,20,,,,,,,20,,,,,,,,,,,,,,,,,5,,,,,,,,,,,,,,,,,,,,,,,,,,,,,,,,,,,,,,,,,,,,,,,,,,,,,,,,,,,,,,,,,,,,,,,,,,,,,,,,,,,,,,,,,,,,,,,,,
22-5-2025,HR21 (A),Prince Sir,12-5-2025,22-5-2025,,R.R Enterprises Gajraula Amroha (Order A),"New DP-1500-2%-120 (SP)
Panal-17.55 Rs",,,,43,,,,,,,,,,,,,,,,,,,,,,,,,,,,,,,,,,,,,,,,,,,,,,,,,,,,,,,,,,,,,,,,,,,,,,,,,,,,,,,,,,,,,,,40,,,,,,,,,,,,,,,,,,,,,,,,,,,,,,,,,,,,,,,,,,,,,,,,,,,,3,,,,,,,,,,,,,,,,,,,,,,,,,,,,,,,,,,,,,,,
22-5-2025,HR21 (B),Prince Sir,12-5-2025,22-5-2025,,R.R Enterprises Gajraula Amroha (Order B),"New DP-1500-2%-120 (SP)
Panal-17.55 Rs",,4 pc sy tt17536,,67,,,,,,,,,,,,,,,,,,,,,,,,,,,,,,,,,,,,,,,,,,,,,4,,,,,,,20,,,,,,,40,,,,,,,,,,,,,,,,,,,,,,,,,,,,,,,,,,,,,,,,,,,,,,,,,,,,,,,,,,,,,,,,,,,,,,,,,,,,,,,,3,,,,,,,,,,,,,,,,,,,,,,,,,,,,,,,,,,,,,,,
30-5-2025,HR22 (A),Prince Sir,12-5-2025,30-5-2025,70 pc aproved,"M/S Vakeel Battery Parts Najibabad Bijnor
(Order A)","New DP-1500-2%-3% cd
-120 (SP) Panal-17.55 Rs",,,,74,,,,,,,,,,,,,,,,,,,,,,,,,,,,,,,,,,,,,,,,,,,,,,30,,,,15,,,,,,,,,,10,,,,15,,,,,,,,,,,,,,,,,,,,,,,,,,,,,,,,,,,,,,,,,,,,,,,,,,,,,,,,,,,,,,,,,,,,,,,,,,,4,,,,,,,,,,,,,,,,,,,,,,,,,,,,,,,,,,,,,,,
13-5-2025,HR26,Kishor Sir,13-5-2025,13-5-2025,,Raja Traders Hisar,,,,,3,,,,,,,,,,,,,,,,,,,,,,,,,,2,,,,,,,,,,,,,,,,,,,,,,,,,,,,,,,,,,,,,,,,,,,,,,,,,,,,,,,,,,,,,,,,,,,,,,,,,,,,,,,,,,,,,,,,,,,,,,,,,,,,,,,,,,,,,1,,,,,,,,,,,,,,,,,,,,,,,,,,,,,,,,,,,,,,,,,,,
22-5-2025,HR27,Neeraj Sir,14-5-2025,22-5-2025,,Haseen Batteries Meerut,"New DP-2200-2%-3%cd
-4%-200 (SP)
Panal-17.55 Rs-3% cd  ",,,dispatch after 5 lac,120,,,,,,,,,,,,,,,,,,,,,,,,,,,,,,,,,,,,,,,,,,,,,64,,,,,,,16,,,,,,,,,,,,,,,,,,,,,,,,,,,,,,,,,,,8,,,,8,,,,,,,,,,,,,,,,,,,,,,,,,,,,,,,,,,,,,,,,,,,,,,,,24,,,,,,,,,,,,,,,,,,,,,,,,,,,,,,,,,,,,,,,
15-5-2025,HR28,Rambir Sir,14-5-2025,15-5-2025,,Sagar Elc. Hisar,,,,,16,4,,,,,,,4,,,4,,,,,,,,,,,,,,4,,,,,,,,,,,,,,,,,,,,,,,,,,,,,,,,,,,,,,,,,,,,,,,,,,,,,,,,,,,,,,,,,,,,,,,,,,,,,,,,,,,,,,,,,,,,,,,,,,,,,,,,,,,,,,,,,,,,,,,,,,,,,,,,,,,,,,,,,,,,,,,,,,,,,,,,,
16-5-2025,HR29,Rambir Sir,14-5-2025,16-5-2025,,Raja Traders Hisar,,,,,24,,,6,,,,,,,,,,6,,,,,,,,,,,,,,,,,,,,,,,,,,,,6,,,,,,6,,,,,,,,,,,,,,,,,,,,,,,,,,,,,,,,,,,,,,,,,,,,,,,,,,,,,,,,,,,,,,,,,,,,,,,,,,,,,,,,,,,,,,,,,,,,,,,,,,,,,,,,,,,,,,,,,,,,,,,,,,,,,,,,,,,
22-5-2025,HR31,Arun Sir,21-5-2025,22-5-2025,20pc aproved,S K Group Bhojawas,"New DP-1400-2%-120 (SP)
Panal-17.55 Rs",,,1 lac with mat,25,,,,,8,,,,,,,,,,,,,,,,,,,,,,,,,,,,,,,,,,,,,,,,,,,,8,,,,,,,4,,,,,,,,,,,,,,,,,,,,,,,,,,,,,,,,,,,,,,,,,,,,,,,,,,,,,,,,,,,,,,,,,,,,,,,,,,,,,,,,,,,5,,,,,,,,,,,,,,,,,,,,,,,,,,,,,,,,,,,,,,,
20-5-2025,HR32(B),jagat Sir,14-5-2025,20-5-2025,,Prem Power Solution Hathin(Order B),,,,,50,,,,,,,,,,,,,,,,,,,,,,,,,,,,,,,,,,,,,,,,,,,,,15,,,,15,10,,,,,,,,,,,,,,10,,,,,,,,,,,,,,,,,,,,,,,,,,,,,,,,,,,,,,,,,,,,,,,,,,,,,,,,,,,,,,,,,,,,,,,,,,,,,,,,,,,,,,,,,,,,,,,,,,,,,,,,,,,,,,,,,,
30-5-2025,HR34,Prem S. Sir,15-5-2025,30-5-2025,,V Tek System Ballabhgarh,,,,,40,,,,,,,,,,,15,,,,,,,5,,,,,,,10,,,,,,,,,,,,,,,,,,,,,,,,,,,,,,,,,,,,,,,,,,,,,,,,,,,,,,,,,,,,,,10,,,,,,,,,,,,,,,,,,,,,,,,,,,,,,,,,,,,,,,,,,,,,,,,,,,,,,,,,,,,,,,,,,,,,,,,,,,,,,,,,,,,,,,,,,,
26-5-2025,HR40,Salman Sir,16-5-2025,26-5-2025,,Ratan Power System Firozabad,"New DP-1500-2%-120 (SP)
550v-17.55 Rs
100v-21.60 Rs
JT19036 New DP-2200-2%
Panal-21.60 Rs",,,,68,,,,,,,,,,,30,,,,,,,6,,,,,,,,,,,,,,,,,,,,,,,,,,,7,,,,,,,,,,,,,,15,,,,,,,,,,,,,,,,,,,,,,,,,,,,,,,,,,,,,,,,,,,,,,,,,,,,,,,,,,,,,,,,,,,,,,,,,,,,,,,,1,,,,,,,,,,,,,,,9,,,,,,,,,,,,,,,,,,,,,,,,
6-3-2025,HR41,Rajesh Sir,16-5-2025,3-6-2025,,Krishna Enterprises Service Centre Sonipat,,,,,26,2,3,,,,,,,,,2,3,,,,,,,,,,,,,,,,,,,,,,,,,,,,,,,,,2,2,,,,,,5,5,,,,,,2,,,,,,,,,,,,,,,,,,,,,,,,,,,,,,,,,,,,,,,,,,,,,,,,,,,,,,,,,,,,,,,,,,,,,,,,,,,,,,,,,,,,,,,,,,,,,,,,,,,,,,,,,,,,,,,,,,,,,,,
3-6-2025,HR44(B),Chander Sir,17-5-2025,3-6-2025,,"Guru Nanak Elc, Ellenabad(Order B)",,,,2 lac before dispatch,20,,,,,,,,,,,,,,,,,,,,,,,,,,,,,,,,,,,,,,,,,,,,,,,,,,,,,,,,,,,,,,,,,,,,,,,,,,,,,,,,,,,,,,,10,,,,10,,,,,,,,,,,,,,,,,,,,,,,,,,,,,,,,,,,,,,,,,,,,,,,,,,,,,,,,,,,,,,,,,,,,,,,,,,,,,,,,,,,,,,,
22-5-2025,HR44(A),Chander Sir,17-5-2025,22-5-2025,,"Guru Nanak Elc, Ellenabad(Order A)",,,,,24,,,,,,,,,,,,,,,,,,,,,,,,,,,,,,,,,,,,,,,,12,,,,,,12,,,,,,,,,,,,,,,,,,,,,,,,,,,,,,,,,,,,,,,,,,,,,,,,,,,,,,,,,,,,,,,,,,,,,,,,,,,,,,,,,,,,,,,,,,,,,,,,,,,,,,,,,,,,,,,,,,,,,,,,,,,,,,,,,,,,
23-5-2025,HR45,Arun Sir,18-5-2025,23-5-2025,40pc aproved,Ajeet Rep. Centre Bawal,"New DP-2000-2%
Panal-17.55 Rs",,,1 lac with mat,50,,,,,,,,,,,,,,,,,,4,,,,,,,12,,,,,,,,,,,,,,,,,,,,,,,,,,,,,,,,,,16,,,,,,,,,,,,,,,,,,,,,,,,,,,,8,,,,,,,,,,,,,,,,,,,,,,,,,,,,,,,,,,,,,,,,,,,,,,,,,,,,10,,,,,,,,,,,,,,,,,,,,,,,,,,,,,,,,,,,,,,,
22-5-2025,HR49,jagat Sir,20-5-2025,22-5-2025,50pc aproved,Prem Power Solution Hathin,,,"30 inv-1350
20 inv-2350",Order kam kia hi,55,,,,,,,,,,,,,,,,,,,,,,,,,,,,,,,,,,,,,,,,,,,,,,,,,15,15,,,,,,,,,6,,,,,6,,,,,,,,,,,,,,,,,,,,,,,10,,,,,,,,,,,,,,,,,,,,,,,,,,,,,,,,,,,,,,,,,,,,,,,,,,,,3,,,,,,,,,,,,,,,,,,,,,,,,,,,,,,,,,,,,,,,
22-5-2025,HR50,Ravinder Sir,20-5-2025,22-5-2025,,R.K Power Solution Hansi,,,,with mat 1 lac,40,,,,,,,,,,,,,,,,,,,,,,,,,,,,,,,,,,,,,,,,,,,,,40,,,,,,,,,,,,,,,,,,,,,,,,,,,,,,,,,,,,,,,,,,,,,,,,,,,,,,,,,,,,,,,,,,,,,,,,,,,,,,,,,,,,,,,,,,,,,,,,,,,,,,,,,,,,,,,,,,,,,,,,,,,,,,,,,,,,,
3-6-2025,HR51,Arun Sir,20-5-2025,3-6-2025,111pc aproved,Aggarwal Trading Comp. Narnaul ,,,dispatch after 4 lac,NEW PRICE CONFIRM,111,,,,,,,,10,,,6,,,,,,,15,,,,,,,20,,,,,,,,,,,,,,,,,,,,25,,,,,,,,,,,,,,,,,,,,,,,,,,,,,,,,,,,,,,,,,,15,,,,20,,,,,,,,,,,,,,,,,,,,,,,,,,,,,,,,,,,,,,,,,,,,,,,,,,,,,,,,,,,,,,,,,,,,,,,,,,,,,,,,,,,,,,,
22-5-2025,HR52,Arun Sir,20-5-2025,22-5-2025,25 pcs approved,Bharat Battery & Inverter Dharuhera,New DP-1400-2%-100 (SP),,,,30,,,,,,,,,,,,,,,,,,,5,,,,,,,,,,,,,,,,,,,,,,,,,,,,,,,,,,,,,,,,,5,,,,,,,,,,,,,,4,,,,,,,,,,,6,,,10,,,,,,,,,,,,,,,,,,,,,,,,,,,,,,,,,,,,,,,,,,,,,,,,,,,,,,,,,,,,,,,,,,,,,,,,,,,,,,,,,,,,,,,,,,
22-5-2025,HR54,Rambir Sir,20-5-2025,22-5-2025,,Renewal Solar Energy Siwani,,,,,20,,,,,,,,,,,,8,,,,,,,,,,,,,,,,,,,,,,,,,,,,,,,,,,,,,,,,,,,,,,,,12,,,,,,,,,,,,,,,,,,,,,,,,,,,,,,,,,,,,,,,,,,,,,,,,,,,,,,,,,,,,,,,,,,,,,,,,,,,,,,,,,,,,,,,,,,,,,,,,,,,,,,,,,,,,,,,,,,,,,,
22-5-2025,HR55,Rambir Sir,20-5-2025,22-5-2025,,Sagar Elc. Hisar,,,,,28,,,,,,,,,,,12,,,,,,,,,,,,,,,,,,,,,,,,,,,,,,,,,,6,,,,,,,,,,,,,,,,,,,,,,,,,,,,,,,,,,,,,,,,,,1,,,,2,,,,,,,,,,,,,,,,,,,,,,,,,,,,,,,,,,,,,,,,,,,,6,,,,1,,,,,,,,,,,,,,,,,,,,,,,,,,,,,,,,,,,,,,,
13-6-2025,HR57,Neeraj Sir,21-5-2025,13-6-2025,,Haseen Batteries Meerut,"New DP-1500-2%-3% cd
Panal-17.55 Rs-3% cd
Inv-DP-3%-3% cd",,4 pc sy tt17536,,130,,,,,,,,,,,,10,,,,,,,,,,,,,,,,,,,,,,,,,,,,,,,,,54,,,,,,,10,,,,,,,,6,,,,,,,,,24,,,,,,,,,,,,,,,,,,,,,,,,,,,,,,,,,,,,,,,,,,,,,,,,,,,,,,,,,,,,,,,,,,,,,,6,,,,,,,,,,,,,,,,,,,,,,,,,,20,,,,,,,,,,,,,
23-5-2025,HR58,Kaushal Sir,21-5-2025,23-5-2025,,Manglam Battery Fathebad,,,,,30,,,,,,,,30,,,,,,,,,,,,,,,,,,,,,,,,,,,,,,,,,,,,,,,,,,,,,,,,,,,,,,,,,,,,,,,,,,,,,,,,,,,,,,,,,,,,,,,,,,,,,,,,,,,,,,,,,,,,,,,,,,,,,,,,,,,,,,,,,,,,,,,,,,,,,,,,,,,,,,,,,,,,,,,,,,,,,,,,,,
29-5-2025,HR59,Prem S. Sir,22-5-2025,29-5-2025,50pc aproved,M.R Enterprises Punhana(Mubarik),,,,,48,,,,,,,,,,,,,,,,,,,,,,,,,,,,,,,,,,,,,,,,,,,,,,,,,,,,8,,,,,8,,8,,,,,8,,,,,,,,,,,,,,,,,,,,,,,8,,,,8,,,,,,,,,,,,,,,,,,,,,,,,,,,,,,,,,,,,,,,,,,,,,,,,,,,,,,,,,,,,,,,,,,,,,,,,,,,,,,,,,,,,,,,
23-5-2025,HR60,Ravinder Sir,22-5-2025,23-5-2025,,T.R. Electronic Bhadra(Tulsha Ram),,,,,20,,,,,,,,,,,,,,,,,,,,,,,,,,,,,,,,,,,,,,,,,,,,,10,,,,,,,10,,,,,,,,,,,,,,,,,,,,,,,,,,,,,,,,,,,,,,,,,,,,,,,,,,,,,,,,,,,,,,,,,,,,,,,,,,,,,,,,,,,,,,,,,,,,,,,,,,,,,,,,,,,,,,,,,,,,,,,,,,,,,,
3-6-2025,HR61,Chander Sir,22-5-2025,3-6-2025,,Sukhija Elc. Sirsa,,,,,20,,,,,,,,,,,,,10,,,,,,,,,,,,,,,,,,,,,,,,,,,,,,,,,,,,,,,,,10,,,,,,,,,,,,,,,,,,,,,,,,,,,,,,,,,,,,,,,,,,,,,,,,,,,,,,,,,,,,,,,,,,,,,,,,,,,,,,,,,,,,,,,,,,,,,,,,,,,,,,,,,,,,,,,,,,,,,,,,,,,,
30-5-2025,HR62,jagat Sir,22-5-2025,30-5-2025,,Shiva Enterprises Palwal,,,,,50,,,,,,,,,,,,,,,,,,,,,,,,,,,,,,,,,,,,,,,,,,,,,,25,,,,25,,,,,,,,,,,,,,,,,,,,,,,,,,,,,,,,,,,,,,,,,,,,,,,,,,,,,,,,,,,,,,,,,,,,,,,,,,,,,,,,,,,,,,,,,,,,,,,,,,,,,,,,,,,,,,,,,,,,,,,,,,,,,,,,
3-6-2025,HR63,Prem S. Sir,23-5-2025,3-6-2025,,Sahun Inverter Battery Punhana,,,,dispatch after 4 lac,50,,,,,,,,,,,,10,,,,,,,,,,,,,,,,,,,,,,,,,,,,,,,,,,15,,,,,,,15,,,,,,,10,,,,,,,,,,,,,,,,,,,,,,,,,,,,,,,,,,,,,,,,,,,,,,,,,,,,,,,,,,,,,,,,,,,,,,,,,,,,,,,,,,,,,,,,,,,,,,,,,,,,,,,,,,,,,,,,,,,,,,
29-5-2025,HR64,Manoj Sir,23-5-2025,29-5-2025,55pc aproved,Laa Garden Electronics System Saharanpur,New DP-1500-2%-3%cd,,,,85,,,,,,,,,,,,,,,,,,,,,,,,,,,,,,,,,,,,,,,20,,,,,,,,,,,,,40,,,,,,,,,,,,,,,,,,,,,,,,,,,,,,,,,,,25,,,,,,,,,,,,,,,,,,,,,,,,,,,,,,,,,,,,,,,,,,,,,,,,,,,,,,,,,,,,,,,,,,,,,,,,,,,,,,,,,,,,,,,,,,,
24-5-2025,HR65,Ravinder Sir,23-5-2025,24-5-2025,,Bansal Elc. Uklana,,,,,16,,,,,,,,,,,,,,,,,,,,,,,,,,,,,,,,,,,,,,,,,,,,,10,,,,,,,6,,,,,,,,,,,,,,,,,,,,,,,,,,,,,,,,,,,,,,,,,,,,,,,,,,,,,,,,,,,,,,,,,,,,,,,,,,,,,,,,,,,,,,,,,,,,,,,,,,,,,,,,,,,,,,,,,,,,,,,,,,,,,,
24-5-2025,HR66,Rajesh Sir,23-5-2025,24-5-2025,,Kalka Enterprises Service Centre Gurgaon,,,,,24,,,,,,,,,,,5,,,,,,,,,,,,,,,,,,,,,,,,,,,,,,,,,,,,,,,,,10,2,,,,3,,4,,,,,,,,,,,,,,,,,,,,,,,,,,,,,,,,,,,,,,,,,,,,,,,,,,,,,,,,,,,,,,,,,,,,,,,,,,,,,,,,,,,,,,,,,,,,,,,,,,,,,,,,,,,,,,,,,,,,,,,
24-5-2025,HR67,Rajesh Sir,23-5-2025,24-5-2025,,Verma Inverter Batt Service Centre Hisar,,,,,33,,,,,,,,,,,4,,2,,2,4,,,,,,,,,,,,,,,,,,,,,,,4,,,,,,2,,,,,,,5,,2,,,4,,,,2,,,2,,,,,,,,,,,,,,,,,,,,,,,,,,,,,,,,,,,,,,,,,,,,,,,,,,,,,,,,,,,,,,,,,,,,,,,,,,,,,,,,,,,,,,,,,,,,,,,,,,,,,,,,,,,,,,,,,,
24-5-2025,HR68,Rajesh Sir,23-5-2025,24-5-2025,,Paras Enterprises Service Centre Jind,,,,,21,3,,,,,,,,,,5,,,,,,,,,,,,,,,,,,,,,,,,,,,,3,,,,,,,,,,,,,10,,,,,,,,,,,,,,,,,,,,,,,,,,,,,,,,,,,,,,,,,,,,,,,,,,,,,,,,,,,,,,,,,,,,,,,,,,,,,,,,,,,,,,,,,,,,,,,,,,,,,,,,,,,,,,,,,,,,,,,,,,,,,,
24-5-2025,HR69,Rajesh Sir,23-5-2025,24-5-2025,,Vikash Elc Service Centre Hisar,,,,,26,2,,,,,,,,,,4,,,,,,,,,,,,,,,,,,,,,,,,,,,,,,,,,,,,,,,,,20,,,,,,,,,,,,,,,,,,,,,,,,,,,,,,,,,,,,,,,,,,,,,,,,,,,,,,,,,,,,,,,,,,,,,,,,,,,,,,,,,,,,,,,,,,,,,,,,,,,,,,,,,,,,,,,,,,,,,,,,,,,,,,
24-5-2025,HR70,Sunil Sir,24-5-2025,24-5-2025,,Divvy Solar Power And Solution Hisar,,,,,100,,,,,,,,,,,,,,,,,,,,,,,,,,,,,,,,,,,,,,,,,,,,,,,,,,,,,,,,,,50,,,,,,,,,,,,,,,,,,,,,,,,,,,,,,,,,,,,,,,,,,,,,,,,,,,,,,,,,,,,,,,,,,,,,,,,,,,,,,,,,,,,,,,,,,,,,,,,,50,,,,,,,,,,,,,,,,,,,,,,,
26-5-2025,HR71,Manoj Sir,24-5-2025,26-5-2025,,Sai Enterprise Rampur ,"New DP-2200-2%
Panal-17.55 Rs",,,,5,,,,,,,,,,,,,,,,,,,,,,,,,,,,,,,,,,,,,,,,,,,,,,,,,,,,,,,,,,,,,,,,,,4,,,,,,,,,,,,,,,,,,,,,,,,,,,,,,,,,,,,,,,,,,,,,,,,,,,,,,,,,,,,,,,,,,,,,,,,,1,,,,,,,,,,,,,,,,,,,,,,,,,,,,,,,,,,,,,,,
26-5-2025,HR72,Kishor Sir,24-5-2025,26-5-2025,,Dahiya Battery Hisar,MBF Deal,,,,20,,,,,,,,,,,,20,,,,,,,,,,,,,,,,,,,,,,,,,,,,,,,,,,,,,,,,,,,,,,,,,,,,,,,,,,,,,,,,,,,,,,,,,,,,,,,,,,,,,,,,,,,,,,,,,,,,,,,,,,,,,,,,,,,,,,,,,,,,,,,,,,,,,,,,,,,,,,,,,,,,,,,,,,,,,,,,,,,,,,
29-5-2025,HR73,Ravinder Sir,26-5-2025,29-5-2025,22pc aproved +10 ups ,Verma Elc. Nohar,,,,,45,,,,,,,,,,,,,,,,,,,,,,,,,,,,,,,,,,,,,,,,,,,,,,,,,,,,,,,,,,,10,,,,,,,,,,3,,,,,,,,4,,,,,,,5,,,8,,,,,,,,,,,,,,,,,,,,,,,,,,,,,,,,,,,,,,,,,,,,,,,,,,,,,,,,,,,,,,,,,,,,,,,,,,,,,,5,5,,5,,,,,,,,,,
6-3-2025,HR74,Manoj Sir,26-5-2025,3-6-2025,,Sai Enterprise Rampur,"New DP-2200-2%-120 
Panal-17.55 Rs
New DP-1500-2%-120 (SP)",,,dispatch after 3 lac,124,,,,,,,,,,,4,,,,,,,,,,,,,,,,,,,,,,,,,,,,,,,,,,49,,,,,,,,,,,,,,24,,,,,,,12,,,,,,,,,,,,,,,,,,,,,11,,,,,,,,,,,,,,,,,,,,,,,,,,,,,,,,,,,,,,,,,,,,,,,,,,,,24,,,,,,,,,,,,,,,,,,,,,,,,,,,,,,,,,,,,,,,
30-5-2025,HR76,Rambir Sir,27-5-2025,30-5-2025,,Bhutani Traders Hisar,,,,,50,,,,,,,,,,,50,,,,,,,,,,,,,,,,,,,,,,,,,,,,,,,,,,,,,,,,,,,,,,,,,,,,,,,,,,,,,,,,,,,,,,,,,,,,,,,,,,,,,,,,,,,,,,,,,,,,,,,,,,,,,,,,,,,,,,,,,,,,,,,,,,,,,,,,,,,,,,,,,,,,,,,,,,,,,,,,,,,,,,,
28-5-2025,HR77,Arun Sir,27-5-2025,28-5-2025,,Jai Durga Kanina (Yadav),Deal,,8 pc sy tt17536,,17,,,,,,,,,,,6,,,,,,,,,,,,,,,,,,,,,,,,,,,,,,,,,,8,,,,,,, ,,,,,,,,,,,,,,,,,,,,,,,,,,,,,,,,,,,,,,,,,,,,,,,,,,,,,,,,,,,,,,,,,,,,,,,,,,,,,,,,,,,3,,,,,,,,,,,,,,,,,,,,,,,,,,,,,,,,,,,,,,,,,,,
6-3-2025,HR78,Ramdut Sir,27-5-2025,3-6-2025,,Dhanlaxmi Enterprises Service Centre Rampur ,,,,,3,,,,,,,,,,,,,,,,,,,,,,,,,,,,,,,,,,,,,,,,,,,,,1,,,,,,,,,,,,,,2,,,,,,,,,,,,,,,,,,,,,,,,,,,,,,,,,,,,,,,,,,,,,,,,,,,,,,,,,,,,,,,,,,,,,,,,,,,,,,,,,,,,,,,,,,,,,,,,,,,,,,,,,,,,,,,,,,,,,,,
6-2-2025,HR79,Salman Sir,28-5-2025,2-6-2025, ,Chauhan Battery House Mainpuri,"New DP-2200-2%
Panal-21.60 Rs
DP-3%-2%-3%",,,2 lac on 2-6,116,,,,,,,,,,,,,,,,,,,,,,,,,,,,,,,,,,,,,,,10,,,,,,20,,,,,,,,,,,,,,10,,,,,,,,,,,,,,,,,,,,,,,,,,,,10,,,,,,,,,,,,,,,,,,,,,,,,,,,,,,,,,,,,,,,,,,,,,,,,,,,,,,,,,,,,,,,,,,,25,,,,,,,,,,,20,21,,10,,,,,,,,,,
28-5-2025,HR81,Sunil Sir,28-5-2025,28-5-2025,,S.K Elctronic (Anil Ji Ladwa) ,,,,,10,,,,,,,,,,,,,,,,,,,,,,,,,,,,,,,,,,,,,,,,,,,,,,,,,,,,,,,,,,,,,,,,,,,,,,,,,,,,,,,,,,,,,,,,,,,,,,,,,,,,,,,,,,,,,,,,,,,,,,,,,,,,,,,,,,,,,,,,,,,,,,,,,,,,,,,,,,,,,,,,,,,,,10,,,,,,,,,,,,,
28-5-2025,HR82,Prem S. Sir,28-5-2025,28-5-2025,,Shri Radhey Krishna Hodal,,,,,10,,,,,,,,,,,,,,,,,,,,,,,,,,,,,,,,,,,,,,,,,,,,,,,,,,,,,,,,,,,,,,,,,,,,,,,,,,,,,,,,,,,,,,,,,,,,,,,,,,,,,,,,,,,,,,,,,,,,,,,,,,,,,,,,,,,,,,,,,,,,,,,,,,,,,,,,,,,,,,,,,,,,,5,5,,5,,,,,,,,,,
29-5-2025,HR83,Prem S. Sir,28-5-2025,29-5-2025, ,M.R Enterprises Punhana(Mubarik),DP-3%-3%CD,INV,,,30,,,,,,,,,,,,,,,,,,,,,,,,,,,,,,,,,,,,,,,,,,,,,,,,,,,,,,,,,,,,,,,,,,,,,,,,,,,,,,,,,,,,,,,,,,,,,,,,,,,,,,,,,,,,,,,,,,,,,,,,,,,,,,,,,,,,,,,,,,,,,,,,,,,,,,,,,,,,,,,,,,,,,10,20,,5,,,,,,,,,,
28-5-2025,HR84,Sunil Sir,28-5-2025,28-5-2025,,Raja Traders Hisar,,,,,8,,,,,,,,,,,,,,,,,,,,,,,,,,,,,,,,,,,,,,,,,,,,,,,,,,,,,,,,,,,,,,,,,,,,,,,,,,,,,,,,,,,,,,,,,,,,,,,,,,,,,,,,,,,,,,,,,,,,,,,,,,,,,,,,,,,,,,,,,,,,,,,,,,,,,,,,,,,,,,,,,,,,,5,3,,2,,,,,,,,,,
28-5-2025,HR85,Arun Sir,28-5-2025,28-5-2025,,Ajeet Rep. Centre Bawal,DP-3%-2%,,,,15,,,,,,,,,,,,,,,,,,,,,,,,,,,,,,,,,,,,,,,,,,,,,,,,,,,,,,,,,,,,,,,,,,,,,,,,,,,,,,,,,,,,,,,,,,,,,,,,,,,,,,,,,,,,,,,,,,,,,,,,,,,,,,,,,,,,,,,,,,,,,,,,,,,,,,,,,,,,,,,,,,,,,5,5,,5,,,,,,,,,,
6-5-2025,HR87,jagat Sir,28-5-2025,6-5-2025,70 PC APP,Shiva Enterprises Palwal,,,,Today 2 lac,70,10,,,,,,,,,,,,,,,,,,,,,,,,,,,,,,,,,,,,,,,,,,,,40,,,,,20,,,,,,,,,,,,,,,,,,,,,,,,,,,,,,,,,,,,,,,,,,,,,,,,,,,,,,,,,,,,,,,,,,,,,,,,,,,,,,,,,,,,,,,,,,,,,,,,,,,,,,,,,,,,,,,,,,,,,,,,,,,,,,,,
30-5-2025,HR87,jagat Sir,28-5-2025,30-5-2025,,Shiva Enterprises Palwal,,,,,43,,,,,,,,,,,,,,,,,,,,,,,,,,,,,,,,,,,,,,,,,,,,,,,,,,,,,,,,,,,,,,,,,,,,,,,,,,,,,,,,,,,,,,,,,,,,,,,,,,,,,,,,,,,,,,,,,,,,,,,,,,,,,,,,,,,,,,,,,,,,,,,,,,,,,,,,,,,,,,,,,,,,,13,30,,7,,,,,,,,,,
29-5-2025,HR88,Deepak Sir,28-5-2025,29-5-2025,,Inverter Plaza Rohtak,,,,,40,,,,,,,,,,,,,,,,,,,,,,,,,,,,,,,,,,,,,,,,,,,,,,,,,,,,,,,,,,,,,,,,,,,,,,,,,,,,,,,,,,,,,,,,,,,,,,,,,,,,,,,,,,,,,,,,,,,,,,,,,,,,,,,,,,,,,,,,,,,,,,,,,,,,,,,,,,,,,,,,,,,,,30,10,,10,,,,,,,,,,
31-5 2025,HR89,Chander Sir,28-5-2025,31-5 2025,,"Guru Nanak Elc, Ellenabad",,,,,15,,,,,,,,,,,,,,,,,,,,,,,,,,,,,,,,,,,,,,,,,,,,,,,,,,,,,,,,,,,,,,,,,,,,,,,,,,,,,,,,,,,,,,,,,,,,,,,,,,,,,,,,,,,,,,,,,,,,,,,,,,,,,,,,,,,,,,,,,,,,,,,,,,,,,,,,,,,,,,,,,,,,,5,5,,5,,,,,,,,,,
29-5-2025,HR90,Prince Sir,29-5-2025,29-5-2025,,R.R Enterprises Gajraula Amroha ,DP-3%-2%,,,,51,,,,,,,,,,,,,,,,,,,,,,,,,,,,,,,,,,,,,,,,,,,,,,,,,,,,,,,,,,,,,,,,,,,,,,,,,,,,,,,,,,,,,,,,,,,,,,,,,,,,,,,,,,,,,,,,,,,,,,,,,,,,,,,,,,,,,,,,,,,,,,,,,,,,,,,,,,,,,,,,,,,,,40,6,,5,,,,,,,,,,
29-5-2025,HR91,Ravinder Sir,28-5-2025,29-5-2025,,Verma Elc. Nohar,,,,,10,,,,,,,,,,,,,,,,,,,,,,,,,,,,,,,,,,,,,,,,,,,,,,,,,,,,,,,,,,,,,,,,,,,,,,,,,,,,,,,,,,,,,,,,,,,,,,,,,,,,,,,,,,,,,,,,,,,,,,,,,,,,,,,,,,,,,,,,,,,,,,,,,,,,,,,,,,,,,,,,,,,,,4,4,,2,,,,,,,,,,
29-5-2025,HR92,Chander Sir,28-5-2025,29-5-2025,,New Unique Ent. Sirsa,,,,,3,,,,,,,,,,,,,,,,,,,,,,,,,,,,,,,,,,,,,,,,,,,,,,,,,,,,,,,,,,,,,,,,,,,,,,,,,,,,,,,,,,,,,,,,,,,,,,,,,,,,,,,,,,,,,,,,,,,,,,,,,,,,,,,,,,,,,,,,,,,,,,,,,,,,,,,,,,,,,,,,,,,,,1,1,,1,,,,,,,,,,
31-5-2025,HR93,Arun Sir,29-5-2025,31-5-2025,,Jai Bala Ji Communication Narnaul,"New DP-1500-2%-3%cd-
120 (SP) Panal-17.55 Rs",,2 pc liv.a tt17536,all paymnt with mat,55,,,,,,,,,,,,,,,5,10,,,,,,,,,,,,,5,,,,,,,,,,,,,,,,,,,,5,7,,,,,,5,,,,,,,5,10,,,,,,,,,,,,,,,,,,,,,,,,,,,,,,,,,,,,,,,,,,,,,,,,,,,,,,,,,,,,,,,,,,,,,,,,,,,3,,,,,,,,,,,,,,,,,,,,,,,,,,,,,,,,,,,,,,,
3-6-2025,HR94,Rambir Sir,29-5-2025,3-6-2025,,Bhutani Traders Hisar,combo billing,,,,150,20,,,,,,,,,,,,,,,20,,,,,,,,,,,,,,,,,,,,,,,,,,,,,50,,,,,,,,,,,,20,,10,,,,,10,,,,,,,,,,,,,,,,,,,,,,,20,,,,,,,,,,,,,,,,,,,,,,,,,,,,,,,,,,,,,,,,,,,,,,,,,,,,,,,,,,,,,,,,,,,,,,,,,,,,,,,,,,,,,,,,,,,
3-6-2025,HR95,Manoj Sir,29-5-2025,3-6-2025,,Shree Balaji Battery Bareilly ,"New DP-1500-2%-120 (SP)
-1.5% Given Extra By Sunil Sir
Panal-17.55 Rs",,,dispatch after 6 lac,65,,,,,,,,,,,,,,,,,,,,,,,,,,,,,,,,,,,,,,,,,,,,,40,,,,,,,,,,,,,,12,,,,,,,,,,,,,,,,,,,,,,,,,,,,,,,,,,,,,,,,,,,,,,,,,,,,,,,,,,,,,,,,,,,,,,,,,,,,,,,,13,,,,,,,,,,,,,,,,,,,,,,,,,,,,,,,,,,,,,,,
31-5-2025,HR96,jagat Sir,30-5-2025,31-5-2025,,Prem Power Solution Hathin,,,,,25,,,,,,,,,,,,,,,,,,,,,,,,,,,,,,,,,,,,,,,,,,,,,,,,,,,,,,,,,,,,,,,,,,,,,,,,,,,,,,,,,,,,,,,,,,,,,,,,,,,,,,,,,,,,,,,,,,,,,,,,,,,,,,,,,,,,,,,,,,,,,,,,,,,,,,,,,,,,,,,,,,,,,5,15,,5,,,,,,,,,,
30-5-2025,HR97,Rajesh Sir,30-5-2025,30-5-2025,,Hanumant Traders Service Centre Meham,,,,,24,2,,,,,,,,,,4,,,,,2,,,,,,,,,,,,,,,,,,,,,,,,,,,,,2,,,,,,,10,,,,,4,,,,,,,,,,,,,,,,,,,,,,,,,,,,,,,,,,,,,,,,,,,,,,,,,,,,,,,,,,,,,,,,,,,,,,,,,,,,,,,,,,,,,,,,,,,,,,,,,,,,,,,,,,,,,,,,,,,,,,,,,
30-5-2025,HR98,Ramdutt Sir,30-5-2025,30-5-2025,,Radhe Krishna Service Centre Bulandshar,2 pc sytt18036 service batt,,,,0,,,,,,,,,,,,,,,,,,,,,,,,,,,,,,,,,,,,,,,,,,,,,,,,,,,,,,,,,,,,,,,,,,,,,,,,,,,,,,,,,,,,,,,,,,,,,,,,,,,,,,,,,,,,,,,,,,,,,,,,,,,,,,,,,,,,,,,,,,,,,,,,,,,,,,,,,,,,,,,,,,,,,,,,,,,,,,,,,,
31-5-2025,HR100,Rambir Sir,30-5-2025,31-5-2025,,Durga Battery Fathebad,,,,,6,,,,,,,,,,,,,,,,,,,,,,,,,,,,,,,,,,,,,,,,,,,,,,,,,,6,,,,,,,,,,,,,,,,,,,,,,,,,,,,,,,,,,,,,,,,,,,,,,,,,,,,,,,,,,,,,,,,,,,,,,,,,,,,,,,,,,,,,,,,,,,,,,,,,,,,,,,,,,,,,,,,,,,,,,,,,,,,,,,,
3-6-2025,HR101,Ravinder Sir,30-5-2025,3-6-2025,,Kamla Battery Bhadra,,,,dispatch after 1.5 lac in week,20,20,,,,,,,,,,,,,,,,,,,,,,,,,,,,,,,,,,,,,,,,,,,,,,,,,,,,,,,,,,,,,,,,,,,,,,,,,,,,,,,,,,,,,,,,,,,,,,,,,,,,,,,,,,,,,,,,,,,,,,,,,,,,,,,,,,,,,,,,,,,,,,,,,,,,,,,,,,,,,,,,,,,,,,,,,,,,,,,,,
31-5-2025,HR102,Rambir Sir,30-5-2025,31-5-2025,,Sagar Elc. Hisar,,,,,50,10,,,,,,,10,,,10,,,,,,,,,,,,,,5,,,,,,,,,,,,,,,,,,,,15,,,,,,,,,,,,,,,,,,,,,,,,,,,,,,,,,,,,,,,,,,,,,,,,,,,,,,,,,,,,,,,,,,,,,,,,,,,,,,,,,,,,,,,,,,,,,,,,,,,,,,,,,,,,,,,,,,,,,,,,,,,,,,,,,,,,,
3-6-2025,HR103,Deepak Sir,31-5-2025,3-6-2025,,Neha Elc. Sonipat,,,,2 lac with mat,50,,,,,,,,,18,,,,,,,,,,,,,,,,,,,,,,,,,,,,,,,,,,,,,10,,,,,,,12,,,,,,,,,,,,,,,,,,,,,,,,,,,,,,,,,,,10,,,,,,,,,,,,,,,,,,,,,,,,,,,,,,,,,,,,,,,,,,,,,,,,,,,,,,,,,,,,,,,,,,,,,,,,,,,,,,,,,,,,,,,,,,
31-5-2025,HR104,Deepak Sir,31-5-2025,31-5-2025,,Deep Trading Co. Farmana,,,,,50,,,,,,,,10,,,10,,,,,,,,,,,,,,,,,,,,,,,,,,,,30,,,,,,,,,,,,,,,,,,,,,,,,,,,,,,,,,,,,,,,,,,,,,,,,,,,,,,,,,,,,,,,,,,,,,,,,,,,,,,,,,,,,,,,,,,,,,,,,,,,,,,,,,,,,,,,,,,,,,,,,,,,,,,,,,,,,,,,,,,,
31-5-2025,HR105,Jagat Sir,31-5-2025,31-5-2025,,Prem Power Solution Hathin,,,,,50,,,,,,,,,,,,,,,,,,,,,,,,,,,,,,,,,,,,,,,,,,,,,,,,,25,25,,,,,,,,,,,,,,,,,,,,,,,,,,,,,,,,,,,,,,,,,,,,,,,,,,,,,,,,,,,,,,,,,,,,,,,,,,,,,,,,,,,,,,,,,,,,,,,,,,,,,,,,,,,,,,,,,,,,,,,,,,,,,,,,
6-2-2025,HR107,Rambir Sir,31-5-2025,6-2-2025,,Sunlight Battrey Fathebad,,,,,10,,,,,,,,,,,,,,,,,,,,,,,,,,,,,,,,,,,,,,,,,,10,,,,,,,,,,,,,,,,,,,,,,,,,,,,,,,,,,,,,,,,,,,,,,,,,,,,,,,,,,,,,,,,,,,,,,,,,,,,,,,,,,,,,,,,,,,,,,,,,,,,,,,,,,,,,,,,,,,,,,,,,,,,,,,,,,,,,,,,
6-2-2025,HR108,Arun Sir,2-6-2025,2-6-2025,,S K Group Bhojawas,New DP-1400-2%-120 (SP),,,,5,,,,,,,,,,,,,,,,,,,,,,,,,,,,,,,,,,,,,,,,,,,,,,,,,,,,,,,,,,,,,,,5,,,,,,,,,,,,,,,,,,,,,,,,,,,,,,,,,,,,,,,,,,,,,,,,,,,,,,,,,,,,,,,,,,,,,,,,,,,,,,,,,,,,,,,,,,,,,,,,,,,,,,,,,,,,,,,,,,,
3-6-2025,HR109,Ravinder Sir,2-6-2025,3-6-2025,,Malik Battery Uchana,,,,,50,15,,,,,,,,,,10,,,,,,,,,,,,,,,,,,,,,,,,,,,,,,,,,,15,,,,,,,10,,,,,,,,,,,,,,,,,,,,,,,,,,,,,,,,,,,,,,,,,,,,,,,,,,,,,,,,,,,,,,,,,,,,,,,,,,,,,,,,,,,,,,,,,,,,,,,,,,,,,,,,,,,,,,,,,,,,,,,,,,,,,,
4-6-2025,HR110,Rajesh Sir,2-6-2025,4-6-2025,,Verma Inverter Batt Service Centre Hisar,,,,,34,,,,,,,,,,,5,2,,,2,4,,,,,,,,,,,,,,,,,,,,,,,,,,,,,2,,,,,,,5,5,,,,5,,2,,,,,2,,,,,,,,,,,,,,,,,,,,,,,,,,,,,,,,,,,,,,,,,,,,,,,,,,,,,,,,,,,,,,,,,,,,,,,,,,,,,,,,,,,,,,,,,,,,,,,,,,,,,,,,,,,,,,,,,,
4-6-2025,HR111,Rajesh Sir,2-6-2025,4-6-2025,,Vikash Elc Service Centre Hisar,,,,,25,2,,,,,,,,,,4,,,,,,,,,,,,,,,,,,,,,,,,,,,,,,,,,,4,,,,,,,15,,,,,,,,,,,,,,,,,,,,,,,,,,,,,,,,,,,,,,,,,,,,,,,,,,,,,,,,,,,,,,,,,,,,,,,,,,,,,,,,,,,,,,,,,,,,,,,,,,,,,,,,,,,,,,,,,,,,,,,,,,,,,,
4-6-2025,HR112,Rajesh Sir,6-2-2025,4-6-2025,,Kalka Enterprises Service Centre Gurgaon,,,,,25,2,,,,,,,,,,8,,,,,,,,,,,,,,,,,,,,,,,,,,,,,,,,,,,,,,,,,10,2,,,,3,,,,,,,,,,,,,,,,,,,,,,,,,,,,,,,,,,,,,,,,,,,,,,,,,,,,,,,,,,,,,,,,,,,,,,,,,,,,,,,,,,,,,,,,,,,,,,,,,,,,,,,,,,,,,,,,,,,,,,,,,
3-6-2025,HR113,Arun Sir,3-6-2025,3-6-2025,,S K Group Bhojawas,"New DP-1400-2%-120 (SP)
Panal-17.55 Rs",,,disptach after 2 lac,26,,,,,,,,,,,,,,,5,,,,,,,,,,,,,,,,,,,,,,,,,,,,,,,,,,,,,,,,,5,,,,,,,15,,,,,,,,,,,,,,,,,,,,,,,,,,,,,,,,,,,,,,,,,,,,,,,,,,,,,,,,,,,,,,,,,,,,,,,,,,,,1,,,,,,,,,,,,,,,,,,,,,,,,,,,,,,,,,,,,,,,
3-6-2025,HR114,Arun Sir,3-6-2025,3-6-2025,,Ashok Elc. & Hardware Satnali ,"New DP-1400-2%-120 (SP)
Panal-17.55 Rs",,2 pc liv.t tt17536,disptach after 2 lac,55,,,,,10,,,,,,,,,,10,,,,,,,5,,,,,,,,,,,,,,,,,,,,,,,,,,,17,,,,,,,,,,,,,,10,,,,,,,,,,,,,,,,,,,,,,,,,,,,,,,,,,,,,,,,,,,,,,,,,,,,,,,,,,,,,,,,,,,,,,,,,,,,3,,,,,,,,,,,,,,,,,,,,,,,,,,,,,,,,,,,,,,,
3-6-2025,HR115,Manoj Sir,3-6-2025,3-6-2025,,Laa Garden Electronics System Saharanpur,,,,disptach after 1 lac,50,,,,,,,,,,,,,,,,,,,,,,,,,,,,,,,,,,,,,,,30,,,,,,,,,,,,,10,,,,,,,10,,,,,,,,,,,,,,,,,,,,,,,,,,,,,,,,,,,,,,,,,,,,,,,,,,,,,,,,,,,,,,,,,,,,,,,,,,,,,,,,,,,,,,,,,,,,,,,,,,,,,,,,,,,,,,,,,,,,,,,
3-6-2025,HR118,Ravinder Sir,6-3-2025,3-6-2025,,Verma Elc. Nohar,,,,dispatch after 3 lac,30,,,,,,,,,,,,,,,,,,,,,,,,,,,,,,,,,,,,,,,,,,,,,6,,,,,,,6,,,,,,,6,,,,,,,,,,6,,,,,,,,,,,,,,,,,,6,,,,,,,,,,,,,,,,,,,,,,,,,,,,,,,,,,,,,,,,,,,,,,,,,,,,,,,,,,,,,,,,,,,,,,,,,,,,,,,,,,,,,,,,,,,
3-6-2025,HR119,Arun Sir,3-6-2025,3-6-2025,,Akash & Inv. Battery House Bawal,"New DP-1500-2%-3%cd-
-120 (SP)
Panal-17.55 Rs",,,,22,,,,,,,,,,,,,,,,,,,,,,,5,,,,,,,,,,,,,,,,,,,,,,,,,,,,,,,,,,10,,,,,,,6,,,,,,,,,,,,,,,,,,,,,,,,,,,,,,,,,,,,,,,,,,,,,,,,,,,,,,,,,,,,,,,,,,,,,,,,,,,1,,,,,,,,,,,,,,,,,,,,,,,,,,,,,,,,,,,,,,,
12-6-2025,BSR 19 (A),Akash Sir,24-5-2025,12-6-2025,,Prakashmay Power Solution Bulandshahr (Order B),,,,,140,,,,,,,,,,,,50,,,,,,,,,,,,,,,,,,20,,,,,,,,,,20,,,,,,50,,,,,,,,,,,,,,,,,,,,,,,,,,,,,,,,,,,,,,,,,,,,,,,,,,,,,,,,,,,,,,,,,,,,,,,,,,,,,,,,,,,,,,,,,,,,,,,,,,,,,,,,,,,,,,,,,,,,,,,,,,,,,,,,,,,,
7-6-2025,HR120,Salman Sir,3-6-2025,7-6-2025,,Murti Battery Agra,New DP-1500-2%-120 (SP),,,,20,,,,,,,,,,,,,,,,,,,,,,,,,,,,,,,,,,,,,,,,,,,,,,,,,,,,,,,,,,,10,,,,,,,,,,,,,,,,,,,,,,,,,,,,10,,,,,,,,,,,,,,,,,,,,,,,,,,,,,,,,,,,,,,,,,,,,,,,,,,,,,,,,,,,,,,,,,,,,,,,,,,,,,,,,,,,,,,,,,,,
4-6-2025,HR121,Salman Sir,3-6-2025,4-6-2025,,Ratan Power System Firozabad,"New DP-2200-2%
550v-17.55 Rs
165v-21.60 Rs",,4 pc sy tt17536,,28,,,,,,,,,,,,,,,,,,,,,,,,,,,,,,,,,,,,,,,,,,,,,20,,,,,,,,,,,,,,,,,,,,,,,,,,,,,,,,2,,,,,,,,,,,,,,,,,,,,,,,,,,,,,,,,,,,,,,,,,,,,,,,,,,,,,,,,,,,,,,5,,,,,,,,,,,,,,,1,,,,,,,,,,,,,,,,,,,,,,,,
4-6-2025,HR122,Salman Sir,3-6-2025,4-6-2025,,Ratan Power System Firozabad Replacement,Replacement,,,,3,,,,,,,,,,,2,,,,,,,,,,,,,,,,,,,,,,,,,,,,,,,,,,1,,,,,,,,,,,,,,,,,,,,,,,,,,,,,,,,,,,,,,,,,,,,,,,,,,,,,,,,,,,,,,,,,,,,,,,,,,,,,,,,,,,,,,,,,,,,,,,,,,,,,,,,,,,,,,,,,,,,,,,,,,,,,,,,,,,,,
6-6-2025,HR123,Arun Sir,4-6-2025,6-6-2025,,Mayank Battery Bikaner,New DP-1500-2%-120 (SP),,6 Liv.a tt17536,,16,,,,,,,,,,,,,,,,10,,,,,,,,,,,,,,,,,,,,,,,,,,,,,,,,,,6,,,,,,,,,,,,,,,,,,,,,,,,,,,,,,,,,,,,,,,,,,,,,,,,,,,,,,,,,,,,,,,,,,,,,,,,,,,,,,,,,,,,,,,,,,,,,,,,,,,,,,,,,,,,,,,,,,,,,,,,,,,,,,,,
5-6-2025,HR125,Ravinder Sir,6-4-2025,5-6-2025,,Malik Battery Uchana,,,,,48,,,,,,,,,,,10,,,,,,,,,,,,,,5,,,,,,,,,,,,,,,,,,,,10,,,,,,,10,,,,,,,,,,,,,,,,,,,,,,,,,,,,,,,,,,,10,,,,,,,,,,,,,,,,,,,,,,,,,,,,,,,,,,,,,,,,,,,,,,,,,,,,3,,,,,,,,,,,,,,,,,,,,,,,,,,,,,,,,,,,,,,,
5-6-2025,HR126,Ravinder Sir,6-5-2025,5-6-2025,,Malik Battery Uchana,,,inv,,20,,,,,,,,,,,,,,,,,,,,,,,,,,,,,,,,,,,,,,,,,,,,,,,,,,,,,,,,,,,,,,,,,,,,,,,,,,,,,,,,,,,,,,,,,,,,,,,,,,,,,,,,,,,,,,,,,,,,,,,,,,,,,,,,,,,,,,,,,,,,,,,,,,,,,,,,,,,,,,,,,,,,,10,,,10,,,,,,,,,,
10-6-2025,HR127,Jagat Sir,6-5-2025,10-6-2025,50 pc aproval,Shiva Enterprises Palwal,,,,,50,,,,,,,,,,,,,,,,,,,,,,,,,,,,,,,,,,,,,,,,,,,,,,,,,20,20,,,,,,,,,,,,,10,,,,,,,,,,,,,,,,,,,,,,,,,,,,,,,,,,,,,,,,,,,,,,,,,,,,,,,,,,,,,,,,,,,,,,,,,,,,,,,,,,,,,,,,,,,,,,,,,,,,,,,,,,,,,,,,,,,
5-6-2025,HR128,Jagat Sir,6-5-2025,5-6-2025,,Prem Power Solution Hathin,,,,,50,,,,,,,,,,,,,,,,,,,,,,,,,,,,,,,,,,,,,,,,,,,,,30,,,,,20,,,,,,,,,,,,,,,,,,,,,,,,,,,,,,,,,,,,,,,,,,,,,,,,,,,,,,,,,,,,,,,,,,,,,,,,,,,,,,,,,,,,,,,,,,,,,,,,,,,,,,,,,,,,,,,,,,,,,,,,,,,,,,,,
5-6-2025,HR129,Jagat Sir,6-5-2025,5-6-2025,,Prem Power Solution Hathin,,,inv,,20,,,,,,,,,,,,,,,,,,,,,,,,,,,,,,,,,,,,,,,,,,,,,,,,,,,,,,,,,,,,,,,,,,,,,,,,,,,,,,,,,,,,,,,,,,,,,,,,,,,,,,,,,,,,,,,,,,,,,,,,,,,,,,,,,,,,,,,,,,,,,,,,,,,,,,,,,,,,,,,,,,,,,,10,,10,,,,,,,,,,
6-6-2025,HR130,Kishor Sir,6-6-2025,6-6-2025,,Divvy Solar Power And Solution Hisar,,,,,98,,,,,,,,,,,,,,,,,,,,,,,,,,,,,,,,,,,,,,,,,,,,,,,,,,,,,,,,,,49,,,,,,,,,,,,,,,,,,,,,,,,,,,,,,,,,,,,,,,,,,,,,,,,,,,,,,,,,,,,,,,,,,,,,,,,,,,,,,,,,,,,,,,,,,,,,,,,,49,,,,,,,,,,,,,,,,,,,,,,,
6-12-2025,HR131,Kaushal Sir,6-5-2025,6-12-2025,,Aggarwal Ent. Alwar,,,,,50,,,,,,,,,,,,,,,,,,,,,,,,,,,,,,,,,,,,,,,,,,,,,,,,,,,,,,,,,20,,,,,,,20,,,,,,,,,,,,,,,,,10,,,,,,,,,,,,,,,,,,,,,,,,,,,,,,,,,,,,,,,,,,,,,,,,,,,,,,,,,,,,,,,,,,,,,,,,,,,,,,,,,,,,,,,,,,,,,,,,,
17-6-2025,HR133,Prem S. Sir,6-5-2025,17-6-2025,,Shivam Enterprises Sohna,,,,with mat 1.5 lac kaushal ji,50,,,,,,,,,,,,,,,,30,,,,,,,,,,,,,,,,,,,,,,,,,,,,,,,,,,,,,,,,,20,,,,,,,,,,,,,,,,,,,,,,,,,,,,,,,,,,,,,,,,,,,,,,,,,,,,,,,,,,,,,,,,,,,,,,,,,,,,,,,,,,,,,,,,,,,,,,,,,,,,,,,,,,,,,,,,,,,,,,,,,
6-3-2025,HR135,Manoj Sir,2-6-2025,3-6-2025,,Taj Enterprises Pilibhit (Without AH),,,2 pc sy tt17536,500 lac before dispatch,55,,,,,,,,,,,,,,,,,,,,,,,,,,,,,,,,,,,,,,,,,,,,,,22,,,,,,,,,,,,,,,,,,,,,,,,,,,,30,,,,,,,,,,,,,,,,,,,,,,,,,,,,,,,,,,,,,,,,,,,,,,,,,,,,,,,,,,,,,,,,,3,,,,,,,,,,,,,,,,,,,,,,,,,,,,,,,,,,,,,,,
6-10-2025,HR136,Salman Sir,9-6-2025,10-6-2025,50pc aproved,Chauhan Battery House Mainpuri,"New DP-2200-2%
Panal-21.60 Rs
Inv-DP-3%-3%-2%",urgent,,2 lac with mat,80,,,,,,,,,,,,,,,,,,,,,,,,,,,,,,,,,,,,,,,5,,,,,,30,,,,,,,,,,,,,,5,,,,,,,,,,,,,,,,,,,,,,,,,,,,10,,,,,,,,,,,,,,,,,,,,,,,,,,,,,,,,,,,,,,,,,,,,,,,,,,,,,,,,,,,,,,,,,,,25,,,,,,,,,,,,,,5,,,,,,,,,,
11-6-2025,HR137,Ravinder Sir,6-8-2025,11-6-2025,,Gautam Elc. Julana,,,,,20,,,,,,,,10,,,,,,,,,,,,,,,,,,,,,,,,,,,,,,,,,,,,,10,,,,,,,,,,,,,,,,,,,,,,,,,,,,,,,,,,,,,,,,,,,,,,,,,,,,,,,,,,,,,,,,,,,,,,,,,,,,,,,,,,,,,,,,,,,,,,,,,,,,,,,,,,,,,,,,,,,,,,,,,,,,,,,,,,,,,
17-6-2025,HR138,Salman Sir,9-6-2025,17-6-2025,,Ratan Power System Firozabad,"New DP-1500-2%-120 (SP)
Panal-17.55 Rs",,2 pc sy tt17536,,55,,,,,,,,,,,,,,,,,,,,,,,,,,,,,,,,,,,,,,,,,,,,,27,,,,,,,,,,,,,,25,,,,,,,,,,,,,,,,,,,,,,,,,,,,,,,,,,,,,,,,,,,,,,,,,,,,,,,,,,,,,,,,,,,,,,,,,,,,,,,,3,,,,,,,,,,,,,,,,,,,,,,,,,,,,,,,,,,,,,,,
,HR138(B),Salman Sir,9-6-2025,25-6,,Ratan Power System Firozabad(Order B),,,"4 foc bangkok scheme
2 foc tt17536 mix billing",1 lac with in 2 days,56,,,,,,,,,,,35,,,,,,,,,,,,,,,,,,,,,,,,,,,,,,,,,,11,,,,,,,,,,,,,,10,,,,,,,,,,,,,,,,,,,,,,,,,,,,,,,,,,,,,,,,,,,,,,,,,,,,,,,,,,,,,,,,,,,,,,,,,,,,,,,,,,,,,,,,,,,,,,,,,,,,,,,,,,,,,,,,,,,,,,,
20-6-2025,HR140,Salman Sir,9-6-2025,20-6-2025,,Sun Light Batteries Mathura,"dp-1500-2%-120
540 exi-16.75",25-6-25,,,55,,,,,,,,,,,,,,,,,,,,,,,,,,,,,,,,,,,,,,,,,,,,,33,,,,,,,,,,,,,,4,,,,,,,,,,,,,,,,,,,,,,,,,,,,15,,,,,,,,,,,,,,,,,,,,,,,,,,,,,,,,,,,,,,,,,,,,,,,,,,,,3,,,,,,,,,,,,,,,,,,,,,,,,,,,,,,,,,,,,,,,
14-6-2025,HR141,Prem S. Sir,9-6-2025,14-6-2025,50 pc aproved,M.R Enterprises Punhana(Mubarik),,,,,50,,,,,,,,,,,,,,,,,,6,,,,,6,,,,,,,,,,,,,,,,,,,,,,4,,,,,6,,8,,,,,8,,8,,,,,,,,,,,,,,,,,,,,,,,,,,,,4,,,,,,,,,,,,,,,,,,,,,,,,,,,,,,,,,,,,,,,,,,,,,,,,,,,,,,,,,,,,,,,,,,,,,,,,,,,,,,,,,,,,,,,,,,,
13-6-2025,HR142,Rajesh Sir,10-6-2025,13-6-2025,,Vikash Elc Service Centre Hisar,,,,2-SYTT18060,20,2,,,,,,,,,,3,,,,,,,,,,,,,,,,,,,,,,,,,,,,,,,,,,3,,,,,,,12,,,,,,,,,,,,,,,,,,,,,,,,,,,,,,,,,,,,,,,,,,,,,,,,,,,,,,,,,,,,,,,,,,,,,,,,,,,,,,,,,,,,,,,,,,,,,,,,,,,,,,,,,,,,,,,,,,,,,,,,,,,,,,
11-6-2025,HR143,Jagat Sir,11-6-2025,6-11-2025,,Shiva Enterprises Palwal,,,,,10,,,,,,,,,,,,,,,,,,,,,,,,,,,,,,,,,,,,,,,,,,,,,,,,,,,,,,,,,,,,,,,,,,,,,,,,,,,,,,,,,,,,,,,,,,,,,,,,,,,,,,,,,,,,,,,,,,,,,,,,,,,,,,,,,,,,,,,,,,,,,,,,,,,,,,,,,,,,,,,,,,,,,,,,10,,,,,,,,,,
12-6-2025,HR144,Salman Sir,11-6-2025,12-6-2025,,Chauhan Battery House Mainpuri Replacement,Replacement,,,,3,,,,,,,,,,,,,,,,,,,,,,,,,,,,,,,,,,,,,,,1,,,,,,1,,,,,,,,,,,,,,,,,,,,,,,,,,,,,,,,,,,,,,,,,,1,,,,,,,,,,,,,,,,,,,,,,,,,,,,,,,,,,,,,,,,,,,,,,,,,,,,,,,,,,,,,,,,,,,,,,,,,,,,,,,,,,,,,,,,,,,
12-6-2025,HR146,Rajesh Sir,11-6-2025,12-6-2025,,Verma Inverter Batt Service Centre Hisar,,,,,5,,,,,,,,,,,,,,,,,,,,,,,,,2,,,,,3,,,,,,,,,,,,,,,,,,,,,,,,,,,,,,,,,,,,,,,,,,,,,,,,,,,,,,,,,,,,,,,,,,,,,,,,,,,,,,,,,,,,,,,,,,,,,,,,,,,,,,,,,,,,,,,,,,,,,,,,,,,,,,,,,,,,,,,,,,,,,,,,,,,,
13-06-2025,HR147,Rajesh Sir,13-6-2025,13-06-2025,,Davik Inverter Battery Service Centre Palwal,,,,,15,3,,,,,2,,,,,3,,,,,2,,,,,,,,,,,,,,,,,,,,,,,3,,,,,,2,,,,,,,,,,,,,,,,,,,,,,,,,,,,,,,,,,,,,,,,,,,,,,,,,,,,,,,,,,,,,,,,,,,,,,,,,,,,,,,,,,,,,,,,,,,,,,,,,,,,,,,,,,,,,,,,,,,,,,,,,,,,,,,,,,,,,
17-6-2025,HR149,Jagat Sir,13-6-2025,17-6-2025,,Shiva Enterprises Palwal,,,,,50,,,,,,,,,,,10,,,,,,,,,,,,,,,,,,,,,,,,,,,,,,,,,,10,,,,20,10,,,,,,,,,,,,,,,,,,,,,,,,,,,,,,,,,,,,,,,,,,,,,,,,,,,,,,,,,,,,,,,,,,,,,,,,,,,,,,,,,,,,,,,,,,,,,,,,,,,,,,,,,,,,,,,,,,,,,,,,,,,,,,,,
19-6-2025,HR153,Ravinder Sir,14-6-2025,19-6-2025,30 pc,Verma Elc. Nohar,,,,,30,,3,,,,,,,,,,,,,,,,,,,,,,,,,,,,,,,,,,,,,4,,,,,,10,,,,,,,,,,,,,,,,,,,,,,,,,,,,4,,,,,,,,,,,,,,4,,,,,,,,,,,,,,,,,,,,,,,,,,,,,,,,,,,,,,,,,,,,,,,,,,,,,,,,,,,,,,,,,,,,,,,,,,,,,,,,,5,,,,,,,,,,
16-6-25,HR154,Ravinder Sir,14-6-2025,16-6-25,,Bansal Elc. Uklana,"DP-1600-2%-2%CD
",,,,18,3,,,,,,,,,,3,,,,,,,,,,,,,,,,,,,,,,,,,,,,,,,,,,6,,,,,,,6,,,,,,,,,,,,,,,,,,,,,,,,,,,,,,,,,,,,,,,,,,,,,,,,,,,,,,,,,,,,,,,,,,,,,,,,,,,,,,,,,,,,,,,,,,,,,,,,,,,,,,,,,,,,,,,,,,,,,,,,,,,,,,
17-6-2025,HR156,Deepak Sir,17-6-2025,17-6-2025,,Neha Elc. Sonipat,,,,,50,,,,,,,,,12,,,,,,,,,,,,,,,,,,,,,,,,,,,,,,,14,,,,,,12,,,,,,,12,,,,,,,,,,,,,,,,,,,,,,,,,,,,,,,,,,,,,,,,,,,,,,,,,,,,,,,,,,,,,,,,,,,,,,,,,,,,,,,,,,,,,,,,,,,,,,,,,,,,,,,,,,,,,,,,,,,,,,,,,,,,,
18-6-2025,HR157,Jagat Sir,17-6-2025,18-6-2025,,Prem Power Solution Hathin,"dp-1500-2%
550 east-17.55
540 exi-16.75",,,,53,,,,,,,,,,,,,,,,,,,,,,,,,,,,,,,,,,,,,,,,,,,,,,,,,25,25,,,,,,,,,,,,,,,,,,,,,,,,,,,,,,,,,,,,,,,,,,,,,,,,,,,,,,,,,,,,,,,,,,,,,,,,,,,,,,,,,,,,,,,,,1,,,,,,,,,2,,,,,,,,,,,,,,,,,,,,,,,,,,,,,,
18-6-2025,HR158,Rambir Sir,17-6-2025,18-6-2025,,Raja Traders Hisar,,,,,12,,,6,,,,,,,,,,6,,,,,,,,,,,,,,,,,,,,,,,,,,,,,,,,,,,,,,,,,,,,,,,,,,,,,,,,,,,,,,,,,,,,,,,,,,,,,,,,,,,,,,,,,,,,,,,,,,,,,,,,,,,,,,,,,,,,,,,,,,,,,,,,,,,,,,,,,,,,,,,,,,,,,,,,,,,,,,,,,,,,,
21-6-2025,HR160,Deepak Sir,17-6-2025,21-6-2025,,Deep Trading Co. Farmana,,,,,55,10,,,,,,,,,,,,,,,,,,,,,,,,,,,,,,,,,,,,,,40,,,,,,2,,,,,,,,,,,,,,,,,,,,,,,,,,,,,,,,,,,,,,,,,,,,,,,,,,,,,,,,,,,,,,,,,,,,,,,,,,,,,,,,,,,,,,,,,,,,,,,,,,,,,,,3,,,,,,,,,,,,,,,,,,,,,,,,,,,,,,
18-6-2025,HR161,Ravinder Sir,18-6-2025,18-6-2025,App By sunil Sir,T.R. Electronic Bhadra(Tulsha Ram),,,,,1,,,,,,,,,,,,,,,,,,,,,,,,,,,,,,,,,,,,,,,,,,,,,,,,,,,,,,,,,,,,,,,,,,,,,,,,,,,,,,,,,,,,,,,,,,,,,,,,,,,,,,,1,,,,,,,,,,,,,,,,,,,,,,,,,,,,,,,,,,,,,,,,,,,,,,,,,,,,,,,,,,,,,,,,,,,,,,,,,,,
21-6-2025,HR162,Kishor Sir,19-6-2025,21-6-2025,,Dahiya Battery Hisar,,,,,10,,,,,,,,,,,,,,,,,,,,,,,,,,6,,,,,,,,,,,,,,,,,,,,,,,,,,,,,,,,,,,,,,,,,,,,,,,,,,,,,,,,,,,,,,4,,,,,,,,,,,,,,,,,,,,,,,,,,,,,,,,,,,,,,,,,,,,,,,,,,,,,,,,,,,,,,,,,,,,,,,,,,,,,,,,,,,,,,,,,,
,HR166,Rambir Sir,19-6-2025,21-6-2025,10pc aproved,Sunlight Battrey Fathebad,,,,,10,,,,,,,,,,,,,,,,,,,,,,,,,,,,,,,,,,,,,,,,10,,,,,,,,,,,,,,,,,,,,,,,,,,,,,,,,,,,,,,,,,,,,,,,,,,,,,,,,,,,,,,,,,,,,,,,,,,,,,,,,,,,,,,,,,,,,,,,,,,,,,,,,,,,,,,,,,,,,,,,,,,,,,,,,,,,,,,,,,,
,HR171,Prem S. Sir,21-6-2025,24-6-2025,,Sahun Inverter Battery Punhana,Dp-1500-2%-3%cd,,,1 lac with mat,55,,,,,,,,,,,,10,,,,,,,,,,,,,,,,,,,,,,,,,,,,,,,,,,12,,,,,,,15,,,,,,,15,,,,,,,,,,,,,,,,,,,,,,,,,,,,,,,,,,,,,,,,,,,,,,,,,,,,,,,,,,,,,,,,,,,,,,,,,,,,,,,,,,,,,,,,3,,,,,,,,,,,,,,,,,,,,,,,,,,,,,,
24-6-2025,HR174,Sunil Sir,24-6-2025,24-6-2025,,Bnasal Uklana,,,,,27,,,,,,,,,,,4,,,,,,,,,,,,,,,,,,,,,,,,,,,,,,,,,,10,5,,,,4,,4,,,,,,,,,,,,,,,,,,,,,,,,,,,,,,,,,,,,,,,,,,,,,,,,,,,,,,,,,,,,,,,,,,,,,,,,,,,,,,,,,,,,,,,,,,,,,,,,,,,,,,,,,,,,,,,,,,,,,,,,,,,,,,
25-6-2025,HR180,Rajesh Sir,24-6-2025,25-6-2025,,Hanumant Traders Service Centre Meham,,,,,30,,,,,,,,,,,4,,,,,,,,,,,,,,,,,,,,,,,,,,,,,,,,,,3,,,,,,,13,,,,,5,,5,,,,,,,,,,,,,,,,,,,,,,,,,,,,,,,,,,,,,,,,,,,,,,,,,,,,,,,,,,,,,,,,,,,,,,,,,,,,,,,,,,,,,,,,,,,,,,,,,,,,,,,,,,,,,,,,,,,,,,,
,HR184,Jagat Sir,25-6-2025,,,Prem Power Sol. hathin,,,,,24,,,,,,,,,,,,,,,,,,,,,,,,,,,,,,,,,,,,,,,,,,,,,,,,,,14,,,,,,,,,,,,,,10,,,,,,,,,,,,,,,,,,,,,,,,,,,,,,,,,,,,,,,,,,,,,,,,,,,,,,,,,,,,,,,,,,,,,,,,,,,,,,,,,,,,,,,,,,,,,,,,,,,,,,,,,,,,,,,,,,
27-6-2025,HR185,Raajesh Sir ,26-4-2025,27-6-2025,,Paras Enterprises Service Centre Jind,,,,,16,3,,,,,,,,,,5,,,,,,,,,,,,,,3,,,,,,,,,,,,,,,,,,,,,,,,,,,5,,,,,,,,,,,,,,,,,,,,,,,,,,,,,,,,,,,,,,,,,,,,,,,,,,,,,,,,,,,,,,,,,,,,,,,,,,,,,,,,,,,,,,,,,,,,,,,,,,,,,,,,,,,,,,,,,,,,,,,,,,,,,,
29-6-2025,HR155,Chander Sir,16-6-2025,29-6-2025,,Guru Nanak Elc Ellenabad,,,2 Foc tt17536,after 3 lac 5/7,87,,,,,,,,,,,10,,,,,,,,,,,,,,,,,,,,,,,,,,,,,10,,,,,32,10,,,,,,,,,,,,,5,,,,,,,,,,,,,,,,,,,,,,,,,,,,15,5,,,,,,,,,,,,,,,,,,,,,,,,,,,,,,,,,,,,,,,,,,,,,,,,,,,,,,,,,,,,,,,,,,,,,,,,,,,,,,,,,,,,,,,,,,
30-6-2025,HR80,Salman Sir,28-5-2025,30-6-2025,,Shubh Battery House Mathura,"New DP-1500-2%-3% cd
120 (SP)
Panal-",,2 pc slt tt17536,,71,,4,,,,,,,,,,,,,,,,,,,,,,,,,,,,,,,,,,,,,,15,,,,,,15,,,,,,,,,,,,,,10,,,,,,,,,,,,,,,,,,,,,,,,,,,,10,,,,5,,,,,,,,,,,,,,,,,,,,,,,,,,,,,,,,,,,,,,,,,,,,,,,,,,,,,,,,,,,,,,12,,,,,,,,,,,,,,,,,,,,,,,,
5-7-2025,HR116(A),Chander Sir,3-6-2025,5-7-2025,,New Unique Ent. Sirsa(Order A),,,,,31,,,,,,,,,,,,,,,,10,,,,,,,,,,,,,,,,,,,,,,,,,,,,,,,,,,,,,,,,,11,,8,,,,,,,,,,,,,,,,,,,,,,,,,,,,2,,,,,,,,,,,,,,,,,,,,,,,,,,,,,,,,,,,,,,,,,,,,,,,,,,,,,,,,,,,,,,,,,,,,,,,,,,,,,,,,,,,,,,,,,,,
5-7-2025,HR116(B),Chander Sir,3-6-2025,5-7-2025,,New Unique Ent. Sirsa(Order B),,,16 pc tt17536 liva,,20,,,,,,,,,,,,,,,,,,,,,,,,,,,,,,,,,,,,,,,,,,,,,,,,,,,,,,,,,,,,,,,,20,,,,,,,,,,,,,,,,,,,,,,,,,,,,,,,,,,,,,,,,,,,,,,,,,,,,,,,,,,,,,,,,,,,,,,,,,,,,,,,,,,,,,,,,,,,,,,,,,,,,,,,,,,,,,,,,,,
5-7-2025,HR124,Chander Sir,6-4-2025,5-7-2025,13 pc aproved,Sukhija Elc. Sirsa,,,,,15,,,,,,,,,,,,,7,,,,,,,,,,,,,,,,,,,,,,,,,,,,,,,,,,8,,,,,,,,,,,,,,,,,,,,,,,,,,,,,,,,,,,,,,,,,,,,,,,,,,,,,,,,,,,,,,,,,,,,,,,,,,,,,,,,,,,,,,,,,,,,,,,,,,,,,,,,,,,,,,,,,,,,,,,,,,,,,,,,,,,
6-6-2025,HR132,Kaushal Sir,6-5-2025,6-6-2025,,Manglam Battery Fathebad,,,,,40,,,,,,,,10,,,,,,,,,,,,,,,,,,,,,,,,,,,,,,,10,,,,,,10,,,,,,,,,,,,,,,,,,,,,,,,,,,,,,,,,,,,,,,,,,5,,,,5,,,,,,,,,,,,,,,,,,,,,,,,,,,,,,,,,,,,,,,,,,,,,,,,,,,,,,,,,,,,,,,,,,,,,,,,,,,,,,,,,,,,,,,
31-7-2025,HR139,Salman Sir,9-6-2025,31-7-2025,,Murti Battery Agra,,,week end,,40,,,,,,,,,2,,,,,,,,,,,,,,,,,,,,,,,,,,,,,,20,,,,,,,,,,,,,,,,,,,,10,,,,,,,,,,,,,,,,,,,,,,,,,8,,,,,,,,,,,,,,,,,,,,,,,,,,,,,,,,,,,,,,,,,,,,,,,,,,,,,,,,,,,,,,,,,,,,,,,,,,,,,,,,,,,,,,,,,,,,,,
7-11-2025,HR148,Jagat Sir,13-6-2025,11-7-2025,,Shiva Enterprises Palwal,,company ki gadi ,,100k with mat,50,,,,,,,,,,,18,,,,,,,,,,,,,,,,,,,,,,,,,,,,,,,,,,,,,,,28,,,,,,,,,,,,,,,,,,,,,,,,,,,,,,,,,,,,,4,,,,,,,,,,,,,,,,,,,,,,,,,,,,,,,,,,,,,,,,,,,,,,,,,,,,,,,,,,,,,,,,,,,,,,,,,,,,,,,,,,,,,,,,,,,
29-6-2025,HR150,Jagat Sir,13-6-2025,29-6-2025,,Shiva Enterprises Palwal,,,,30/6/25 5 lac,50,,,,,,,,,,,5,,,,,,,,,,,,,,,,,,,,,,,,,,,,,,,,,,20,,,,20,,,,,,,,,,,,,,,,,,,,,,,,,,,,,,,,,,,,,,5,,,,,,,,,,,,,,,,,,,,,,,,,,,,,,,,,,,,,,,,,,,,,,,,,,,,,,,,,,,,,,,,,,,,,,,,,,,,,,,,,,,,,,,,,,,
2-7-2025,HR169 ,Chander Sir,21-6-2025,2-7-2025,,A To Z Power Solution Dabwali ,DP-1500-2%-3%CD (28%),,,,11,,,,,,,,,,,,,,,,,,,,,,,,,,,,,,,,,,,,,,,5,,,,,,,,,,,,,,,,,,,,6,,,,,,,,,,,,,,,,,,,,,,,,,,,,,,,,,,,,,,,,,,,,,,,,,,,,,,,,,,,,,,,,,,,,,,,,,,,,,,,,,,,,,,,,,,,,,,,,,,,,,,,,,,,,,,,,,,,,,,,
3-7-2025,HR172,Deepak Sir,23-6-2025,3-7-2025,,Neha Elc. Sonipat,,,,,150,,5,,,,,,,25,,,5,,,,,,,,,,,,,,,,,,,,,,,,,,,,35,,,,,,35,,,,,,,35,,,,,,,,,,,,,,,,,,,,,,,,,,,,,,,,,,,10,,,,,,,,,,,,,,,,,,,,,,,,,,,,,,,,,,,,,,,,,,,,,,,,,,,,,,,,,,,,,,,,,,,,,,,,,,,,,,,,,,,,,,,,,,
26-6-2025,HR173,Ravinder Sir,23-6-2025,26-6-2025,,Malik Battery Uchana,,,,,233,18,,,,,,,,,,20,,,,,,,20,,,,,,,25,,,,,,,,,,,,,,,,,,,,70,,,,,,,50,,,,,,,10,,,,,,,,,,,,,,,,,,,,,,,,,,,,20,,,,,,,,,,,,,,,,,,,,,,,,,,,,,,,,,,,,,,,,,,,,,,,,,,,,,,,,,,,,,,,,,,,,,,,,,,,,,,,,,,,,,,,,,,,
1-7-2025,HR175,Prem S. Sir,23-6-2025,1-7-2025,50pc aproved,Mubarik Inverter Batteries Nuh,DP-1500-2%,"EAST P K SATH DISP
3 PANEL LAST BILLING CHANGE",2 foc La tt17536,,53,,,,,,,,,,,6,,,,,4,,,,,,,,,4,,,,,4,,,,,,,,,,,,,,,,,,,,,,8,,,,,8,,6,,,,,6,,,,,,,,,,,,,,,,,,,,,,,,,,,4,,,,,,,,,,,,,,,,,,,,,,,,,,,,,,,,,,,,,,,,,,,,,,,,3,,,,,,,,,,,,,,,,,,,,,,,,,,,,,,,,,,,,,,,
2-7-2025,HR177,Salman Sir,24-6-2025,2-7-2025,,Sun Light Batteries Mathura,,,,dispatch after 2 lac,55,,,,,,,,,,,,,,,,,,,,,,,,,,,,,,,,,,,,,,,7,,,,,,15,,,,,,,,,,,,,,20,,,,,,,,,,,,,,,,,,,,,,,,,,,,10,,,,,,,,,,,,,,,,,,,,,,,,,,,,,,,,,,,,,,,,,,,,,,,,,,,,,,,,,,,,,3,,,,,,,,,,,,,,,,,,,,,,,,,,,,,,
26-6-2025,HR182,Ajeet Sir,25-6-2025,26-6-2025,,Akash Enterpises Mahendergarh,DP-2200-2%-3%,,,,265,,20,,,,,,,40,,,40,,,,,,,20,,,,,,,20,,,,,,,,,,,,,,20,,,,,,32,,,,,,,,,,,,,,,,,,,,,,,,,,,,,,,,,,,,,,,,,,,,,,20,,,,,,,,,,,,,,,,,,,,,,,,,,,,,,,,,,,,,,,,,,,,,,,,,,,,,,53,,,,,,,,,,,,,,,,,,,,,,,,,,,,,,,,
29-6-2025,HR187,Prem S. Sir,25-6-2025,29-6-2025,,Shri Radhey Krishna Hodal,Dp-1500-2% mix billing with panel,,,,28,4,,,,,,,8,,,4,,,,,,,,,,,,,,,,,,,,,,,,,,,,8,,,,,,,,,,,,,,,,,,,,4,,,,,,,,,,,,,,,,,,,,,,,,,,,,,,,,,,,,,,,,,,,,,,,,,,,,,,,,,,,,,,,,,,,,,,,,,,,,,,,,,,,,,,,,,,,,,,,,,,,,,,,,,,,,,,,,,,,,,,,
29-6-2025,HR188,Prem S. Sir,25-6-2025,29-6-2025,,Aggarwal Ent. Alwar,Dp-1500-2%-3%Cd,,,,60,,,,,,,,,,,,,,,,,,,,,,,,,,,,,,,,,,,,,,,,,,,,,,,,,,,,,,,,,20,,,,,,,40,,,,,,,,,,,,,,,,,,,,,,,,,,,,,,,,,,,,,,,,,,,,,,,,,,,,,,,,,,,,,,,,,,,,,,,,,,,,,,,,,,,,,,,,,,,,,,,,,,,,,,,,,,,,,,,,,,
29-6-2025,HR189,Arun Sir,25-6-2025,29-6-2025,,D.R Radio Charkhi Dadri ,DP-2200-2%-3%,,,dispatch after 1 lac 30/6 /,50,,12,,,,,,,8,,,,,,,,,,,,,,,,,,,,,,,,,,,,,,,,,,,,,20,,,,,,,,,,,,,,,,,,,,,,,,,,,,,,,,,,,,,,,,,,,,,,,,,,,,,,,,,,,,,,,,,,,,,,,,,,,,,,,,,,,,,,,,,,,,,10,,,,,,,,,,,,,,,,,,,,,,,,,,,,,,,,,,,,,,,
28-6-2025,HR190,Arun Sir,25-6-2025,28-6-2025,20 pc aproved,Manjeet Battery House Dadri,DP-1500-2%-120,,,,30,,,,,,,,5,,,,,,,,,,5,,,,,,,,,,,,,,,,,,,,,,,,,,,5,,,,,,,,,,,,,,,,,,,,,,,,,,,,,,,,,,,,,,,,,,10,,,,5,,,,,,,,,,,,,,,,,,,,,,,,,,,,,,,,,,,,,,,,,,,,,,,,,,,,,,,,,,,,,,,,,,,,,,,,,,,,,,,,,,,,,,,
28-6-2025,HR191,Ravinder Sir,25-6-2025,28-6-2025,,Gautam Elc. Julana,DP-1500-10%,,,,10,10,,,,,,,,,,,,,,,,,,,,,,,,,,,,,,,,,,,,,,,,,,,,,,,,,,,,,,,,,,,,,,,,,,,,,,,,,,,,,,,,,,,,,,,,,,,,,,,,,,,,,,,,,,,,,,,,,,,,,,,,,,,,,,,,,,,,,,,,,,,,,,,,,,,,,,,,,,,,,,,,,,,,,,,,,,,,,,,,,
28-6-2025,HR192,Ravinder Sir,25-6-2025,28-6-2025,,Bhutani Traders Hisar,DP-2200-2%,,78,,175,,30,,,,,,,20,,,,,,,,,,,,,,,,,,,,,,,,,,,,,,,,,,,,,,,,,,,,50,,,,,,,50,,,,,,,,,,,,,,,,,,,,,,,,,,,,,,,,,,,,,,,,,,,,,,,,,,,,,,,,,,,,,,,,,,,,,,,,,,,,,,,,,,,,,,,,25,,,,,,,,,,,,,,,,,,,,,,,,,,,,,,
30-6-2025,HR193,Manoj Sir,26-6-2025,30-6-2025,,Bala Ji Battery Bareilly,,Mixbilling,,dipatcg after 6 lac,53,,,,,,,,,,,,,,,,,,,,,,,,,,,,,,,,,,,,,,,,,,,,,30,,,,,,,,,,,,,,20,,,,,,,,,,,,,,,,,,,,,,,,,,,,,,,,,,,,,,,,,,,,,,,,,,,,,,,,,,,,,,,,,,,,,,,,,,,,,,,,3,,,,,,,,,,,,,,,,,,,,,,,,,,,,,,,,,,,,,,,
30-6-2025,HR194,Manoj Sir,26-6-2025,30-6-2025,,Sai Enterprise Rampur ,,Mixbilling,2 Foc sytt17536,dispatch after 3 lac,105,,,,,,,,,,,12,,,,,,,,,,,,,,,,,,,,,,,,,,,,,,,,,,38,,,,,,,,,,,,,,30,,,,,,,,,,,,,,,,,,,,,,,,,,,,22,,,,,,,,,,,,,,,,,,,,,,,,,,,,,,,,,,,,,,,,,,,,,,,,,,,,3,,,,,,,,,,,,,,,,,,,,,,,,,,,,,,,,,,,,,,,
2-7-2025,HR196,Prem S. Sir,26-6-2025,2-7-2025,,Aggarwal Ent. Alwar,Dp-1500-2%-3%CD,,2 Foc Latt17536,,85,,,,,,,,,,,,,,,,,,,,,,,,,,,,,,,,,,,,,,,,,,,,,,,,,,2,,,,,,,20,,,,,,,60,,,,,,,,,,,,,,,,,,,,,,,,,,,,,,,,,,,,,,,,,,,,,,,,,,,,,,,,,,,,,,,,,,,,,,,,,,,3,,,,,,,,,,,,,,,,,,,,,,,,,,,,,,,,,,,,,,,
30-6-2025,HR197,Arun Sir,28-6-2025,30-6-2025,,Akash & Inv. Battery House Bawal,Dp-1500-2%,,2 Foc Latt17536,,31,,,,,,,,,,,,,,,,,,,,,,,4,,,,,,,,,,,,,,,,,,,,,,,,,,,2,,,,,,,15,,,,,,,10,,,,,,,,,,,,,,,,,,,,,,,,,,,,,,,,,,,,,,,,,,,,,,,,,,,,,,,,,,,,,,,,,,,,,,,,,,,,,,,,,,,,,,,,,,,,,,,,,,,,,,,,,,,,,,,,,,
2-7-2025,HR198(A),Arun Sir,28-6-2025,2-7-2025,85pc aproved,Ashok Elc. & Hardware Satnali (Order A),Dp-1400-2%,,2 Foc Liv.t tt17536,,55,,,,,10,,,,,,,,,,15,,,,,,,,,,,,,,10,,,,,,,,,,,,,,,,,,,,17,,,,,,,,,,,,,,,,,,,,,,,,,,,,,,,,,,,,,,,,,,,,,,,,,,,,,,,,,,,,,,,,,,,,,,,,,,,,,,,,,,,,,,,,,,,,,,,,,,,3,,,,,,,,,,,,,,,,,,,,,,,,,,,,,,
2-7-2025,HR198(B),Arun Sir,28-6-2025,2-7-2025,,Ashok Elc. & Hardware Satnali (Order B),,,,,35,,,,,,,,,,,,,,,,,,,,,,15,,,,,,,,,,,,,,,,,,,,,,,,,,,,,,,,,,,,,,,,,20,,,,,,,,,,,,,,,,,,,,,,,,,,,,,,,,,,,,,,,,,,,,,,,,,,,,,,,,,,,,,,,,,,,,,,,,,,,,,,,,,,,,,,,,,,,,,,,,,,,,,,,,,,,,,,,,,,,
30-6-2025,HR199,Prem S. Sir,28-6-2025,30-6-2025,50 pc aproved,Sahun Inverter Battery Punhana,DP-1500-2%-3%Cd,,4 Foc Saltt17536,dispatch after 2 lac,55,,,,,,,,,,,,3,,,,,,,,,,,,,,,,,,,,,,,,,,,,,,,,,,27,,,,,,,15,,,,,,,7,,,,,,,,,,,,,,,,,,,,,,,,,,,,,,,,,,,,,,,,,,,,,,,,,,,,,,,,,,,,,,,,,,,,,,,,,,,,,,,3,,,,,,,,,,,,,,,,,,,,,,,,,,,,,,,,,,,,,,,
30-6-2025,HR200,Rambir Sir,28-6-2025,30-6-2025,,Sagar Elc. Hisar,,,,,22,,,,,,,,4,,,10,,,,,,,2,,,,,,,,,,,,,,,,,,,,,,,,,,,4,,,,,,,,,,,,,,,,,,,,,,,,,,,,,,,,,,,,,,,,,,,,,,,,,,,,,,,,,,,,,,,,,,,,,,,,,,,,,,,,,,,,,,,,,,,,,,,,,,,,,,,2,,,,,,,,,,,,,,,,,,,,,,,,,,,,,,
2-7-2025,HR201,Salman Sir,30-6-2025,2-7-2025,,Chauhan Battery House Mainpuri,,,2 Foc sytt17536,,58,,,,,,,,,,,,,,,,,,,,,,,,,,,,,,,,,,,,,,,12,,,,,,15,,,,,,,,,,,,,,15,,,,,,,,,,,,,,,,,,,,,,,,,,,,12,,,,,,,,,,,,,,,,,,,,,,,,,,,,,,,,,,,,,,,,,,,,,,,,,,,,,,,,,,,,,3,,,,,,1,,,,,,,,,,,,,,,,,,,,,,,,
7-1-2025,HR202,Rambir Sir,30-6-2025,7-1-2025,,Sunlight Battrey Fathebad,,,,,20,,,,,,,,,,,,,,,,,,,,,,,,,,,,,,,,,,,,,,,,10,,,,,,,,,10,,,,,,,,,,,,,,,,,,,,,,,,,,,,,,,,,,,,,,,,,,,,,,,,,,,,,,,,,,,,,,,,,,,,,,,,,,,,,,,,,,,,,,,,,,,,,,,,,,,,,,,,,,,,,,,,,,,,,,,,,,,,,,,,,
30-6-2025,HR203,Manoj Sir,30-6-2025,30-6-2025,,Moradabad Electronics Moradabad ,,,,"15 pc liva tt20036 , dispatcg after 3.5 lac",35,,,,,,,,,,,,,,,,,,,,,,,,,,,,,,,,,,,,,,,,,,,20,,,,,,,15,,,,,,,,,,,,,,,,,,,,,,,,,,,,,,,,,,,,,,,,,,,,,,,,,,,,,,,,,,,,,,,,,,,,,,,,,,,,,,,,,,,,,,,,,,,,,,,,,,,,,,,,,,,,,,,,,,,,,,,,,,,,,,,,
1-7-2025,HR204,Prem S. Sir,],1-7-2025,,V Tek System Ballabhgarh,,,,dispatah after 1.5 lac,31,,,,,,,,,,,15,,,,,,,6,,,,,,,10,,,,,,,,,,,,,,,,,,,,,,,,,,,,,,,,,,,,,,,,,,,,,,,,,,,,,,,,,,,,,,,,,,,,,,,,,,,,,,,,,,,,,,,,,,,,,,,,,,,,,,,,,,,,,,,,,,,,,,,,,,,,,,,,,,,,,,,,,,,,,,,,,,,,,,,,,
1-7-2025,HR205,Jagat Sir,30-6-2025,1-7-2025,,Prem Power Solution Hathin,"dp-1500-2%
540 exide 16.75",,,,53,,,,,,,,,,,,,,,,,,,,,,,,,,,,,,,,,,,,,,,,,,,,,25,,,,,25,,,,,,,,,,,,,,,,,,,,,,,,,,,,,,,,,,,,,,,,,,,,,,,,,,,,,,,,,,,,,,,,,,,,,,,,,,,,,,,,,,,,,,,,,,,,,,,,,,3,,,,,,,,,,,,,,,,,,,,,,,,,,,,,,
1-7-2025,HR206,Jagat Sir,30-6-2025,1-7-2025,,Prem Power Solution Hathin,,,,,53,,,,,,,,,,,,,,,,,,10,,,,,,,,,,,,,,,,,,,,,,,,,,,,,,,,,,,,,,,,,,,,,,20,,,,,,,,,,,,,,,,,10,,,,,,10,,,,,,,,,,,,,,,,,,,,,,,,,,,,,,,,,,,,,,,,,,,,,,,,,,,,,,,,,,,,,3,,,,,,,,,,,,,,,,,,,,,,,,,,,,,,
15-7-2025,HR207,Arun Sir,30-6-2025,15-7-2025,,Ajeet Rep. Centre Bawal,"Dp-2000 -2%

ups-",,,,60,,,,,,,,,,,8,,,,,,,8,,,,,,,8,,,,,,,,,,,,,,,,,,,,,,,,,,,,,,,,,,,,,,,,,,,,,,,,,,,,,,,,,,,,,,8,,,,,,,,,,,,,,,,,,,,,,,,,,,,,,,,,,,,,,,,,,,,,,,,,,,,8,,,,,,,,,,,,,,,,,,,,,,,,,,10,10,,,,,,,,,,,,
4-7-2025,HR209,Arun Sir,30-6-2025,4-7-2025,,Dheeraj Elc. Bahujhorli,Dp -1500-2%-120,,,With Mat 100 k,10,,,,,,,,,,,,,,,,,,2,,,,,,,,,,,,,,,,,,,,,,,,,,,4,,,,,,,,,,,,,,4,,,,,,,,,,,,,,,,,,,,,,,,,,,,,,,,,,,,,,,,,,,,,,,,,,,,,,,,,,,,,,,,,,,,,,,,,,,,,,,,,,,,,,,,,,,,,,,,,,,,,,,,,,,,,,,,,,,,,,,
4-7-2025,HR210,Ravinder Sir,30-6-2025,4-7-2025,,Bansal Elc. Uklana,,,,,16,,,,,,,,,,,,,,,,,,,,,,,,,,,,,,,,,,,,,,,,,,,,,8,,,,,4,,4,,,,,,,,,,,,,,,,,,,,,,,,,,,,,,,,,,,,,,,,,,,,,,,,,,,,,,,,,,,,,,,,,,,,,,,,,,,,,,,,,,,,,,,,,,,,,,,,,,,,,,,,,,,,,,,,,,,,,,,,,,,,,,
4-7-2025,HR212,Deepak Sir,30-6-2025,4-7-2025,,Deep Trading Co. Farmana,,,,,72,12,,,,,,,20,,,,,,,,,,,,,,,,,,,,,,,,,,,,,,,20,,,,,,20,,,,,,,,,,,,,,,,,,,,,,,,,,,,,,,,,,,,,,,,,,,,,,,,,,,,,,,,,,,,,,,,,,,,,,,,,,,,,,,,,,,,,,,,,,,,,,,,,,,,,,,,,,,,,,,,,,,,,,,,,,,,,,,,,,,,,
15-7-2025,HR213,Prem S. Sir,3-7-2025,15-7-2025,,K k Battery Faridabad,,,,,55,8,,,,,20,,,,,4,,,,,12,,,,,,,,,,,,,,,,,,,,,,,,,,,,,,,,,,,,,,,,,,,,,,,,,,,,,,,,,,,,,,,,,,,,,,,,,,,,,,,,,,,,,,,,,,,,,,,,,,,,,,,,,,,,,,,,,,,,,,,,,,,11,,,,,,,,,,,,,,,,,,,,,,,,,,,,,,,,,,,,,,,
11-7-2025,HR215,Salman Sir,7-7-2025,11-7-2025,,Ratan Power System Firozabad ,,11-7-2025,,,61,,,,,,,,,,,5,,,,,,,,,,,,,,,,,,,,,,,,,,,,,,,,,,32,,,,,,,,,,,,,,15,,,,,,,,,,,,,,,,,,,,,,,,,,,,,,,,,,,,,,,,,,,,,,,,,,,,,,,,,,,,,,,,,,,,,,,,,,,,2,,,,,,,,,,,,,,,,,,,7,,,,,,,,,,,,,,,,,,,,,,,,
7-11-2025,HR216,Jagat Sir,7-7-2025,7-11-2025,,Prem Power Solution Hathin,Dp-1500-2%,10-7-2025,,,50,,,,,,,,,,,10,,,,,,,,,,,,,,,,,,,,,,,,,,,,,,,,,,15,,,,,10,,,,,,,,,,,,,,,,,,,,,,,,,,,,,,,,,,,,,15,,,,,,,,,,,,,,,,,,,,,,,,,,,,,,,,,,,,,,,,,,,,,,,,,,,,,,,,,,,,,,,,,,,,,,,,,,,,,,,,,,,,,,,,,,,
22-7-2025,HR217,Jagat Sir,7-7-2025,22-7-2025,,Prem Power Solution Hathin,Dp-1500-2%,13-7-2025,TT17536 28 %PE OTHER MODAL,,50,,,,,,,,,,,,,,,,,,,,,,,,,,,,,,,,,,,,,,,,,,,,,14,,,,,,,,,,,,,,6,12,,,,6,,,,,,,,,,,,,,,,,,,,,,,6,6,,,,,,,,,,,,,,,,,,,,,,,,,,,,,,,,,,,,,,,,,,,,,,,,,,,,,,,,,,,,,,,,,,,,,,,,,,,,,,,,,,,,,,,,,,
8-7-2025,HR219,Arun Sir,7-7-2025,8-7-2025,,Bharat Battery & Inverter Dharuhera,Dp-1500-2%,,,,10,,,,,,,,,,,,,,,,,,,,,,,,,,,,,,,,,,,,,,,,,,,,,,,,,,,,,,,,,,,,4,,,,,,,,,,,,,,,,,,,,,,,,,,,,,,,,6,,,,,,,,,,,,,,,,,,,,,,,,,,,,,,,,,,,,,,,,,,,,,,,,,,,,,,,,,,,,,,,,,,,,,,,,,,,,,,,,,,,,,,
8-7-2025,HR220,Ravinder Sir,7-8-2025,8-7-2025,APP BY Sunil sir,T.R. Electronic Bhadra(Tulsha Ram),DEAL,,,,22,,,,,,,,,,,10,,,,,,,,,,,,,,,,,,,,,,,,,,,,,,,,,,,,,,,,,12,,,,,,,,,,,,,,,,,,,,,,,,,,,,,,,,,,,,,,,,,,,,,,,,,,,,,,,,,,,,,,,,,,,,,,,,,,,,,,,,,,,,,,,,,,,,,,,,,,,,,,,,,,,,,,,,,,,,,,,,,,,,,,
8-7-2025,HR221,Rambir Sir,8-7-2025,8-7-2025,],Raja Traders Hisar,,,,,12,6,,,,,,,,,,6,,,,,,,,,,,,,,,,,,,,,,,,,,,,,,,,,,,,,,,,,,,,,,,,,,,,,,,,,,,,,,,,,,,,,,,,,,,,,,,,,,,,,,,,,,,,,,,,,,,,,,,,,,,,,,,,,,,,,,,,,,,,,,,,,,,,,,,,,,,,,,,,,,,,,,,,,,,,,,,,,,,,,,,
9-7-2025,HR222,Chander Sir,8-7-2025,9-7-2025,,A To Z Power Solution Dabwali ,,,,,15,,,,,,,,,,,,,,,,,,,,,,,,,,,,,,,,,,,,,,,,,,,,,,,,,,,,,,,,,,,,,,,,,,,,,,,,,,,,,,,,,,,,,,,,,,,,,,,,,,,,,,,,,,,,,,,,,,,,,,,,,,,,,,,,,,,,,,,,,,,,,,,,,,,,,,,,,,,,,,,,,,,,,5,5,,5,,,,,,,,,,
9-7-2025,HR223,Chander Sir,8-7-2025,9-7-2025,,Sukhija Elc. Sirsa,,,,,15,,,,,,,,,,,,,,,,,,,,,,,,,,,,,,,,,,,,,,,,,,,,,,,,,,,,,,,,,,,,,,,,,,,,,,,,,,,,,,,,,,,,,,,,,,,,,,,,,,,,,,,,,,,,,,,,,,,,,,,,,,,,,,,,,,,,,,,,,,,,,,,,,,,,,,,,,,,,,,,,,,,,,5,5,,5,,,,,,,,,,
7-9-2025,HR224,Rajesh Sir,9-7-2025,7-9-2025,,Vikash Elc. Service Centre Hisar,,,,,25,,,,,,,,,,,,,,,,4,,,,,,,,,,,,,,,,,,,,,,,,,,,,,4,,,,,,,12,3,,,,,,,2,,,,,,,,,,,,,,,,,,,,,,,,,,,,,,,,,,,,,,,,,,,,,,,,,,,,,,,,,,,,,,,,,,,,,,,,,,,,,,,,,,,,,,,,,,,,,,,,,,,,,,,,,,,,,,,,,,,,,,
9-7-2025,HR225,Rambir Sir,9-7-2025,9-7-2025,,Bhutani Traders Hisar,DP-3%,,,,30,,,,,,,,,,,,,,,,,,,,,,,,,,,,,,,,,,,,,,,,,,,,,,,,,,,,,,,,,,,,,,,,,,,,,,,,,,,,,,,,,,,,,,,,,,,,,,,,,,,,,,,,,,,,,,,,,,,,,,,,,,,,,,,,,,,,,,,,,,,,,,,,,,,,,,,,,,,,,,,,,,,,,15,15,,,,,,,,,,,,
9-7-2025,HR226,Rajesh Sir,9-7-2025,9-7-2025,,Shree Battery Service Centre Dhampur,,,,,4,,,,,,,,,,,,,,,,,,,,,,,,,,,,,,,,,,,,,,,,,,,,,,,,,,,,,,,,,,,,,,,,,,,,,,,,,,,,,,,,,,,,,,,,,,,,,,,,,,,,,,,,,,,,,,,,,,,,,,,,,,,,,,,,,,,,,,,,,,,,,,,,,,,,,,,,,,,,,,,,,,,,,,,,,,,,,2,,2,,,
19-7-2025,HR227,Rajesh Sir,9-7-2025,19-7-2025,,M S Battery Service Centrer Moradbad,PCB,,,,4,,,,,,,,,,,,,,,,,,,,,,,,,,,,,,,,,,,,,,,,,,,,,,,,,,,,,,,,,,,,,,,,,,,,,,,,,,,,,,,,,,,,,,,,,,,,,,,,,,,,,,,,,,,,,,,,,,,,,,,,,,,,,,,,,,,,,,,,,,,,,,,,,,,,,,,,,,,,,,,,,,,,,,,,,,,,,2,,2,,,
19-7-2025,HR228,Rajesh Sir,9-7-2025,19-7-2025,,V.M. Enterprises Muzaffarnagar,PCB,,,,4,,,,,,,,,,,,,,,,,,,,,,,,,,,,,,,,,,,,,,,,,,,,,,,,,,,,,,,,,,,,,,,,,,,,,,,,,,,,,,,,,,,,,,,,,,,,,,,,,,,,,,,,,,,,,,,,,,,,,,,,,,,,,,,,,,,,,,,,,,,,,,,,,,,,,,,,,,,,,,,,,,,,,,,,,,,,,2,,2,,,
19-7-2025,HR229,Rajesh Sir,9-7-2025,19-7-2025,,Chauhan Battery House Mainpuri,PCB,,,,4,,,,,,,,,,,,,,,,,,,,,,,,,,,,,,,,,,,,,,,,,,,,,,,,,,,,,,,,,,,,,,,,,,,,,,,,,,,,,,,,,,,,,,,,,,,,,,,,,,,,,,,,,,,,,,,,,,,,,,,,,,,,,,,,,,,,,,,,,,,,,,,,,,,,,,,,,,,,,,,,,,,,,,,,,,,,,2,,2,,,
19-7-2025,HR230,Rajesh Sir,9-7-2025,19-7-2025,,Qadri Enterprise Behjoi,PCB,,,,4,,,,,,,,,,,,,,,,,,,,,,,,,,,,,,,,,,,,,,,,,,,,,,,,,,,,,,,,,,,,,,,,,,,,,,,,,,,,,,,,,,,,,,,,,,,,,,,,,,,,,,,,,,,,,,,,,,,,,,,,,,,,,,,,,,,,,,,,,,,,,,,,,,,,,,,,,,,,,,,,,,,,,,,,,,,,,2,,2,,,
11-7-2025,HR231,Rambir Sir,10-7-2025,11-7-2025,,Sagar Elc. Hisar,,,,,10,,,,,,,,,,,,,,,,,,,,,,,,,,,,,,,,,,,,,,,,,,,,,,,,,,,,,,,,,,,,,,,,,,,,,,,,,,,,,,,,,,,,,,,,,,,,,,,,,,,,,,,,,,,,,,,,,,,,,,,,,,,,,,,,,,,,,,,,,,,,,,,,,,,,,,,,,,,,,,,,,,,,,6,4,,,,,,,,,,,,
11-7-2025,HR232,Deepak Sir,10-7-2025,11-7-2025,,Inverter Plaza Rohtak,,,,,106,,,,,,,,,,,,,,,,,,,,,,,,,,,,,,,,,,,,,,,20,20,,,,,25,30,,,,,,,,,,,,,,5,,,,,,,,,,,,,,,,,,,,,,,,,,,,,,,,,,,,,,,,,,,,,,,,,,,,,,,,,,,,,,,,,,,,,,,,,,,,,,,,,,,,,,,,6,,,,,,,,,,,,,,,,,,,,,,,,,,,,,,
12-7-2025,HR233,Rajesh Sir,10-7-2025,12-7-2025,,Davik Inverter Battery Service Centre Palwal,PCB,,,,5,,,,,,,,,,,,,,,,,,,,,,,,,,,,,,,,,,,,,,,,,,,,,,,,,,,,,,,,,,,,,,,,,,,,,,,,,,,,,,,,,,,,,,,,,,,,,,,,,,,,,,,,,,,,,,,,,,,,,,,,,,,,,,,,,,,,,,,,,,,,,,,,,,,,,,,,,,,,,,,,,,,,,,,,,,,,,2,,3,,,
12-7-2025,HR234,Neeraj Sir,12-7-2025,12-7-2025,,Haseen Batteries Meerut,"DP-1500-2%-3%%120
Panel
Lt-",,4 tt17536 sy foc,,116,,,,,,,,,,,,,,,,,,,,,,,,,,,,,,,,,,,,,,,,,,,,,79,,,,,,,,,,,,,,,,,,,,,,,,,,,,,,,,,,,,,,,,,,5,,,,10,10,,,,,,,,,,,2,,,2,2,,,,,,,,,,,,,,,,,,,,,,,,,,,,,,,,,,,,,,,,,6,,,,,,,,,,,,,,,,,,,,,,,,,,,,,,
12-7-2025,HR235,Ravinder Sir,12-7-2025,12-7-2025,,Dhillon Elc Pehowa,DP-1500-2%-3%CD,,,,10,,,,,,,,,,,,,,,,,,,,,,,,,,,,,,,,,,,,,,,,,,,,,,,,,,,,10,,,,,,,,,,,,,,,,,,,,,,,,,,,,,,,,,,,,,,,,,,,,,,,,,,,,,,,,,,,,,,,,,,,,,,,,,,,,,,,,,,,,,,,,,,,,,,,,,,,,,,,,,,,,,,,,,,,,,,,,,,,,,,
15-7-2025,HR236,Ravinder Sir,12-7-2025,15-7-2025,"20pc , 10 ups aprvoed",Verma Elec Nohar,,,,,40,8,,,,,,,,,,,,,,,,,,,,,,,,,,,,,,,,,,,,,, ,,,,,,,4,,,,,,4,,,,,,,,,,,,,,,,, ,,,,,,,, ,,,,,,,,,,4,,,,,,,,,,,,,,,,,,,,,,,,,,,,,,,,,,,,,,,,,,,,,,,,,,,,,,,,,,,,,,,,,,,,,,,,,,,,,,10,10,,,,,,,,,,,,
14-7-2025,HR237,Ravinder Sir,12-7-2025,14-7-2025,,Bansal Elc. Uklana,,,,,13,3,,,,,,,,,,3,,,,,,,,,,,,,,,,,,,,,,,,,,,,,,,,,,3,,,,,4,,,,,,,,,,,,,,,,,,,,,,,,,,,,,,,,,,,,,,,,,,,,,,,,,,,,,,,,,,,,,,,,,,,,,,,,,,,,,,,,,,,,,,,,,,,,,,,,,,,,,,,,,,,,,,,,,,,,,,,,,,,,,,,,
16-07-2025,HR238,Rajesh Sir,12-7-2025,16-07-2025,,Hanumant Traders Service Centre Meham,,,,,33,2,,,,,,,,,,5,,,,,3,,,,,,,,,,,,,,,,,,,,,,,,,,,,,5,,,,,,,10,4,,,,4,,,,,,,,,,,,,,,,,,,,,,,,,,,,,,,,,,,,,,,,,,,,,,,,,,,,,,,,,,,,,,,,,,,,,,,,,,,,,,,,,,,,,,,,,,,,,,,,,,,,,,,,,,,,,,,,,,,,,,,,,
16-07-2025,HR239,Rajesh Sir,14-7-2025,16-07-2025,,Davik Inverter Battery Service Centre Palwal,Service Centre,,,,28,4,,,,,,,,,,4,,,,,,,,,,,,,,2,,,,,,,,,,,,,,,,,,,,4,,,,,,,6,,,,,4,,4,,,,,,,,,,,,,,,,,,,,,,,,,,,,,,,,,,,,,,,,,,,,,,,,,,,,,,,,,,,,,,,,,,,,,,,,,,,,,,,,,,,,,,,,,,,,,,,,,,,,,,,,,,,,,,,,,,,,,,,
29-7-2025,HR240,Deepak Sir,14-7-2025,29-7-2025,,Deep Trading Co. Farmana,DP-1600-2%,,,,40,,,,,,,,30,,,,,,,,,,,,,,,,,,,,,,,,,,,,,,,,,,,,,,,,,,,,10,,,,,,,,,,,,,,,,,,,,,,,,,,,,,,,,,,,,,,,,,,,,,,,,,,,,,,,,,,,,,,,,,,,,,,,,,,,,,,,,,,,,,,,,,,,,,,,,,,,,,,,,,,,,,,,,,,,,,,,,,,,,,,
15-7-2025,HR241,Rambir Sir,14-7-2025,15-7-2025,,Bhutani Traders Hisar,"DP-2200-2%
165 mtk-24.00",,,,200,,,,,,,,,,,,30,,,,,,,,,,,,,,,,,,,,,,,,,,,10,50,,,,,20,30,,,,,,20,,,,,,,,,,,,,,,,,,,,,,,,,,,,,,,,,,,20,20,,,,,,,,,,,,,,,,,,,,,,,,,,,,,,,,,,,,,,,,,,,,,,,,,,,,,,,,,,,,,,,,,,,,,,,,,,,,,,,,,,,,,,,,,,
14-7-2025,HR242,Deepak Sir,14-7-2025,14-7-2025,,Inverter Plaza Rohtak,,,,,114,,,,,,,,,,,,,,,,,,,,,,,,,,,,,,,,,,,,,,,,,,,,,79,,,,,,,,,,,,,,,,,,,,,,,,,,,,,,,,,,,,,,,,,,5,,,,10,10,,,,,,,,,,,2,,,,2,,,,,,,,,,,,,,,,,,,,,,,,,,,,,,,,,,,,,,,,,6,,,,,,,,,,,,,,,,,,,,,,,,,,,,,,
15-7-2025,HR243,Rambir Sir,14-7-2025,15-7-2025,,Sagar Elc. Hisar,,,,,9,,,,,,,,2,,,4,,,,,,,3,,,,,,,,,,,,,,,,,,,,,,,,,,,,,,,,,,,,,,,,,,,,,,,,,,,,,,,,,,,,,,,,,,,,,,,,,,,,,,,,,,,,,,,,,,,,,,,,,,,,,,,,,,,,,,,,,,,,,,,,,,,,,,,,,,,,,,,,,,,,,,,,,,,,,,,,,,,,,,,,
21-7-2025,HR244,Prem S. Sir,15-7-2025,21-7-2025,,M.R Enterprises Punhana(Mubarik),"dp-1500-2%
550 east-17.55",,,,55,,,,,,,,,,,,,,,,,,4,,,,,4,,,,,,,,,,,,,,,,,,,,,,6,,,,,,,8,,,,,8,,6,,,,,6,,,,,,,,,,,,,,,,,,,,,,,8,,,,2,,,,,,,,,,,,,,,,,,,,,,,,,,,,,,,,,,,,,,,,,,,,,,,,3,,,,,,,,,,,,,,,,,,,,,,,,,,,,,,,,,,,,,,,
21-7-2025,HR245,Prem S. Sir,15-7-2025,21-7-2025,,M.R Enterprises Punhana(Mubarik),DP-3%,,,,15,,,,,,,,,,,,,,,,,,,,,,,,,,,,,,,,,,,,,,,,,,,,,,,,,,,,,,,,,,,,,,,,,,,,,,,,,,,,,,,,,,,,,,,,,,,,,,,,,,,,,,,,,,,,,,,,,,,,,,,,,,,,,,,,,,,,,,,,,,,,,,,,,,,,,,,,,,,,,,,,,,,,,5,5,,5,,,,,,,,,,
16-7-2025,HR246,Ravinder Sir,16-7-2025,16-7-2025,,Chahal Battery Meham,,,,,17,,,,,,,,5,,,5,,,,,,,,,,,,,,,,,,,,,,,,,,,,,,,,,,5,,,,,,,,,,,,,,,,,,,,,,,,,,,,,,,,,,,,,,,,,,,,,,,,,,,,,,,,,,,,,,,,,,,,,,,,,,,,,,,,,,,,,,,,,,,,,,2,,,,,,,,,,,,,,,,,,,,,,,,,,,,,,,,,,,,,,,
22-7-2025,HR247,Rajesh Sir,21-7-2025,22-7-2025,,Paras Enterprises Service Centre Jind,,,,,17,3,,,,,,,,,,,,,,,,,,,,,,,,,,,,,,,,,,,,,,,,,,,,,,,,,,,10,,,,,,,4,,,,,,,,,,,,,,,,,,,,,,,,,,,,,,,,,,,,,,,,,,,,,,,,,,,,,,,,,,,,,,,,,,,,,,,,,,,,,,,,,,,,,,,,,,,,,,,,,,,,,,,,,,,,,,,,,,,,,,,
22-7-2025,HR248,Rajesh Sir,21-7-2025,22-7-2025,,Krishna Enterprises Service Centre Sonipat,,,,,16,,,,,,,,,,,1,2,,,,,,,,,,,,,,,,,,,,,,,,,,,,,,,,,,2,,,,,,2,3,,,,,,4,2,,,,,,,,,,,,,,,,,,,,,,,,,,,,,,,,,,,,,,,,,,,,,,,,,,,,,,,,,,,,,,,,,,,,,,,,,,,,,,,,,,,,,,,,,,,,,,,,,,,,,,,,,,,,,,,,,,,,,,
22-7-2025,HR249,Rajesh Sir,21-7-2025,22-7-2025,,Verma Inverter Battery Service Centre Hisar,,,,,39,,,,,,,,,,,5,,,,,5,,,,,,,,,,,,,,,,,,,,,,,3,,,,,,,,,,,,,10,4,,,,6,,2,,,,,4,,,,,,,,,,,,,,,,,,,,,,,,,,,,,,,,,,,,,,,,,,,,,,,,,,,,,,,,,,,,,,,,,,,,,,,,,,,,,,,,,,,,,,,,,,,,,,,,,,,,,,,,,,,,,,,,,,
23-7-2025,HR250,Akash Sir,21-7-2025,23-7-2025,,Prakashmay Power Solution Bulandshahr ,DP-2200-2%,,,,100,,,,,,,,,,,,40,,,,,,,,,,,,,,,,,,,,,,,,,,,,,,,,,,30,,,,,,,30,,,,,,,,,,,,,,,,,,,,,,,,,,,,,,,,,,,,,,,,,,,,,,,,,,,,,,,,,,,,,,,,,,,,,,,,,,,,,,,,,,,,,,,,,,,,,,,,,,,,,,,,,,,,,,,,,,,,,,,,,,,,,
22-7-2025,HR251,Ramdutt Sir,21-7-2025,22-7-2025,,M S Battery Service Centrer Moradbad,,,,,30,,,,,,,,,,,,,,,,,,,,,,,,,,,,,,,,,,,,,,,,,,,,,,,,,,,,18,,,,,,,12,,,,,,,,,,,,,,,,,,,,,,,,,,,,,,,,,,,,,,,,,,,,,,,,,,,,,,,,,,,,,,,,,,,,,,,,,,,,,,,,,,,,,,,,,,,,,,,,,,,,,,,,,,,,,,,,,,,,,,,
23-7-2025,HR252,Arun Sir,22-7-2025,23-7-2025,,Jai Durga Battery House Kanina,,,,,13,,,,,,,,,,,6,,,,,,,,,,,,,,,,,,,,,,,,,,,,,,,,,,,,,,,,,7,,,,,,,,,,,,,,,,,,,,,,,,,,,,,,,,,,,,,,,,,,,,,,,,,,,,,,,,,,,,,,,,,,,,,,,,,,,,,,,,,,,,,,,,,,,,,,,,,,,,,,,,,,,,,,,,,,,,,,,,,,,,,,
23-7-2025,HR253,Arun Sir,22-7-2025,23-7-2025,,Ashok Elc. Mahendergarh,,,,,21,,,,,,4,,,,,,,,,,,,,,,,,6,,,,,,,,,,,,,,,,,,,,,,,,,,,6,,,,,,,,,,,,,,4,,,,,,,,,,,,,,,,,,,,,,,,,,,,,,,,,,,,,,,,,,,,,,,,,,,,,,,,,,,,,,,,,,,,,,,,,,,1,,,,,,,,,,,,,,,,,,,,,,,,,,,,,,,,,,,,,,,
23-7-2025,HR254,Rambir Sir,22-7-2025,23-7-2025,,Durga Battery Fathebad,"DP-2200-2%-3%CD
550 EAST-17.55",,,,25,,,,,,,,,,,,,,,,4,,,,,,,,,,,,,,,,,,,,,,,,,,,,,,,,,,12,,,,,,,4,,,,,,,,,,,,,,,,,,,,,,,,,,,,,,,,,,,,,,,,,,,,,,,,,,,,,,,,,,,,,,,,,,,,,,,,,,,,,,,,,,5,,,,,,,,,,,,,,,,,,,,,,,,,,,,,,,,,,,,,,,
28-7-2025,HR255,Salman Sir,23-7-2025,28-7-2025,,Ratan Power System Firozabad ,,27-7-2025,,,52,,,,,,,,,,,18,,,,,,,,,,,,,,,,,,,,,,,,,,,,,,,,,,20,,,,,,,,,,,,,,10,,,,,,,,,,,,,,,,,,4,,,,,,,,,,,,,,,,,,,,,,,,,,,,,,,,,,,,,,,,,,,,,,,,,,,,,,,,,,,,,,,,,,,,,,,,,,,,,,,,,,,,,,,,,,,,,,,,,,,,,
28-7-2025,HR256,Salman Sir,23-7-2025,28-7-2025,,Jhilmil Elrctronics & Inverter Battery House Mainpuri,,27-7-2025,,,39,,,,,,,,,,,,,,,,,,,,,,,,,,,,,,,,,,,,,,,,,,,,,,,,,,,,,,,,,,,,10,,,,,,,6,,,,,,,,,,,,,,,,,,,,,10,,,,,,,,,,,,,,,,,,,,,,,,,,,,,,,,,,,,,,,,,,,,,,,,,,,,,,,,,,,,,,,,,,9,,,4,,,,,,,,,,,,,,,,,,,,,
25-7-2025,HR257,Chander Sir,24-7-2025,25-7-2025,,A To Z Power Solution Dabwali ,,,,,65,,,,,,,,,,,,,,,,,,,,,,,,,,,,,,,,,,,,,,,5,,,,,,,10,,,,,,10,,,,,,,5,,,,,,,,,,,,,,,,,,,,,,,,,,,,,,,,10,10,,,,,,,,,,,,,,,,,,,,,,,,,,,,,,,,,,,,,,,,,,,,,,,,,,,,,,,,,,,,,,,,,,,,,,,,,10,5,,,,,,,,,,,,
25-7-2025,HR258,Ravinder Sir,24-7-2025,25-7-2025,,Bansal Elc. Uklana,,,,,15,,,,,,,,,,,,,,,,,,,,,,,,,,,,,,,,,,,,,,,,,,,,,7,5,,,,,,3,,,,,,,,,,,,,,,,,,,,,,,,,,,,,,,,,,,,,,,,,,,,,,,,,,,,,,,,,,,,,,,,,,,,,,,,,,,,,,,,,,,,,,,,,,,,,,,,,,,,,,,,,,,,,,,,,,,,,,,,,,,,,,
28-7-2025,HR258,Manoj Sir,24-7-2025,28-7-2025,,Bala Ji Battery Bareilly,"dp-1500-2%-120%
550 east-17.55",,5 Battery Claim,,50,,,,,,,,,,,8,,,,,,,,,,,,,,,,,,,,,,,,,,,,,,,,,,15,,,,,,,,,,,,,,27,,,,,,,,,,,,,,,,,,,,,,,,,,,,,,,,,,,,,,,,,,,,,,,,,,,,,,,,,,,,,,,,,,,,,,,,,,,,,,,,,,,,,,,,,,,,,,,,,,,,,,,,,,,,,,,,,,,,,,,
28-7-2025,HR259,Prem S. Sir,24-7-2025,28-7-2025,,Shivam Enterprises Sohna,"DP-1500-2%-3%CD
550 ADDO-17.55-3%CD",,"11,40 BILL",,51,,,,,,,,,,,,,,,,26,,,,,,,,,,,,,,,,,,,,,,,,,,,,,,,,,,,,,,,,,25,,,,,,,,,,,,,,,,,,,,,,,,,,,,,,,,,,,,,,,,,,,,,,,,,,,,,,,,,,,,,,,,,,,,,,,,,,,,,,,,,,,,,,,,,,,,,,,,,,,,,,,,,,,,,,,,,,,,,,,,,
31-7-2025,HR261,Salman Sir,25-7-2025,31-7-2025,,Shubh Battery House Mathura,"DP-1500-2%-3%CD-120
540 EXIDE-16.75-3%",,week end,,55,,,,,,,,,,,,,,,,,,,,,,,,,,,,,,,,,,,,,,,,,,,,,,20,,,,,,,,,,,,,,15,,,,,,,2,,,5,,,,,,,,,,,,,,,,,,10,,,,,,,,,,,,,,,,,,,,,,,,,,,,,,,,,,,,,,,,,,,,,,,,,,,,,,,,,,,,3,,,,,,,,,,,,,,,,,,,,,,,,,,,,,,
30-7-2025,HR262,Prem S. Sir,25-7-2025,30-7-2025,,Sahun Inverter Battery Punhana,"DP-1500-2%
550 ADDO-17.55",,,1 lac with mat,55,,,,,,,,,,,,,,,,,,,,,,,,,,,,,,,,,,,,,,,,,,,,,,22,,,,,,,20,,,,,,,10,,,,,,,,,,,,,,,,,,,,,,,,,,,,,,,,,,,,,,,,,,,,,,,,,,,,,,,,,,,,,,,,,,,,,,,,,,,,,,,3,,,,,,,,,,,,,,,,,,,,,,,,,,,,,,,,,,,,,,,
28-7-2025,HR263,Rambir Sir,25-7-2025,28-7-2025,,Sunlight Battrey Fathebad,,,,,20,,,,,,,,,,,,,,,,,,,,,,,,,,,,,,,,,,,,,,,,10,,,,,,10,,,,,,,,,,,,,,,,,,,,,,,,,,,,,,,,,,,,,,,,,,,,,,,,,,,,,,,,,,,,,,,,,,,,,,,,,,,,,,,,,,,,,,,,,,,,,,,,,,,,,,,,,,,,,,,,,,,,,,,,,,,,,,,,,,,,
30-7-2025,HR264(B),Jagat Sir,25-7-2025,30-7-2025,,Shiva Enterprises Palwal(Order B),"DP-1500-2%
550 ADDO-17.55",,,,50,,,,,,,,,,,,,,,,,,,,,,,,,,,,,,,,,,,,,,,,,,,,,10,10,,,,10,,,,,,,,,,20,,,,,,,,,,,,,,,,,,,,,,,,,,,,,,,,,,,,,,,,,,,,,,,,,,,,,,,,,,,,,,,,,,,,,,,,,,,,,,,,,,,,,,,,,,,,,,,,,,,,,,,,,,,,,,,,,,,,,,
28-7-2025,HR264(A),Jagat Sir,25-7-2025,28-7-2025,,Shiva Enterprises Palwal(Order A),,,,,52,,,,,,,,,,,,,,,,,,,,,,,,,,,,,,,,,,,,,,,,,,,,,,,,,10,22,,,,,,,,,,,,,,,,,,,,,,,,,,,,,,,,,,,,,,20,,,,,,,,,,,,,,,,,,,,,,,,,,,,,,,,,,,,,,,,,,,,,,,,,,,,,,,,,,,,,,,,,,,,,,,,,,,,,,,,,,,,,,,,,,
,HR265,Jagat Sir,25-7-2025,,,Shiva Enterprises Palwal,foc,,"11 Scheme Bangkok
16 foc tod",,60,,,,,,,,,,,,,,,,,,,,,,,,,,,,,,,,,,,,,,,,,,,,,27,11,,,11,11,,,,,,,,,,,,,,,,,,,,,,,,,,,,,,,,,,,,,,,,,,,,,,,,,,,,,,,,,,,,,,,,,,,,,,,,,,,,,,,,,,,,,,,,,,,,,,,,,,,,,,,,,,,,,,,,,,,,,,,,,,,,,,,,
5-8-2025,HR266,Jagat Sir,25-7-2025,5-8-2025,,Prem Power Solution Hathin,"DP-1500-2%
550 EAST-17.55",,,,50,,,,,,,,,,,,,,,,,,,,,,,,,,,,,,,,,,,,,,,,,,,,,25,,,,,25,,,,,,,,,,,,,,,,,,,,,,,,,,,,,,,,,,,,,,,,,,,,,,,,,,,,,,,,,,,,,,,,,,,,,,,,,,,,,,,,,,,,,,,,,,,,,,,,,,,,,,,,,,,,,,,,,,,,,,,,,,,,,,,,
17-8-2025,MZR 33,Prince Sir,25-7-2025,17-8-2025,,M/S Vakeel Battery Parts Najibabad Bijnor,"DP-1500-2%
""DP-1500-2%-3%-120
585 MTK. -17.70-3%""",Mixbilling,4 Foc SltTT17536,,104,,,,,,,,,,,,,,,,,,,,,,,,,,,,,,,,,,,,,,,,,,,,,,24,,,,35,,,,,,,,,,20,,,,25,,,,,,,,,,,,,,,,,,,,,,,,,,,,,,,,,,,,,,,,,,,,,,,,,,,,,,,,,,,,,,,,,,,,,,,,,,,,,,,,,,,,,,,,,,,,,,,,,,,,,,,,,,,,,,,,,,
31-7-2025,HR269,Manoj Sir,29-7-2025,31-7-2025,,Sai Enterprise Rampur ,"DP-1500-2%-120
550 EAST-17.55
",,,,0,,,,,,,,,,,5,,,,,,,,,,,,,,,,,,,,,,,,,,,,,,,,,,23,,,,,,,,,,,,,,22,,,,,,,,,,,,,,,,,,,,,,,,,,,,,,,,,,,,,,,,,,,,,,,,,,,,,,,,,,,,,,,,,,,,,,,,,,,,,,,,,,,,,,,,,,,,,,,,,,,,,,,,,,17,4,,4,,,,,,,,,,
30-7-2025,HR270,Chander Sir,29-7-2025,30-7-2025,,A To Z Power Solution Dabwali ,dp-1500-2%,,,,5,,,,,,,,,,,,,,,,,,,,,,,,,,,,,,,,,,,,,,,,5,,,,,,,,,,,,,,,,,,,,,,,,,,,,,,,,,,,,,,,,,,,,,,,,,,,,,,,,,,,,,,,,,,,,,,,,,,,,,,,,,,,,,,,,,,,,,,,,,,,,,,,,,,,,,,,,,,,,,,,,,,,,,,,,,,,,,,,,,,
30-7-2025,HR271,Ravinder Sir,30-7-2025,30-7-2025,,Verma Elc Nohar Bhadra,"DP-1500-2%
550 east-17.55
",,,,30,,,,,,,,,,,,,,,,,,,,,,,,,,,,,,,,,,,,,,,10,,,,,,10,,,,,,,4,,,,,,,,,,,,,,,,,,,,,,,,,,,,,2,,,,,,4,,,,,,,,,,,,,,,,,,,,,,,,,,,,,,,,,,,,,,,,,,,,,,,,,,,,,,,,,,,,,,,,,,,,,,,,,,,,,,,,,,,,,,,,,,,
30-7-2025,HR272,Ravinder Sir,30-7-2025,30-7-2025,,Kamla Battery Bhadra,"DP-1500-2%
550 east-17.55",,,,20,10,,,,,,,,,,,,,,,,,,,,,,,,,,,,,,,,,,,,,,,,,,,,5,,,,,,,,,,,,,,,,,,,,,,,,,,,,,,,,,,,,,,,,,,5,,,,,,,,,,,,,,,,,,,,,,,,,,,,,,,,,,,,,,,,,,,,,,,,,,,,,,,,,,,,,,,,,,,,,,,,,,,,,,,,,,,,,,,,,,,
30-7-2025,HR273,Chander Sir,30-7-2025,30-7-2025,,New Unique Ent. Sirsa,"DP-1500-2%-3%CD
550 ADDO-17.55",,,with mat 8 lac,50,,,,,,,,,,,,,,,,,,,,,,,,,,,,,,,,,,,,,,,,,,,10,,,,,,,,,,,,,,20,,,,,,,20,,,,,,,,,,,,,,,,,,,,,,,,,,,,,,,,,,,,,,,,,,,,,,,,,,,,,,,,,,,,,,,,,,,,,,,,,,,,,,,,,,,,,,,,,,,,,,,,,,,,,,,,,,,,,,,,,,
31-7-2025,HR275,Rambir Sir,30-7-2025,31-7-2025,,Renewal Solar Energy Siwani,"DP-2200-2%-3%CD
550 east-17.55",,,,20,,,,,,,,,,,,4,,,,,,,,,,,,,,,,,,,,,,,,,,,,,,,,,,8,,,,,,,,,,,,,,8,,,,,,,,,,,,,,,,,,,,,,,,,,,,,,,,,,,,,,,,,,,,,,,,,,,,,,,,,,,,,,,,,,,,,,,,,,,,,,,,,,,,,,,,,,,,,,,,,,,,,,,,,,,,,,,,,,,,,,
31-7-2025,HR277,Arun Sir,30-7-2025,31-7-2025,,S K Group Bhojawas,"DP-1500-2%
550 ADD0-17.55",,,,21,,,,,,,,,,,,,,,,,,,,,,,,,,,,,,,,,,,,,,,,,,,,,,,,,,,,,,,,5,,,,,,,15,,,,,,,,,,,,,,,,,,,,,,,,,,,,,,,,,,,,,,,,,,,,,,,,,,,,,,,,,,,,,,,,,,,,,,,,,,,,1,,,,,,,,,,,,,,,,,,,,,,,,,,,,,,,,,,,,,,,
31-7-2025,HR278,Arun Sir,30-7-2025,31-7-2025,,Manjeet Battery House Dadri,dp-1500-2%,,,,20,,,,,,,,5,,,,,,,,,,5,,,,,,,,,,,,,,,,,,,,,,,,,,,10,,,,,,,,,,,,,,,,,,,,,,,,,,,,,,,,,,,,,,,,,,,,,,,,,,,,,,,,,,,,,,,,,,,,,,,,,,,,,,,,,,,,,,,,,,,,,,,,,,,,,,,,,,,,,,,,,,,,,,,,,,,,,,,,,,,,,
31-7-2025,HR280,Ravinder Sir,30-7-2025,31-7-2025,,Ganpati Elc. Saffidon,,,,,20,,,,,,,,,,,,,,,,,,,,,,,,,,,,,,,,,,,,,,,20,,,,,,,,,,,,,,,,,,,,,,,,,,,,,,,,,,,,,,,,,,,,,,,,,,,,,,,,,,,,,,,,,,,,,,,,,,,,,,,,,,,,,,,,,,,,,,,,,,,,,,,,,,,,,,,,,,,,,,,,,,,,,,,,,,,,,,,,,,,
2-8-2025,HR281,Neeraj Sir,29-7-2025,2-8-2025,,Haseen Batteries Meerut,New Dp-1500-2%-3%,Mixbilling,4 Foc tt17536,,102,,,,,,,,,,,10,,,,,,,,,,,,,,,,,,,,,,,,,,,,,,,,,,52,,,,,,,,,,,,,,,,,,,,,,,,20,,,,,,,,,,,,,,,,,,10,,,,10,,,,,,,,,,,,2,,,,2,,,,,,,,,,,,,,,,,,,,,,,,,,,,,,,,,,,,,,,,,,6,,,,,,,,,,,,,,,,,,,,,,,,,,,,,
5-8-2025,HR282,Manoj Sir,31-7-2025,5-8-2025,,Bala Ji Battery Bareilly,New Dp-1500-2%,Mixbilling,2 Foc tt17536,dispatch after 6lac,52,,,,,,,,,,,,,,,,,,,,,,,,,,,,,,,,,,,,,,,,,,,,,27,,,,,,,,,,,,,,,,,,,,,,,,,,,,,,,,,,,,,,,,,,25,,,,,,,,,,,,,,,,,,,,,,,,,,,,,,,,,,,,,,,,,,,,,,,,,,,,,,,,,,,,,,,,,,,,,,,,,,,,,,,,,,,,,,,,,,,
31-7-2025,HR283,Ravinder Sir,31-7-2025,31-7-2025,,Gautam Elc. Julana,,,,,20,,,,,,,,,,,,,,,,,,,,,,,,,,,,,,,,,,,,,,,10,,,,,,10,,,,,,,,,,,,,,,,,,,,,,,,,,,,,,,,,,,,,,,,,,,,,,,,,,,,,,,,,,,,,,,,,,,,,,,,,,,,,,,,,,,,,,,,,,,,,,,,,,,,,,,,,,,,,,,,,,,,,,,,,,,,,,,,,,,,,
26-8-2025,HR284,Jagat Sir,1-8-2025,26-8-2025,,Prem Power Solution Hathin,FOC,,"38 foc wrs
",,38,,,,,,,,,,,,,,,,,,,,,,,,,,,,,,,,,,,,,,,,,,,,,8,,,,10,20,,,,,,,,,,,,,,,,,,,,,,,,,,,,,,,,,,,,,,,,,,,,,,,,,,,,,,,,,,,,,,,,,,,,,,,,,,,,,,,,,,,,,,,,,,,,,,,,,,,,,,,,,,,,,,,,,,,,,,,,,,,,,,,,
8-2-2025,HR285,Kishor Sir,1-8-2025,2-8-2025,,Raja Traders Hisar,,,,,6,,,,,,,,,,,,,,,,,,,,,,,,,,,,,,,,,,,,,,,,,,,,,,,,,,,,,,,,,,,,,,,,,,,,,,,,,,,,,,,,,,,,,,,,,,,,,,,,,,,,,,,,,,,,,,,,,2,,2,2,,,,,,,,,,,,,,,,,,,,,,,,,,,,,,,,,,,,,,,,,,,,,,,,,,,,,,,,,,,,,,
6-8-2025,HR286,Prem S. Sir,1-8-2025,6-8-2025,,M.R Enterprises Punhana(Mubarik),DP-1500-2%-3%CD,,2 Foc tt17536,,50,,,,,,,,,,,,,,,,,,4,,,,,4,,4,,,,,4,,,,,,,,,,,,,,,,,,,,,,10,,,,,4,,4,,,,,4,,,,,,,,,,,,,,,,,,,,,,,8,,,,4,,,,,,,,,,,,,,,,,,,,,,,,,,,,,,,,,,,,,,,,,,,,,,,,,,,,,,,,,,,,,,,,,,,,,,,,,,,,,,,,,,,,,,,
4-8-2025,HR287,Rambir Sir,1-8-2025,4-8-2025, ,Bhutani Traders Hisar,,,,,2,,,,,,,,,,,,,,,,,,,,,,,,,,,,,,,,,,,,,,,,,,,,,,,,,,,,,,,,,,,,,,,,,,,,,,,,,,,,,,,,,,,,,,,,,,,,,,,,,,,,,,,,,1,,,,,,,1,,,,,,,,,,,,,,,,,,,,,,,,,,,,,,,,,,,,,,,,,,,,,,,,,,,,,,,,,,,,,,,,,,
5-8-2025,HR288,Ramdutt Sir,1-8-2025,5-8-2025,,Vikash Elc. Service Centre Hisar,,,,,24,,,,,,,,,,,,,,,,,,,,,,,,,,,,,,,,,,,,,,,,,,,,,,,,,,,,20,,,,,,,4,,,,,,,,,,,,,,,,,,,,,,,,,,,,,,,,,,,,,,,,,,,,,,,,,,,,,,,,,,,,,,,,,,,,,,,,,,,,,,,,,,,,,,,,,,,,,,,,,,,,,,,,,,,,,,,,,,,,,,,
6-8-2025,HR289,Prem S. Sir,5-8-2025,6-8-2025,,Shri Radhey Krishna Hodal,DP-1500-2%-3%CD,,2 Foc tt17536,,28,,,,,,,,4,,,,,,,,,,,,,,,,,,,,,,,,,,,,,,,6,,,,,,4,,,,,,,6,,,,,,,4,,,,,,,2,,,,,,,,,,,,,,,,,,,,,,,,,2,,,,,,,,,,,,,,,,,,,,,,,,,,,,,,,,,,,,,,,,,,,,,,,,,,,,,,,,,,,,,,,,,,,,,,,,,,,,,,,,,,,,,,,
7-8-2025,HR291,Rajesh Sir,5-8-2025,7-8-2025,,Davik Inverter Battery Service Centre Palwal,Service Centre,,,,20,2,,,,,,,,,,,,,,,,,,,,,,,,2,,,,,,,,,,,,,,,,,,,,2,,,,,1,,6,2,,,,2,,3,,,,,,,,,,,,,,,,,,,,,,,,,,,,,,,,,,,,,,,,,,,,,,,,,,,,,,,,,,,,,,,,,,,,,,,,,,,,,,,,,,,,,,,,,,,,,,,,,,,,,,,,,,,,,,,,,,,,,,,
7-8-2025,HR292,Rajesh Sir,5-8-2025,7-8-2025,,Suraj Power Solution Service Centre Nuh,,,,,30,2,,,,,,,,,,4,4,,,,,,,,,,,,,2,,,,,,,,,,,,,,,,,,,,2,,,,,,,7,5,,,,2,,1,1,,,,,,,,,,,,,,,,,,,,,,,,,,,,,,,,,,,,,,,,,,,,,,,,,,,,,,,,,,,,,,,,,,,,,,,,,,,,,,,,,,,,,,,,,,,,,,,,,,,,,,,,,,,,,,,,,,,,,,
7-8-2025,HR293,Rajesh Sir,5-8-2025,7-8-2025,,Kalka Enterprises Service Centre Gurgaon,,,,,15,,,,,,,,,,,2,,,,,2,,,,,,,,,,,,,,,,,,,,,,,,,,,,,,,,,,,,5,2,,,,2,,2,,,,,,,,,,,,,,,,,,,,,,,,,,,,,,,,,,,,,,,,,,,,,,,,,,,,,,,,,,,,,,,,,,,,,,,,,,,,,,,,,,,,,,,,,,,,,,,,,,,,,,,,,,,,,,,,,,,,,,,
7-8-2025,HR294,Chander Sir,6-8-2025,7-8-2025,,New Unique Ent. Sirsa,,,,,50,,,,,,,,,,,,,,,,15,,,,,,,,,,,,,,,,,,,,,,,,,,,10,,,,,,,,,,,,,,,,10,,,,,10,,,,,,,,,,,,,,,,,,,,,,,5,,,,,,,,,,,,,,,,,,,,,,,,,,,,,,,,,,,,,,,,,,,,,,,,,,,,,,,,,,,,,,,,,,,,,,,,,,,,,,,,,,,,,,,,,,,
7-8-2025,HR295,Salman Sir,7-8-2025,7-8-2025,,Chauhan Battery House Mainpuri,"47790-3700-3%-3%(41484)
(cHARGER 5197-3%-3%(4890)",,,,12,,,,,,,,,,,,,,,,,,,,,,,,,,,,,,,,,,,,,,,,,,,,,,,,,,,,,,,,,,,,,,,,,,,,,,,,,,,,,,,,,,,,,,,,,,,,,,,,,,,,,,,,,6,,6,,,,,,,,,,,,,,,,,,,,,,,,,,,,,,,,,,,,,,,,,,,,,,,,,,,,,,,,,,,,,,,,,,,,,,,
7-8-2025,HR296,Salman Sir,7-8-2025,7-8-2025,,Ratan Power System Firozabad ,"47790-3000-3%-3%(41484)
(cHARGER 5197-3%-3%(4890)
14042-2%",,,,6,,,,,,,,,,,,,,,,,,,,,,,,,,,,,,,,,,,,,,,,,,,,,,,,,,,,,,,,,,,,,,,,,,,,,,,,,,,,,,,,,,,,,,,,,,,,,,,,,,,,,,,,,2,,2,,,,,1,,,,1,,,,,,,,,,,,,,,,,,,,,,,,,,,,,,,,,,,,,,,,,,,,,,,,,,,,,,,,,,,,,,
8-8-2025,HR297,Rajesh Sir,8-8-2025,8-8-2025,,Shri Radhey Krishna Hodal(Replacment),,,,,4,,,,,,,,,,,,,,,,,,,,,,,,,,,,,,,,,,,,,,,,,,,,,,,,,,,,,,,,,,,,,,,,,,,,,,,,,,,,,,,,,2,,,,,,,,,,,,,,,,,,,,,,,,,,,,,,,,,,,,,,,,,,,,,,,,,,,,,,,,,,,,,,,,,,,,,,,,,,,,,,,,,,,,1,1,,,,,,,,,,,,
30-8-2025,HR299,Kishor Sir,8-8-2025,30-8-2025,,Chahal Battery Meham,,,,,4,,,,,,,,,,,,,,,,,,,,,,,,,,,,,,,,,,,,,,,,,,,,,4,,,,,,,,,,,,,,,,,,,,,,,,,,,,,,,,,,,,,,,,,,,,,,,,,,,,,,,,,,,,,,,,,,,,,,,,,,,,,,,,,,,,,,,,,,,,,,,,,,,,,,,,,,,,,,,,,,,,,,,,,,,,,,,,,,,,,
13-8-2025,HR300,Salman Sir,11-8-2025,13-8-2025,,Ratan Power System Firozabad ,,,,,61,,,,,,,,,,,20,,,,,,,5,,,,,,,,,,,,,,,,,,,,,,,,,,,15,,,,,,,,,,,,,,12,,,,,,,,,,,,,,,,,,,,,,,,,,,,,,,,,,,,,,,,,,,,,,,,,,,,,,,,,,,,,,,,,,,,,,,,,,,,,,,,,,,,,,,,,,,,,,,9,,,,,,,,,,,,,,,,,,,,,,,,
12-8-2025,HR301,Ravinder Sir,11-8-2025,12-8-2025,,Bansal Elc. Uklana,,,,,14,2,,,,,,,,,,2,,,,,,,,,,,,,,,,,,,,,,,,,,,,,,,,,,4,4,,,,2,,,,,,,,,,,,,,,,,,,,,,,,,,,,,,,,,,,,,,,,,,,,,,,,,,,,,,,,,,,,,,,,,,,,,,,,,,,,,,,,,,,,,,,,,,,,,,,,,,,,,,,,,,,,,,,,,,,,,,,,,,,,,,,,
21-8-2025,HR302,Rajesh Sir,12-8-2025,21-8-2025,,Verma Inverter Battery Service Centre Hisar,,,,,29,,2,,,,,,,,,,,,,,,,,,,,,,,4,,,,,,,,,,,,,,,,,,,,,,,,,,,10,3,,,,5,,2,,,,,3,,,,,,,,,,,,,,,,,,,,,,,,,,,,,,,,,,,,,,,,,,,,,,,,,,,,,,,,,,,,,,,,,,,,,,,,,,,,,,,,,,,,,,,,,,,,,,,,,,,,,,,,,,,,,,,,,,
12-8-2025,HR303,Sunil Sir,12-8-2025,12-8-2025,12-8-2025,Divvy Solar Power Hisar,,,,,200,,,,,,,,,,,,,,,,,,,,,,,,,,,,,,,,,,,,,,,,,,,,,,,,,,,,,,,,,,100,,,,,,,,,,,,,,,,,,,,,,,,,,,,,,,,,,,,,,,,,,,,,,,,,,,,,,,,,,,,,,,,,,,,,,,,,,,,,,,,,,,,,,,,,,,,,,,,,,100,,,,,,,,,,,,,,,,,,,,,,
14-8-2025,HR304,Arun Sir,12-8-2025,14-8-2025,,Jai Durga Battery House Kanina,,,,,11,,,,,,,,,,,10,,,,,,,,,,,,,,,,,,,,,,,,,,,,,,,,,,,,,,,,,,,,,,,,,,,,,,,,,,,,,,,,,,,,,,,,,,,,,,,,,,,,,,,,,,,,,,,,,,,,,,,,,,,,,,,,,,,,,,,,,,,,,,,,1,,,,,,,,,,,,,,,,,,,,,,,,,,,,,,,,,,,,,,,
17-8-2025,HR305,Salman Sir,12-8-2025,17-8-2025,,Sun Light Batteries Mathura,,,,,61,,,,,,,,,,,,,,,,,,,,,,,,,,,,,,,,,,,,,,,,,,,,,35,,,,,,,,,,,,,,15,,,,,,,,,,,,,,,,,,,,,,,,,,,,2,,,,,,,,,,,,,,,,,,,,,,,,,,,,,,,,,,,,,,,,,,,,,,,,,,,,,,,,,,,,,,,,,,,9,,,,,,,,,,,,,,,,,,,,,,,,
18-8-2025,HR306,Deepak Sir,15-8-205,18-8-2025,,Deep Trading Co. Farmana,,,,,5,,,,,,,,,,,,,,,,,,,,,,,,,,,,,,,,,,,,,,,,,,,,,,,,,,,,,,,,,,,,,,,,,,,,,,,,,,,,,,,,,,,,,,,,,,,,,,,,,,,,,,,,,,,,,,,,,,,,5,,,,,,,,,,,,,,,,,,,,,,,,,,,,,,,,,,,,,,,,,,,,,,,,,,,,,,,,,,,,,,
18-8-2025,HR306(B),Deepak Sir,15-8-205,18-8-2025,,Deep Trading Co. Farmana(Order B),,,,,5,,,,,,,,,,,,,,,,,,,,,,,,,,,,,,,,,,,,,,,,,,,,,,,,,,,,,,,,,,,,,,,,,,,,,,,,,,,,,,,,,,,,,,,,,,,,,,,,,,,,,,,,,,,,,,,,5,,,,,,,,,,,,,,,,,,,,,,,,,,,,,,,,,,,,,,,,,,,,,,,,,,,,,,,,,,,,,,,,,,
18-8-2025,HR308,Jagat Sir,18-8-2025,18-8-2025,,Shiva Enterprises Palwal,"Dp-1500-2%
550w 17.55 RS",,2 foc tt17536,,55,,,,,,,,,,,,,,,,30,,,,,,,,,,,,,,,,,,,,,,,,,,,,,5,,,,,17,,,,,,,,,,,,,,,,,,,,,,,,,,,,,,,,,,,,,,,,,,,,,,,,,,,,,,,,,,,,,,,,,,,,,,,,,,,,,,,,,,,,,,,,,3,,,,,,,,,,,,,,,,,,,,,,,,,,,,,,,,,,,,,,,
18-8-2025,HR309,Salman Sir,18-8-2025,18-8-2025,,Murti Battery Agra,2%,,,,3,,,,,,,,,,,,,,,,,,,,,,,,,,,,,,,,,,,,,,,,,,,,,,,,,,,,,,,,,,,,,,,,,,,,,,,,,,,,,,,,,,,,,,,,,,,,,,,,,,,,,,,,,,,,,,,,,,,,3,,,,,,,,,,,,,,,,,,,,,,,,,,,,,,,,,,,,,,,,,,,,,,,,,,,,,,,,,,,,,,
18-8-2025,HR310,Prem S. Sir,18-8-2025,18-8-2025,,Sahun Inverter Battery Punhana,"DP-1500-2%-3%CD
550 EAST-17.55",,,,55,,,,,,,,,,,,,,,,,,,,,,,,,,,,,,,,,,,,,,,,,,,,,,22,,,,,,,20,,,,,,,10,,,,,,,,,,,,,,,,,,,,,,,,,,,,,,,,,,,,,,,,,,,,,,,,,,,,,,,,,,,,,,,,,,,,,,,,,,,,,,,3,,,,,,,,,,,,,,,,,,,,,,,,,,,,,,,,,,,,,,,
18-8-2025,HR311,Akash Sir,18-8-2025,18-8-2025,,Prakashmay Power Solution Bulandshahr ,DP-2200-2%,,,,200,,,,,,,,,,,,40,,,,,,,4,,,,,,,,,,,,,,,,,,,,,8,,,,,,44,,,,,,,40,,,,,,,40,,,,,,,,,,,,,,,,,,,,,,,,,,,,,,,,24,,,,,,,,,,,,,,,,,,,,,,,,,,,,,,,,,,,,,,,,,,,,,,,,,,,,,,,,,,,,,,,,,,,,,,,,,,,,,,,,,,,,,,
19-8-2025,HR312,Rambir Sir,19-8-2025,19-8-2025,,Raja Traders Hisar,,,,,12,,,6,,,,,,,,,,6,,,,,,,,,,,,,,,,,,,,,,,,,,,,,,,,,,,,,,,,,,,,,,,,,,,,,,,,,,,,,,,,,,,,,,,,,,,,,,,,,,,,,,,,,,,,,,,,,,,,,,,,,,,,,,,,,,,,,,,,,,,,,,,,,,,,,,,,,,,,,,,,,,,,,,,,,,,,,,,,,,,,,
20-8-2025,HR313,Deepak Sir,19-8-2025,20-8-2025,,Inverter Plaza Rohtak,,,,4 DUMMY,100,10,,,,,,,,,,10,10,,,,,,,,,,,,,,,,,,,,,,,,,,,,,,,,,25,25,,,,,,10,10,,,,,,,,,,,,,,,,,,,,,,,,,,,,,,,,,,,,,,,,,,,,,,,,,,,,,,,,,,,,,,,,,,,,,,,,,,,,,,,,,,,,,,,,,,,,,,,,,,,,,,,,,,,,,,,,,,,,,,,,,,,,,
21-8-2025,HR314,Prem S. Sir,19-8-2025,21-8-2025,,Shivam Enterprises Sohna,,,,,30,,,,,,,,,,,,,,,,25,,,,,,,,,,,,,,,,,,,,,,,,,,,,,,,,,,,,,,,,,5,,,,,,,,,,,,,,,,,,,,,,,,,,,,,,,,,,,,,,,,,,,,,,,,,,,,,,,,,,,,,,,,,,,,,,,,,,,,,,,,,,,,,,,,,,,,,,,,,,,,,,,,,,,,,,,,,,,,,,,,,
20-8-2025,HR315,Jagat Sir,19-8-2025,20-8-2025,80pc aproved,Prem Power Solution Hathin,,,,,48,,,,,,,,,,,,,,,8,,,,,,,,,,,,,,,,,,,,,,,,,,,,,,32,,,,,,,,,,,,,,4,,,,,,,,,,,,,,,,,,,,,,,,,,,,4,,,,,,,,,,,,,,,,,,,,,,,,,,,,,,,,,,,,,,,,,,,,,,,,,,,,,,,,,,,,,,,,,,,,,,,,,,,,,,,,,,,,,,,,,,,
20-8-2025,HR316,Jagat Sir,19-8-2025,20-8-2025,,Prem Power Solution Hathin,"DP-2200-2%
550 exide-17.55",,,,32,,,,,,,,,,,,,,,16,,,,,,,,,,,,,,,,,,,,,,,,,,,,,,,,,,16,,,,,,,,,,,,,,,,,,,,,,,,,,,,,,,,,,,,,,,,,,,,,,,,,,,,,,,,,,,,,,,,,,,,,,,,,,,,,,,,,,,,,,,,,,,,,,,,,,,,,,,,,,,,,,,,,,,,,,,,,,,,,,,,,
30-8-2025,HR317,Jagat Sir,19-8-2025,30-8-2025,,Prem Power Solution Hathin,"DP-2200-2%
550 exide-17.55",,,,30,,,,,,,,,,,,,,,,,,,,,,,,,,,,,,,,,,,,,,,,,,,,,,,,,,,,,,,,,,,,15,,,,,,,,,,,,,,,,,,,,,,,,,,,15,,,,,,,,,,,,,,,,,,,,,,,,,,,,,,,,,,,,,,,,,,,,,,,,,,,,,,,,,,,,,,,,,,,,,,,,,,,,,,,,,,,,,,,,,,,
21-8-2025,HR319,Ravinder Sir,19-8-2025,21-8-2025,,Dhillon Elc Pehowa,DP-1500-2%,,,,10,,,,,,,,,,,,,,,,,,,,,,,,,,,,,,,,,,,,,,,,,,,,,,,,,,,,10,,,,,,,,,,,,,,,,,,,,,,,,,,,,,,,,,,,,,,,,,,,,,,,,,,,,,,,,,,,,,,,,,,,,,,,,,,,,,,,,,,,,,,,,,,,,,,,,,,,,,,,,,,,,,,,,,,,,,,,,,,,,,,
20-8,HR320,Ravinder Sir,19-8-2025,20-8,24 pc aproved,Verma Elc Nohar Bhadra,DP-1500-2%,,,,30,8,,,,,,,,,,,,,,,,,,,,,,,,,,,,,,,,,,,,,,,,,,,,8,,,,,,,4,,,,,,,2,,,,,,,,,,2,,,,,,,,,,,,,,,,,,6,,,,,,,,,,,,,,,,,,,,,,,,,,,,,,,,,,,,,,,,,,,,,,,,,,,,,,,,,,,,,,,,,,,,,,,,,,,,,,,,,,,,,,,,,,,
21-8-2025,HR323,Prem S. Sir,20-8-2025,21-8-2025,60 pc aproved,Aggarwal Ent. Alwar,,,,,60,,,,,,,,,,,,,,,,8,,,,,,,,,,,,,,,,,,,,,,,,,,,,,,,,,,,,,,,,,12,,,,,,,40,,,,,,,,,,,,,,,,,,,,,,,,,,,,,,,,,,,,,,,,,,,,,,,,,,,,,,,,,,,,,,,,,,,,,,,,,,,,,,,,,,,,,,,,,,,,,,,,,,,,,,,,,,,,,,,,,,
21-8-2025,HR324,Ravinder Sir,20-8-2025,21-8-2025,,Verma Elc Nohar Bhadra,,,,,10,,,,,,,,,,,,,,,,,,,,,,,,,,,,,,,,,,,,,,,,,,,,,,,,,,,,,,,,,,,,,,,,,,,,,,,,,,,,,,,,,,,,,,,,,,,,,,,,,,,,,,,,,,,,,,,,,,,,,,,,,,,,,,,,,,,,,,,,,,,,,,,,,,,,,,,,,,,,,,,,,,,,,5,5,,,,,,,,,,,,
21-8-2025,HR325,Chander Sir,20-8-2025,21-8-2025,20 pc app,Guru Nanak Elc Ellenabad,,,,,20,,,,,,,,,5,,10,5,,,,,,,,,,,,,,,,,,,,,,,,,,,,,,,,,,,,,,,,,,,,,,,,,,,,,,,,,,,,,,,,,,,,,,,,,,,,,,,,,,,,,,,,,,,,,,,,,,,,,,,,,,,,,,,,,,,,,,,,,,,,,,,,,,,,,,,,,,,,,,,,,,,,,,,,,,,,,,,,,,,,,,
21-8-2025,HR326,Arun Sir,21-8-2025,21-8-2025,,D R Radio Charkhi Dadri,DP-1500-2%,,,,25,,10,,,,,,,5,,,10,,,,,,,,,,,,,,,,,,,,,,,,,,,,,,,,,,,,,,,,,,,,,,,,,,,,,,,,,,,,,,,,,,,,,,,,,,,,,,,,,,,,,,,,,,,,,,,,,,,,,,,,,,,,,,,,,,,,,,,,,,,,,,,,,,,,,,,,,,,,,,,,,,,,,,,,,,,,,,,,,,,,,,
21-8-2025,HR327,Salman Sir,21-8-2025,21-8-2025,,Jhilmil Elrctronics & Inverter Battery House Mainpuri,,29-8-2025,,,54,,,,,,,,,,,,,,,,,,,,,,,,,,,,,,,,,,,,,,,,6,,,,,,6,,,,,,,,,,,,,,4,,,,,,,4,,,,,,,,,,,,,,,,,,,,,10,,,,4,,,,,,,,,,,,,,,,,,,,1,,,,4,,,,,,,,,,,,,,,,,,,,,,,,,,,,,,,,,,,,,,8,,,7,,,,,,,,,,,,,,,,,,,,,
29-8-2025,HR328,Salman Sir,21-8-2025,29-8-2025,,Murti Battery Agra,28%,,,disptach after 2.25 lac,53,,,,,,,,5,,,,,,,,,,,,,,,,,,,,,,,,,,,,,,,10,,,,,,10,,,,,,,,,,,,,,15,,,,,,,,,,,,,,,,,,,,,,,,,,,,10,,,,,,,,,,,,,,,,,,,,,,,,,,,,,3,,,,,,,,,,,,,,,,,,,,,,,,,,,,,,,,,,,,,,,,,,,,,,,,,,,,,,,,,,,,,,
9-1-2025,HR329,Chander Sir,1-9-2025,1-9-2025,30 pc aproved,A To Z Power Solution Dabwali ,,,,,30,,,,,,,,,,,,,,,,,,,,,,,,,,,,,,,,,,,,,,,10,,,,,,10,,,,,,,,,,,,,,,,,,,,,,,,,,,,,,,,,,,,,,,,,,,,,,10,,,,,,,,,,,,,,,,,,,,,,,,,,,,,,,,,,,,,,,,,,,,,,,,,,,,,,,,,,,,,,,,,,,,,,,,,,,,,,,,,,,,,,,
27-8-2025,HR330,Chander Sir,21-8-2025,27-8-2025,,Sukhija Elc. Sirsa,"DP-1500-2%
",,"2 mix Billing

6 FOC WRS TT17536
1 FOC TT17536  TOD",,32,,,,,,,,,,,,,15,,,,,,,,,,,,,,,,,,,,,,,,,,,,,,,,,,7,,,,,,,10,,,,,,,,,,,,,,,,,,,,,,,,,,,,,,,,,,,,,,,,,,,,,,,,,,,,,,,,,,,,,,,,,,,,,,,,,,,,,,,,,,,,,,,,,,,,,,,,,,,,,,,,,,,,,,,,,,,,,,,,,,,,
25-08-2025,HR331,Salman Sir,22-8-2025,25-08-2025,,Ratan Power System Firozabad ,,,"6 FOC TOD
2 MIX BILLING
1 batt claim",,67,,,,,,,,,,,15,,,,,,,15,,,,,,,,,,,,,,,,,,,,,,,,,,,13,,,,,,,,,,,,,,15,,,,,,,,,,,,,,,,,,,,,,,,,,,,,,,,,,,,,,,,,,,,,,,,,,,,,,,,,,,,,,,,,,,,,,,,,,,,,,,,,,,,,,,,,,,,,,,9,,,,,,,,,,,,,,,,,,,,,,,,
29-8-2025,HR333,Manoj Sir,22-8-2025,29-8-2025,,Balaji Battery Bareilly,Dp-1500-2%,,"2 Foc tt17536
Mixbilling",,55,,,,,,,,,,,,,,,,,,,,,,,,,,,,,,,,,,,,,,,,,,,,,27,,,,,,,,,,,,,,25,,,,,,,,,,,,,,,,,,,,,,,,,,,,,,,,,,,,,,,,,,,,,,,,,,,,,,,,,,,,,,,,,,,,,,,,,,,,,,,,,,,,,,,,3,,,,,,,,,,,,,,,,,,,,,,,,,,,,,,,
25-8-2025,HR334,Arun Sir,23-8-2025,25-8-2025,,Akash Inverter Battery Bawal,,,,,15,,,,,,,,,,,,,,,,5,,,,,,,,,,,,,,,,,,,,,,,,,,,,,,,,,,,,,,,,,,,,,,,,10,,,,,,,,,,,,,,,,,,,,,,,,,,,,,,,,,,,,,,,,,,,,,,,,,,,,,,,,,,,,,,,,,,,,,,,,,,,,,,,,,,,,,,,,,,,,,,,,,,,,,,,,,,,,,,,,,,
27-8-2025,HR336,Arun Sir,25-8-2025,27-8-2025,,Ajeet Rep. Centre Bawal,"""Dp-2000 -2%
575 A+-16.50
",,,,60,,,,,,,,,,,12,,,,,,,12,,,,,,,12,,,,,,,,,,,,,,,,,,,,,,,,,,,,,,,,,,8,,,,,,,,,,,,,,,,,,,,,,,,,,,,4,,,,,,,,,,,,,,,,,,,,,,,,,,,,,,,,,,,,,,,,,,,,,,,,,,,,,,,,,,,,12,,,,,,,,,,,,,,,,,,,,,,,,,,,,,,,
27-8-2025,HR337,Akash Sir,25-8-2025,27-8-2025,,Prakashmay Power Solution Bulandshahr ,DP-2200-2%,,,,80,,,,,,,,,,,,40,,,,,,,,,,,,,,,,,,,,,,,,,,,,,,,,,,,,,,,,,38,,,,,,,,,,,,,,,,,,,,,,,,,,,,,,,,,,,,,,,,,,,,,,,,,,,,2,,,,,,,,,,,,,,,,,,,,,,,,,,,,,,,,,,,,,,,,,,,,,,,,,,,,,,,,,,,,,,,,,,,,,,,,,
29-8-2025,HR338(A),Salman Sir,25-8-2025,29-8-2025,,Shubh Battery House Mathura(Order A),"N DP-1500-2%-200 EXTRA
100 EXIDE-
",,,,34,,10,,,,,,,,,,,,,,,,,,,,,,,,,,,,,,,,,,,,,,,,,,,,15,,,,,,,,,,,,,,,,,,,,,,,,,,,,,,,,,,,,,,,,,,,,,,,,,,,,,,,,,,,,,,,,,,,,,,,,,,,,,,,,,,,,,,,,,,,,,,,,,,,,,,,,,,,,9,,,,,,,,,,,,,,,,,,,,,,,,
27-8-2025,HR339,Ravinder Sir,26-8-2025,27-8-2025,,Bansal Elc. Uklana,"DP-1500-2%-2%CD
",,,,20,,,,,,,,,,,6,,,,,,,,,,,,,,,,,,,,,,,,,,,,,,,,,,6,4,,,,,,4,,,,,,,,,,,,,,,,,,,,,,,,,,,,,,,,,,,,,,,,,,,,,,,,,,,,,,,,,,,,,,,,,,,,,,,,,,,,,,,,,,,,,,,,,,,,,,,,,,,,,,,,,,,,,,,,,,,,,,,,,,,,,,
9-4-2025,HR338(B),Salman Sir,25-8-2025,04-09-2025,,Shubh Battery House Mathura(Order B),"N DP-1500-2%-200 EXTRA
100 EXIDE-
",,,200k in monday-aakash,29,,,,,,,,,,,,,,,,,,,,,,,,,,,,,,,,,,,,,,,,,,,,,,,,,,,,,,,,,,,,4,,,,,,,6,,,,,,5,,,,,,,,,,,,,,,6,,,6,,,,,,,,,,,,,,,,,,,,,,,,,2,,,,,,,,,,,,,,,,,,,,,,,,,,,,,,,,,,,,,,,,,,,,,,,,,,,,,,,,,,,,,,
31-8-2025,HR340,Salman Sir,26-8-2025,31-8-2025,,Chauhan Battery House Mainpuri,With Replcment,,,"1 pc sytt22036
1 pc sytt20048
1 pc sytt20036
1 e rikswa batt meter",10,,,,,,,,,,,,,,,,,,,,,,,,,,,,,,,,,,,,,,,,,,,,,,,,,,,,,,,,,,,,,,,,,,,,,,,,,,,,,,,,,,,,,,,,,,,,,,,,,,,,,,,,,,,,,,,,1,,,,9,,,,,,,,,,,,,,,,,,,,,,,,,,,,,,,,,,,,,,,,,,,,,,,,,,,,,,,,,,,,,,
27-8-2025,HR341,Prince Sir,27-8-2025,27-8-2025,,M/S Vakeel Battery Parts Najibabad Bijnor,dp-4%-3%,,,,10,,,,,,,,,,,,,,,,,,,,,,,,,,,,,,,,,,,,,,,,,,,,,,,,,,,,,,,,,,,,,,,,,,,,,,,,,,,,,,,,,,,,,,,,,,,,,,,,,,,,,,,,,,,,,,,,,,,,10,,,,,,,,,,,,,,,,,,,,,,,,,,,,,,,,,,,,,,,,,,,,,,,,,,,,,,,,,,,,,,
27-8-2025,HR342,Arun Sir,27-8-2025,27-8-2025,,Ashok Elctrical Mahendergarh,DP-1400-2%,,,,11,,,,,,,,,,,,,,,,10,,,,,,,,,,,,,,,,,,,,,,,,,,,,,,,,,,,,,,,,,,,,,,,,,,,,,,,,,,,,,,,,,,,,,,,,,,,,,,,,,,,,,,,,,,,,,,,,,,,,,,,,,,,,,,,,,,,,,,,,,,,1,,,,,,,,,,,,,,,,,,,,,,,,,,,,,,,,,,,,,,,
28-8-2025,HR343,Rajesh Sir,27-8-2025,28-8-2025,,Hanumant Traders Service Centre Meham,Service Centre,,,,22,4,,,,,,,,,,6,,,,,,,,,,,,,,,,,,,,,,,,,,,,,,,,,,,,,,,,,8,,,,,,,4,,,,,,,,,,,,,,,,,,,,,,,,,,,,,,,,,,,,,,,,,,,,,,,,,,,,,,,,,,,,,,,,,,,,,,,,,,,,,,,,,,,,,,,,,,,,,,,,,,,,,,,,,,,,,,,,,,,,,,,
28-8-2025,HR344,Rajesh Sir,27-8-2025,28-8-2025,,Davik Inverter Battery Service Centre Palwal,Service Centre,,,,21,,,,,,,,,,,,,,,,,,,,,,,,,,,,,,,,,,,,,,,,,,,,,3,,,,,,,10,2,,,,3,3,,,,,,,,,,,,,,,,,,,,,,,,,,,,,,,,,,,,,,,,,,,,,,,,,,,,,,,,,,,,,,,,,,,,,,,,,,,,,,,,,,,,,,,,,,,,,,,,,,,,,,,,,,,,,,,,,,,,,,,,
28-8-2025,HR345,Kishor Sir,27-8-2025,28-8-2025,,Dahiya Hisar,,,,,8,,,,,,,,,,,,,,,,,,,,,,,,,,4,,,,,,,,,,,,,,,,,,,,,,,,,,,,,,,,,,,,,,,,,,,,,,,,,,,,,,,,,,,,,,4,,,,,,,,,,,,,,,,,,,,,,,,,,,,,,,,,,,,,,,,,,,,,,,,,,,,,,,,,,,,,,,,,,,,,,,,,,,,,,,,,,,,,,,,,,
30-9-2025,HR346,Deepak Sir,28-8-2025,30-9-2025,,Inverter Plaza Rohtak,New Dp-1400-2%-200 Extra,,,,50,,,,,,,,,,,,,,,,,,,,,,,,,,,,,,,,,,,,,,,,,,,,,,,,,,,,25,25,,,,,,,,,,,,,,,,,,,,,,,,,,,,,,,,,,,,,,,,,,,,,,,,,,,,,,,,,,,,,,,,,,,,,,,,,,,,,,,,,,,,,,,,,,,,,,,,,,,,,,,,,,,,,,,,,,,,,,,,,,,,,
29-8-2025,HR347,Arun Sir,28-8-2025,29-8-2025,,Jai Bala Ji Communication Narnaul,DP-1500-2%-3%CD-2%aDV,,,,25,,,,,,,,,,,,,,,5,5,,,,,,,,,,,,,,5,,,,,,,,,,,,,,,,,,,,,,,,,,,5,,,,,,,5,,,,,,,,,,,,,,,,,,,,,,,,,,,,,,,,,,,,,,,,,,,,,,,,,,,,,,,,,,,,,,,,,,,,,,,,,,,,,,,,,,,,,,,,,,,,,,,,,,,,,,,,,,,,,,,,,,
31-8-2025,HR348,Chander Sir,28-8-2025,31-8-2025,,Guru Nanak Elc Ellenabad,,,,,25,5,,,,,,,,,,10,,,,,,,,,,,,,,,,,,,,,,,,,,,,,,,,,,10,,,,,,,,,,,,,,,,,,,,,,,,,,,,,,,,,,,,,,,,,,,,,,,,,,,,,,,,,,,,,,,,,,,,,,,,,,,,,,,,,,,,,,,,,,,,,,,,,,,,,,,,,,,,,,,,,,,,,,,,,,,,,,,,,,,,,
25-9-2025,HR350,Jagat Sir,29-8-2025,25-9-2025,,Shiva Enterprises Palwal,"dp-1500-2%
",,,,50,,,,,,,,,,,,,,,,15,,,,,,,,,,,,,,,,,,,,,,,,,,,,,,,,,25,10,,,,,,,,,,,,,,,,,,,,,,,,,,,,,,,,,,,,,,,,,,,,,,,,,,,,,,,,,,,,,,,,,,,,,,,,,,,,,,,,,,,,,,,,,,,,,,,,,,,,,,,,,,,,,,,,,,,,,,,,,,,,,,,,
16-9-2025,HR351,Jagat Sir,29-8-2025,16-9-2025,150 pc aproved,Shiva Enterprises Palwal,"DP-1500-2%
",,,3 lac with mat,200,,,,,,,,,,,,,,,20,20,,,,,,,,,,,,,,,,,,,,,,,,,,,,,10,10,,,50,70,,,,,,,,,,,,,,10,,,,,,,,,,,,,,,,,,,,,,,10,,,,,,,,,,,,,,,,,,,,,,,,,,,,,,,,,,,,,,,,,,,,,,,,,,,,,,,,,,,,,,,,,,,,,,,,,,,,,,,,,,,,,,,,,,,
30-8-2025,HR353,Chander Sir,29-8-2025,30-8-2025,,New Unique Enterprises Sirsa,"DP-1500-2%-3%-150-3.5%
",,,,30,,,,,,,,,,,,,,,,10,,,,,,,,,,,,,,,,,,,,,,,,,,,,,,,,,,,,,,,,,20,,,,,,,,,,,,,,,,,,,,,,,,,,,,,,,,,,,,,,,,,,,,,,,,,,,,,,,,,,,,,,,,,,,,,,,,,,,,,,,,,,,,,,,,,,,,,,,,,,,,,,,,,,,,,,,,,,,,,,,,,
9-3-2025,HR355,Arun Sir,29-8-2025,3-9-2025,,Shiv Battery House Birohar,dP-1500-2%,,,40k With Material Comtt. By Kausal Sir,21,20,,,,,,,,,,,,,,,,,,,,,,,,,,,,,,,,,,,,,,,,,,,,,,,,,,,,,,,,,,,,,,,,,,,,,,,,,,,,,,,,,,,,,,,,,,,,,,,,,,,,,,,,,,,,,,,,,,,,,,,,,,,,,,,,,,,,,,,,,,,,,,,,,,1,,,,,,,,,,,,,,,,,,,,,,,,,,,,,,,
30-8-2025,HR356,Rambir Sir,29-8-2025,30-8-2025,,Sagar Elc. Hisar,,,,,20,6,,,,,,,2,,,12,,,,,,,,,,,,,,,,,,,,,,,,,,,,,,,,,,,,,,,,,,,,,,,,,,,,,,,,,,,,,,,,,,,,,,,,,,,,,,,,,,,,,,,,,,,,,,,,,,,,,,,,,,,,,,,,,,,,,,,,,,,,,,,,,,,,,,,,,,,,,,,,,,,,,,,,,,,,,,,,,,,,,,,
30-8-2025,HR357,Rajesh Sir,29-8-2025,30-8-2025,,Vikash Elc. Service Centre Hisar,Service Centre,,,,18,,,,,,,,,,,,,,,,,,,,,,,,,,,,,,,,,,,,,,,,,,,,,,,,,,,,15,,,,,,,,3,,,,,,,,,,,,,,,,,,,,,,,,,,,,,,,,,,,,,,,,,,,,,,,,,,,,,,,,,,,,,,,,,,,,,,,,,,,,,,,,,,,,,,,,,,,,,,,,,,,,,,,,,,,,,,,,,,,,,,
9-1-2025,HR358,Ravinder Sir,1-9-2025,1-9-2025,,Verma Elc. Nohar Badhra,Dp-3%,,,,5,,,,,,,,,,,,,,,,,,,,,,,,,,,,,,,,,,,,,,,,,,,,,,,,,,,,,,,,,,,,,,,,,,,,,,,,,,,,,,,,,,,,,,,,,,,,,,,,,,,,,,,,,,,,,,,,,,,,,,,,,,,,,,,,,,,,,,,,,,,,,,,,,,,,,,,,,,,,,,,,,,,,,5,,,,,,,,,,,,,
9-1-2025,HR362,Prem S. Sir,1-9-2025,1-9-2025,50pc aproved,Sahun Inverter Battery Punhana,,,,,55,,,,,,,,,,,,,,,,,,,,,,,,,,,,,,,,,,,,,,,,,,,,,,17,,,,,,,25,,,,,,,10,,,,,,,,,,,,,,,,,,,,,,,,,,,,,,,,,,,,,,,,,,,,,,,,,,,,,,,,,,,,,,,,,,,,,,,,,,,,,,,3,,,,,,,,,,,,,,,,,,,,,,,,,,,,,,,,,,,,,,,
9-1-2025,HR363,Prem S. Sir,1-9-2025,1-9-2025,50pc aproved,M.R Inverter Batteries Nuh(Mubarik),"new dp-1500-2%
570-14.50
(Modal wise 200)
",,,,50,,,,,,,,,,,,,,,,,,4,,,,,,,8,,,,,4,,,,,,,,,,,,,,,,,,,,,,8,,,,,4,,8,,,,,4,,,,,,,,,,,,,,,,,,,,,,,8,,,,2,,,,,,,,,,,,,,,,,,,,,,,,,,,,,,,,,,,,,,,,,,,,,,,,,,,,,,,,,,,,,,,,,,,,,,,,,,,,,,,,,,,,,,,
16-9-2025,HR364,Arun Sir,1-9-2025,16-9-2025,,Manjeet Battery House Dadri,,,,with mat 1 lac,21,5,,,,,,,,,,10,,,,,,,,,,,,,,,,,,,,,,,,,,,,,,,,,,5,,,,,,,,,,,,,,,,,,,,,,,,,,,,,,,,,,,,,,,,,,,,,,,,,,,,,,,,,,,,,,,,,,,,,,,,,,,,,,,,,,,,,,,,,,,,,,1,,,,,,,,,,,,,,,,,,,,,,,,,,,,,,,,,,,,,,,
9-1-2025,HR365,Arun Sir,1-9-2025,1-9-2025,20 pc aproved,Sk bhojawas,"""DP-1500-2%
""",,2,,34,4,,,,4,,,,,,4,,,,6,,,,,,,,,,,,,,,,,,,,,,,,,,,,,,2,,,,,,,,,,,8,,,4,,,,,,,,,,,,,,,,,,,,,,,,,,,,,,,,,,,,,,,,,,,,,,,,,,,,,,,,,,,,,,,,,,,,,,,,,,,,,,,,,,,,,,,,2,,,,,,,,,,,,,,,,,,,,,,,,,,,,,,,
9-1-2025,HR366,Salman Sir,1-9-2025,1-9-2025,,Chauhan Battery House Mainpuri,dp-1500-2%(28%),,6 foc tt17536 tod,,13,,,,,,,,,,,,,,,,,,,,,,,,,,,,,,,,,,,,,,,7,,,,,,6,,,,,,,,,,,,,,,,,,,,,,,,,,,,,,,,,,,,,,,,,,,,,,,,,,,,,,,,,,,,,,,,,,,,,,,,,,,,,,,,,,,,,,,,,,,,,,,,,,,,,,,,,,,,,,,,,,,,,,,,,,,,,,,,,,,,,
9-5-2025,HR368,Salman Sir,1-9-2025,5-9-2025,,Ratan Power System Firozabad ,,,,,61,8,,,,,,,,,,,30,,,,,,10,,,,,,,,,,,,,,,,,,,,,,,,,,,2,,,,,,,,,,,,,,,,,,,,,,,,,,,,,,,,2,,,,,,,,,,,,,,,,,,,,,,,,,,,,,,,,,,,,,,,,,,,,,,,,,,,,,,,,,,,,,,,,,,,,,,,,,,,,,9,,,,,,,,,,,,,,,,,,,,,,,,
9-1-2025,HR369,Rajesh Sir,1-9-2025,1-9-2025,,Paras Enterprises Service Centre Jind,,,,,20,,,,,,,,,,,,,,,,,,,,,,,,,,,,,,,,,,,,,,,2,,,,,,3,,,,,,,12,,,,,,,3,,,,,,,,,,,,,,,,,,,,,,,,,,,,,,,,,,,,,,,,,,,,,,,,,,,,,,,,,,,,,,,,,,,,,,,,,,,,,,,,,,,,,,,,,,,,,,,,,,,,,,,,,,,,,,,,,,,,,,,
9-8-2025,HR370,Ravinder Sir,6-9-2025,9-8-2025,,Bansal Elc. Uklana,,,,,12,,,,,,,,,,,,,,,,,,,,,,,,,,,,,,,,,,,,,,,,,,,,,6,6,,,,,,,,,,,,,,,,,,,,,,,,,,,,,,,,,,,,,,,,,,,,,,,,,,,,,,,,,,,,,,,,,,,,,,,,,,,,,,,,,,,,,,,,,,,,,,,,,,,,,,,,,,,,,,,,,,,,,,,,,,,,,,,,,,,,
9-9-2025,HR371,Sunil Sir,6-9-2025,9-9-2025,,Manglam Battery Fathebad,DP-5%,,"3 FOC tod TT17536 
App By Ravi Sir",,13,,,,,,,,,,,,,,,,,,,,,,,,,,,,,,,,,,,,,,,,,,,,,3,,,,,,,,,,,,,,,,,,,,,,,,,,,,,,,,,,,,,,,,,,,,,,,,,,,,,,,,,,,,,,,,,,,,,,,10,,,,,,,,,,,,,,,,,,,,,,,,,,,,,,,,,,,,,,,,,,,,,,,,,,,,,,,,,,,,,,
11-9-2025,HR372,Arun Sir,10-9-2025,11-9-2025,,Saini Battery House Loharu,dp-1500-2%,,,with mat 1 lac,10,2,,,,,,,,,,,,,,,,,,,,,,,,,,,,,,,,,,,,,,4,,,,,,4,,,,,,,,,,,,,,,,,,,,,,,,,,,,,,,,,,,,,,,,,,,,,,,,,,,,,,,,,,,,,,,,,,,,,,,,,,,,,,,,,,,,,,,,,,,,,,,,,,,,,,,,,,,,,,,,,,,,,,,,,,,,,,,,,,,,,
16-9-2025,HR373,Jagat Sir,11-9-2025,16-9-2025,100,Prem Power Solution Hathin,"N DP-1500-200%-2%

",,,5 lac with mat,140,,,,,,,,,,,15,,,,,,,,,,,,,,,,,,,,,,,,,,,,,,,,,,40,10,,,30,,,,,,,,,,15,,,,,15,,,,,,,,,,,,,,,,,,,,,,,15,,,,,,,,,,,,,,,,,,,,,,,,,,,,,,,,,,,,,,,,,,,,,,,,,,,,,,,,,,,,,,,,,,,,,,,,,,,,,,,,,,,,,,,,,,,
22-9-2025,HR374,Neeraj Sir,12-9-2024,22-9-2025,22-9-2025,Haseen Batteries Meerut,"N DP-1500-2%-3%CD-200 EXTRA
",,4 Foc tt17536,,104,,,,,,,,,,,10,,,,,,,,,,,,,,,,,,,,,,,,,,,,,,,,,,64,,,,,,,10,,,,,,,,,,,,,,,,,,,,,,,,,,,,,,,,,,,10,,,,10,,,,,,,,,,,,,,,,,,,,,,,,,,,,,,,,,,,,,,,,,,,,,,,,,,,,,,,,,,,,,,,,,,,,,,,,,,,,,,,,,,,,,,,
"After Pyment
Sat",HR375,Neeraj Sir,12-9-2024,30-9,30-9-2025,Haseen Batteries Meerut,"N DP-1500-2%-3%CD-200 EXTRA
",,4 Foc tt17536,,104,,,,,,,,,,,,,,,,,,,,,,,,,,,,,,,,,,,,,,,,,,,,,69,,,,,,,15,,,,,,,,,,,,,,,,,,,,,,,,,,,,,,,,,,,10,,,,10,,,,,,,,,,,,,,,,,,,,,,,,,,,,,,,,,,,,,,,,,,,,,,,,,,,,,,,,,,,,,,,,,,,,,,,,,,,,,,,,,,,,,,,
16-9-2025,HR376,Ravinder Sir,12-9-2024,16-9-2025,,Kajla Sloar Tosham NBD,"N DP-1500-2%-3%CD
",,,dispatch after 2 lac,30,6,,,,,,,,,,,,,,,,,,,,,,,,,,,,,,,,,,,,,,6,,,,,,6,,,,,,,,,,,,,,,,,,,,,,,,,,,,,,,,,,,,,,,,,,6,,,,6,,,,,,,,,,,,,,,,,,,,,,,,,,,,,,,,,,,,,,,,,,,,,,,,,,,,,,,,,,,,,,,,,,,,,,,,,,,,,,,,,,,,,,,
9-12-2025,HR377,Rambir Sir,12-9-2024,12-9-2025,,Raja Enterprises Hisar,,,,,110,,20,,,,,,,,,,20,,,,,,,,,,,,,,,,,,,,,,,,,,,,20,,,,,,20,,,,,,,,,,,,,,,,,,,,,,,,,,,,,,,,,,,,,,,10,,,10,,,,10,,,,,,,,,,,,,,,,,,,,,,,,,,,,,,,,,,,,,,,,,,,,,,,,,,,,,,,,,,,,,,,,,,,,,,,,,,,,,,,,,,,,,,
15-9-2025,HR379,Rambir Sir,15-9-2025,15-9-2025,,Raja Enterprises Hisar,,,,,50,,10,,,,,,,,,,10,,,,,,,10,,,,,,,10,,,,,,,,,,,,,,,,,,,,,,,,,,,,,,,,,,,,,,,,,,,,,,,,10,,,,,,,,,,,,,,,,,,,,,,,,,,,,,,,,,,,,,,,,,,,,,,,,,,,,,,,,,,,,,,,,,,,,,,,,,,,,,,,,,,,,,,,,,,,,,,,,,,,,,,,,
15-9-2025,HR380,Kaushal Sir,15-9-2025,15-9-2025,,Raja Enterprises Hisar,,,,,65,,15,,,,,,,15,,,15,,,,,,,,,,,,,,,,,,,,,,,,,,,,,,,,,,,,,,,,,,,,,,,,,,,,,,,,,,,,,,,,,,10,,,,,,,10,,,,,,,,,,,,,,,,,,,,,,,,,,,,,,,,,,,,,,,,,,,,,,,,,,,,,,,,,,,,,,,,,,,,,,,,,,,,,,,,,,,,,,,,,,,,,
17-9-2025,HR382,Arun Sir,16-9-2025,17-9-2025,,Jai Durga Battery House Kanina,,,,,20,,,,,,,,,,,10,,,,,,,,,,,,,,,,,,,,,,,,,,,,,,,,,,,,,,,,,10,,,,,,,,,,,,,,,,,,,,,,,,,,,,,,,,,,,,,,,,,,,,,,,,,,,,,,,,,,,,,,,,,,,,,,,,,,,,,,,,,,,,,,,,,,,,,,,,,,,,,,,,,,,,,,,,,,,,,,,,,,,,,,
17-9-2025,HR383,Rambir Sir,16-9-2025,17-9-2025,,Raja Enterprises Hisar,dp-1500-2%-3%cd-200 extra,,,,20,,,10,,,,,,,,,,10,,,,,,,,,,,,,,,,,,,,,,,,,,,,,,,,,,,,,,,,,,,,,,,,,,,,,,,,,,,,,,,,,,,,,,,,,,,,,,,,,,,,,,,,,,,,,,,,,,,,,,,,,,,,,,,,,,,,,,,,,,,,,,,,,,,,,,,,,,,,,,,,,,,,,,,,,,,,,,,,,,,,,
10-1-2025,HR384,Arun Sir,16-9-2025,1-10-2025,,Ajeet Rep. Centre Bawal,,,,"7/10/25 after rcv payment 2,5 lac",24,10,,,,,,,,,,,,,,,,,5,,,,,,,5,,,,,,,,,,,,,,,,,,,,,,,,,,,,,,,,,,,,,,,,,,,,,,,,,,,,,,,,4,,,,,,,,,,,,,,,,,,,,,,,,,,,,,,,,,,,,,,,,,,,,,,,,,,,,,,,,,,,,,,,,,,,,,,,,,,,,,,,,,,,,,,,,,,,,,,,,,
17-9-2025,HR385, Ravinder Sir,16-9-2025,17-9-2025,,R.K Power Hansi,"N DP-1500-2%-3%CD
",,,,50,5,5,,,,,,,,,,,,,,,,,,,,,,,,,,,,,,,,,,,,,,,,,,,30,,,,,,,,,,,,,,,,,,,,,10,,,,,,,,,,,,,,,,,,,,,,,,,,,,,,,,,,,,,,,,,,,,,,,,,,,,,,,,,,,,,,,,,,,,,,,,,,,,,,,,,,,,,,,,,,,,,,,,,,,,,,,,,,,,,,,,
17-9-2025,HR386, Deepak Sir,16-9-2025,17-9-2025,,Deep Trading Co. Farmana,New Dp-1500-2%-200 Extra,,,,50,10,,,,,,,,,,,,,,,,,,,,,,,,,,,,,,,,,,,,,,40,,,,,,,,,,,,,,,,,,,,,,,,,,,,,,,,,,,,,,,,,,,,,,,,,,,,,,,,,,,,,,,,,,,,,,,,,,,,,,,,,,,,,,,,,,,,,,,,,,,,,,,,,,,,,,,,,,,,,,,,,,,,,,,,,,,,,,,,,,,
17-9-2025,HR387,Ravinder Sir,17-9-2025,17-9-2025,25pc aproved,Verma Nohar,"N DP-1500-2%-3%CD
",,,,40,,,,,,,,,,,,,,,,,,,,,,,,,,,,,,,,,,,,,,,4,,,,,,6,,,,,,,2,,,,,,,4,,,,,,,,,,2,,,,2,,,,2,,,,,,,,,,6,,,,,,,,,,,,,,,,,,,,,,,,,,,,,,,,,,,,,,,,,,,,,,,,,,,,,,,,,,,,,,,,,,,,,,,,,,,,,,4,4,,,,,,,,,,,,4
17-9-2025,HR388,Ravinder Sir,17-9-2025,17-9-2025,,Malik Battery Uchana (Thurana),"N DP-1500-2%-3%CD
",,,,61,,10,,,,,,,,,,20,,,,,,,,,,,,,,,,,,,,,,,,,,,,,,,,,,11,,,,,,,20,,,,,,,,,,,,,,,,,,,,,,,,,,,,,,,,,,,,,,,,,,,,,,,,,,,,,,,,,,,,,,,,,,,,,,,,,,,,,,,,,,,,,,,,,,,,,,,,,,,,,,,,,,,,,,,,,,,,,,,,,,,,,
17-9-2025,HR389,Ravinder Sir,17-9-2025,17-9-2025,,Malik Battery Uchana,"N DP-1500-2%-3%CD
",,,,50,10,,,,,,,,,,20,,,,,,,,,,,,,,,,,,,,,,,,,,,,,,,,,,,,,,,,,20,,,,,,,,,,,,,,,,,,,,,,,,,,,,,,,,,,,,,,,,,,,,,,,,,,,,,,,,,,,,,,,,,,,,,,,,,,,,,,,,,,,,,,,,,,,,,,,,,,,,,,,,,,,,,,,,,,,,,,,,,,,,,,
18-9-2025,HR390,Rambir Sir,17-8-2025,18-9-2025,,Sagar Elc. Hisar,,,,,51,20,,,,,,,6,,,20,,,,,,,5,,,,,,,,,,,,,,,,,,,,,,,,,,,,,,,,,,,,,,,,,,,,,,,,,,,,,,,,,,,,,,,,,,,,,,,,,,,,,,,,,,,,,,,,,,,,,,,,,,,,,,,,,,,,,,,,,,,,,,,,,,,,,,,,,,,,,,,,,,,,,,,,,,,,,,,,,,,,,,,,
18-09-2025,HR391,Rajesh Sir,17-8-2025,18-09-2025,,Vikash Elc. Service Centre Hisar,Service Centre,,,,10,,,,,,,,,,,,,,,,,,,,,,,,,,,,,,,,,,,,,,,,,,,,,,,,,,,,10,,,,,,,,,,,,,,,,,,,,,,,,,,,,,,,,,,,,,,,,,,,,,,,,,,,,,,,,,,,,,,,,,,,,,,,,,,,,,,,,,,,,,,,,,,,,,,,,,,,,,,,,,,,,,,,,,,,,,,,,,,,,,,
18-09-2025,HR392,Rajesh Sir,17-8-2025,18-09-2025,,Verma Inverter Battery Service Centre Hisar,Service Centre,,,,20,,,,,,,,,,,,,,,,,,,,,,,,,,,,,,,,,,,,,,,,,,,,,,,,,,,,5,,3,,,10,,,,2,,,,,,,,,,,,,,,,,,,,,,,,,,,,,,,,,,,,,,,,,,,,,,,,,,,,,,,,,,,,,,,,,,,,,,,,,,,,,,,,,,,,,,,,,,,,,,,,,,,,,,,,,,,,,,,,,,,,,
19-9-025,HR393,Chander Sir,17-8-2025,19-9-025,,New Unique Ent. Sirsa,,,,,25,,,,,,,,,,,,,,,,,,,,,,,,,,,,,,,,,,,,,,,,,,,,,,,,,,20,,,,,,,5,,,,,,,,,,,,,,,,,,,,,,,,,,,,,,,,,,,,,,,,,,,,,,,,,,,,,,,,,,,,,,,,,,,,,,,,,,,,,,,,,,,,,,,,,,,,,,,,,,,,,,,,,,,,,,,,,,,,,,,,,
20-9-2025,HR394,Chander Sir,18-8-2025,20-9-2025,,Guru Nanak Elc Ellenabad,,,10 old foc ,,20,,,,,,,,,,,5,,,,,,,,,,,,,,,,,,,,,,,,,,,,,,,,,,7,,,,,,,,,,,,,,,,,,,,,,,,,,,,,,,,,,,,,,,,,,4,4,,,,,,,,,,,,,,,,,,,,,,,,,,,,,,,,,,,,,,,,,,,,,,,,,,,,,,,,,,,,,,,,,,,,,,,,,,,,,,,,,,,,,,,,,,
24-9-2025,HR395,Prince Sir,19-9-2025,24-9-2025,,R.R Enterprises Gajraula Amroha ,,,"Mixbilling
4 fc sytt17537",,0,,,,,,,,,,,,,,,,,,,,,,,,,,,,,,,,,,,,,,,,,,,,,4,,,,,,,10,,,,10,,,30,,,,30,,,,,,,,,,,,,,,,,,,,,,,,20,,,,,,,,,,,,,,,,,,,,,,,,,,,,,,,,,,,,,,,,,,,,,,,,,,,,,,,,,,,,,,,,,,,,,,,,,6,,,,,,,,,,,,,,,,,,
22-9-2025,HR397,Salman Sir,19-9-2025,22-9-2025,,Ratan Power System Firozabad ,,,,,0,,,,,,,,,,,30,,,,,,,5,,,,,,,,,,,,,,,,,,,,,,,,,,,7,,,,,,,,,,,,,,10,,,,,,,,,,,,,,,,,,,,,,,,,,,,,,,,,,,,,,,,,,,,,,,,,,,,,,,,,,,,,,,,,,,,,,,,,,,,,,,,,,,,,,,,,,,,,,,,,,,,,,,,,,,,,,,,,,,,,,,
30-9-2025,HR398,Salman Sir,19-9-2025,30-9-2025,30-9-2025,Chouhan Battery House Mainpuri,New Dp-1500-2%-200 Extra,,,tt,0,,,,,,,,,,,,,,,,,,,,,,,,,,,,,,,,,,,,,,,,,,,,,26,,,,,,,,,,,,,,,,,,,,,,,,,,,,,,,,,,,,,,,,,,4,,,,,,,,,,,,,,,,2,,,,2,,,,,,,,,,,,,,,,,,,,,,,,,,,,,,,,,,,,,,,,,,,,,,,,,,15,,,,,,,,,,,,,,,,,,,,,
10-10-2025,HR399,Chander Sir,19-9-2025,10-10-2025,34pc aproved,Guru Nanak Elc Ellenabad,,,,,0,,,,,,,,,,,6,,,,,,,,,,,,,,,,,,,,,,,,,,,,,,,,,,5,,,,,,,,,,,,,,4,4,,,,,,,,,,,,,,,,,,,,,,,,,,,5,5,,,5,,,,,,,,,,,,,,,,,,,,,,,,,,,,,,,,,,,,,,,,,,,,,,,,,,,,,,,,,,,,,,,,,,,,,,,,,,,,,,,,,,,,,,,
20-9-2025,HR401,Rambir Sir,19-9-2025,20-9-2025,35 pc aproved,Renewal Solar Energy Siwani,"n dp-1500-2%-3%-200
570 sy-14.50-3%",,,,0,,,,,,,,,,,4,8,,,,,,,,,,,,,,,,,,,,,,,,,,,4,8,,,,,4,8,,,,,,,,,,,,,,,,,,,,,,,,,,,,,,,,,,,,,,,,,,,,,4,8,,,,,,,,,,,,,,,,,,,,,,,,,,,,,,,,,,,,,,,,,,,,,,,,,,,,,,,,,,,,,,,,,,,,,,,,,,,,,,,,,,,,,,
23-9-2025,HR402,Chander Sir,20-9-2025,23-9-2025,,New Unique Ent. Sirsa,,,,,0,,,,,,,,,,,,,,,,10,,,,,,,,,,,,,,,,,,,,,,,,,,,,,,,,,,,,,,,,,10,,10,,,,,,,,,,,,,,,,,,,,,,,,,,,,,,,,,,,,,,,,,,,,,,,,,,,,,,,,,,,,,,,,,,,,,,,,,,,,,,,,,,,,,,,,,,,,,,,,,,,,,,,,,,,,,,,,,,,,,,,
23-9-2025,HR403,Akash Sir,22-9-2025,23-9-2025,,Prakashmay Power Solution Bulandshahr ,New Dp -,,,,0,,,,,,,,,,,,60,,,,,,,,,,,,,,,,,,,,,,,,,,,,,,,,,,,,,,,,,40,,,,,,,,,,,,,,,,,,,,,,,,,,,,,,,,,,,,,,,,,,,,,,,,,,,,,,,,,,,,,,,,,,,,,,,,,,,,,,,,,,,,,,,,,,,,,,,,,,,,,,,,,,,,,,,,,,,,,,,,,,,,,
22-9-2025,HR404,Kaushal Sir,22-9-2025,22-9-2025,,Raja Enterprises Hisar,"47790-3700-3%-3%cd
5197-3%-3%cd",,,,0,,,,,,,,,,,,,,,,,,,,,,,,,,,,,,,,,,,,,,,,,,,,,,,,,,,,,,,,,,,,,,,,,,,,,,,,,,,,,,,,,,,,,,,,,,,,,,,,,,,,,,,1,,,,1,,,,,,,,,,,,,,,,,,,,,,,,,,,,,,,,,,,,,,,,,,,,,,,,,,,,,,,,,,,,,,,,,,,,,,,
23-9-2025,HR405,Manoj SIr,17-9-2025,23-9-2025,,Bala Ji Battery Bareilly,,,,,50,,,,,,,,,,,,,,,,,,,,,,,,,,,,,,,,,,,,,,,,,,,,,,,,,,,,,,,,,,,50,,,,,,,,,,,,,,,,,,,,,,,,,,,,,,,,,,,,,,,,,,,,,,,,,,,,,,,,,,,,,,,,,,,,,,,,,,,,,,,,,,,,,,,,,,,,,,,,,,,,,,,,,,,,,,,,,,,,,,,
23-9-2025,HR406,Rambir Sir,23-9-2025,23-9-2025,,Durga Battery Fathebad,,,,,2,,,,,,,,,,,,,,,,,,,,,,,,,,,,,,,,,,,,,,,,,,,,,,,,,,,,,,,,,,,,,,,,,,,,,,2,,,,,,,,,,,,,,,,,,,,,,,,,,,,,,,,,,,,,,,,,,,,,,,,,,,,,,,,,,,,,,,,,,,,,,,,,,,,,,,,,,,,,,,,,,,,,,,,,,,,,,,,,,,,
23-9-2025,HR407,Prem S. Sir,23-9-2025,23-9-2025,,Shivam Enterprises Sohna,New Dp-1500-2%-3%-200,,,3 lac with mat kaushal ji,30,,,,,,,,,,,,,,,,20,,,,,,,,,,,,,,,,,,,,,,,,,,,,,,,,,,,,,,,,,10,,,,,,,,,,,,,,,,,,,,,,,,,,,,,,,,,,,,,,,,,,,,,,,,,,,,,,,,,,,,,,,,,,,,,,,,,,,,,,,,,,,,,,,,,,,,,,,,,,,,,,,,,,,,,,,,,,,,,,,,,
23-9-2025,HR408,Arun Sir,23-9-2025,23-9-2025,,Yuvraj Inverter Ratanthal,,,,1 lac with mat kaushal ji,10,,,,,,,,,,,4,,,,,,,,,,,,,,,,,,,,,,,,,,,,,,,,,,,,,,,,,6,,,,,,,,,,,,,,,,,,,,,,,,,,,,,,,,,,,,,,,,,,,,,,,,,,,,,,,,,,,,,,,,,,,,,,,,,,,,,,,,,,,,,,,,,,,,,,,,,,,,,,,,,,,,,,,,,,,,,,,,,,,,,,
30-9-2025,HR409,Deepak Sir,23-9-2025,30-9-2025,,Inverter Plaza Rohtak,New Dp-1400-2%-200 Extra,,,,50,,6,,,,,,,,,,,,,,,,,,,,,,,,,,,,,,,,,,,,,,,,,,,12,12,,,,6,,8,6,,,,,,,,,,,,,,,,,,,,,,,,,,,,,,,,,,,,,,,,,,,,,,,,,,,,,,,,,,,,,,,,,,,,,,,,,,,,,,,,,,,,,,,,,,,,,,,,,,,,,,,,,,,,,,,,,,,,,,,,,,,,,
10-1-2025,HR410,Deepak Sir,23-9-2025,1-10-2025,,Inverter Plaza Rohtak,New Dp-1400-2%-200 Extra,,,,50,,,,,,,,,,,6,6,,,,,,,,,,,,,,,,,,,,,,,,,,,,,,,,,8,12,,,,6,,,6,,,,6,,,,,,,,,,,,,,,,,,,,,,,,,,,,,,,,,,,,,,,,,,,,,,,,,,,,,,,,,,,,,,,,,,,,,,,,,,,,,,,,,,,,,,,,,,,,,,,,,,,,,,,,,,,,,,,,,,,,,,,,,
25-9-2025,HR411,Ravinder Sir,23-9-2025,25-9-2025,,Guru KirpaTraders Hanumangarh NBD,DP-1500-2%-3%CD-200 EXTRA,,,all paymnt clear with in 10 days,51,3,,,,,,,,,,18,,,,,,,,,,,,,,3,,,,,,,,,,,,,,3,,,,,,18,,,,,,,,,,,,,,,,,,,,,,,,,,,,,,,,,,,,,,,,,,,,,,6,,,,,,,,,,,,,,,,,,,,,,,,,,,,,,,,,,,,,,,,,,,,,,,,,,,,,,,,,,,,,,,,,,,,,,,,,,,,,,,,,,,,,,,
30-9-2025,HR412,Salman Sir,23-9-2025,30-9-2025,,Jhilmil Elrctronics & Inverter Battery House Mainpuri,New Dp-2100-2%-200 Extra,,,,45,,,,,,,,,,,,,,,,,,,,,,,,,,,,,,,,,,,,,,,,10,,,,,,6,,,,,,,,,,,,,,6,,,,,,,4,,,,,,,,,,,,,,,,,,,,,4,,,,,,,,,,,,,,,,,,,,,,,,,,,,,,,,,,,,,,,,,,,,,,,,,,,,,,,,,,,,,,,,,,8,,,7,,,,,,,,,,,,,,,,,,,,,
25-9-2025,HR413,Kaushal Sir,23-9-2025,25-9-2025,,Raja Enterprises Hisar,,,,,40,,10,,,,,,,,,,10,,,,,,,,,,,,,,,,,,,,,,,,,,,,,,,,,,,,,,,,,,,,,,,,,,,,,,,10,,,,,,,,,,,,,,,,,,,,,10,,,,,,,,,,,,,,,,,,,,,,,,,,,,,,,,,,,,,,,,,,,,,,,,,,,,,,,,,,,,,,,,,,,,,,,,,,,,,,,,,,,,,,,,,,
25-9-2025,HR414,Ravinder Sir,23-9-2025,25-9-2025,,Nirnjan Auto Narnaund,,,,,20,,,,,,,,,,,5,,,,,,,,,,,,,,,,,,,,,,,,,,,,,,,,,,10,,,,,,,,,,,,,,,,,,,,,,,,,,,,,,,,,,,,,,,,,,5,,,,,,,,,,,,,,,,,,,,,,,,,,,,,,,,,,,,,,,,,,,,,,,,,,,,,,,,,,,,,,,,,,,,,,,,,,,,,,,,,,,,,,,,,,,
27-9-2025,HR416,Ravinder Sir,24-9-2025,27-9-2025,,Bansal Elc. Uklana,,,,,12,,,,,,,,,,,,,,,,,,,,,,,,,,,,,,,,,,,,,,,,,,,,,6,6,,,,,,,,,,,,,,,,,,,,,,,,,,,,,,,,,,,,,,,,,,,,,,,,,,,,,,,,,,,,,,,,,,,,,,,,,,,,,,,,,,,,,,,,,,,,,,,,,,,,,,,,,,,,,,,,,,,,,,,,,,,,,,,,,,,,
27-10-2025,HR417,Salman Sir,24-9-2025,27-10-2025,,Murti Battery Agra,"New Dp-1500-2%-200 Extra
Panel-20.50 Rs",,,,61,,,,,,,,,,,,,,,,,,,,,,,,,,,,,,,,,,,,,,,10,,,,,,22,,,,,,,,,,,,,,15,,,,,,,,,,,,,,,,,,,,,,,,,,,,,5,,,,,,,,,,,,,,,,,,,,,,,,,,,,,,,,,,,,,,,,,,,,,,,,,,,,,,,,,,,,,,,,,,9,,,,,,,,,,,,,,,,,,,,,,,,
27-9-2025,HR418,Rambir Sir,25-9-2025,27-9-2025,,Durga Battery Fathebad,New Dp-1500-2%-200-EXTRA,,,With Mat 100 k ,20,,,,,,,,,,,,,,,,3,,,,,,,,,,,,,,,,,,,,,,,,,,,7,,,,,,,10,,,,,,,,,,,,,,,,,,,,,,,,,,,,,,,,,,,,,,,,,,,,,,,,,,,,,,,,,,,,,,,,,,,,,,,,,,,,,,,,,,,,,,,,,,,,,,,,,,,,,,,,,,,,,,,,,,,,,,,,,,,,,,,,
29-09-2025,HR419,Rajesh Sir,25-9-2025,29-09-2025,,Suraj Power Solution Service Centre Nuh,,,,,22,,,,,,,,,,,,,,,,,,,,,,,,,,,,,,,,,,,,,,,,,,,,,3,,,,,,,15,2,,,,,,2,,,,,,,,,,,,,,,,,,,,,,,,,,,,,,,,,,,,,,,,,,,,,,,,,,,,,,,,,,,,,,,,,,,,,,,,,,,,,,,,,,,,,,,,,,,,,,,,,,,,,,,,,,,,,,,,,,,,,,,
27-9-2025,HR420,Akash Sir,27-9-2025,27-9-2025,,Prakashmay Power Solution Bulandshahr ,,,,,154,,,,,,,,,,,,70,,,,30,,,,,,,,,,,,,,,,,,,,,,,,,,,,,,,,,,,,,,,,,,,,30,,,,,,,,,,,,,,,,,,,,,,,,,,,,,,,,24,,,,,,,,,,,,,,,,,,,,,,,,,,,,,,,,,,,,,,,,,,,,,,,,,,,,,,,,,,,,,,,,,,,,,,,,,,,,,,,,,,,,,,
30-9-2025,HR421,Manoj SIr,27-9-2025,30-9-2025,,Sai Enterprise Rampur ,New Dp-1500-2%-200 Extra,,"3 Foc Panding Scheme
12 Foc Thailand Scheme",dispatch after 5 lac,115,,,,,,,,,,,,,,,,,,,,,,,,,,,,,,,,,,,,,,,,,,,,,65,,,,,,,,,,,,,,40,,,,,,,,,,,,,,,,,,,,,,,,,,,,10,,,,,,,,,,,,,,,,,,,,,,,,,,,,,,,,,,,,,,,,,,,,,,,,,,,,,,,,,,,,,,,,,,,,,,,,,,,,,,,,,,,,,,,,,,,
29-9-2025,HR423,Rambir Sir,27-9-2025,29-9-2025,,Bala Ji Batt Tohana,dp-1500-2%-3%cd-200 extra,,mix billing,,15,,,,,,,,,,,,,,,,,,,,,,,,,,,,,,,,,,,,,,,,,,,,,,,,,,5,,,,,,,5,,,,,,,,,,,,,,,,,,,,,,,,,,,,,,,,,,5,,,,,,,,,,,,,,,,,,,,,,,,,,,,,,,,,,,,,,,,,,,,,,,,,,,,,,,,,,,,,,,,,,,,,,,,,,,,,,,,,,,,,,,
30-9-2025,HR424,Deepak Sir,27-9-2025,30-9-2025,,Neha Elc. Sonipat,New Dp-1500-2%-200 Extra,,,,100,,,,,,,,,,,,,,,,,,,,,,,,,,,,,,,,,,,,,,,,30,,,,,,30,,,,,,,30,,,,,,,,,,,,,,,,,,,,,,,,,,,,,,,,,,,10,,,,,,,,,,,,,,,,,,,,,,,,,,,,,,,,,,,,,,,,,,,,,,,,,,,,,,,,,,,,,,,,,,,,,,,,,,,,,,,,,,,,,,,,,,
30-9-2025,HR425,Ravinder Sir,27-9-2025,30-9-2025,,Kajla Sloar Tosham NBD,"DP-1500-2%-3%CD-200 extra
",,,disptach after 2 lac,10,,,,,,,,,,,,,,,,,,,,,,,,,,,,,,,,,,,,,,,,,,,,,,,,,,,,,,,,,,,,,,,,,,,,,,,,,,,,,,,,,,,,,,,10,,,,,,,,,,,,,,,,,,,,,,,,,,,,,,,,,,,,,,,,,,,,,,,,,,,,,,,,,,,,,,,,,,,,,,,,,,,,,,,,,,,,,,,,,,,
30-9-2025,HR426,Manoj SIr,29-9-2025,30-9-2025,,Bala Ji Batt Bareilly ,DP-1500-2%,,,disptach after 6 lac,50,,,,,,,,,,,,,,,,,,,,,,,,,,,,,,,,,,,,,,,,,,,,,20,,,,,,,,,,,,,,30,,,,,,,,,,,,,,,,,,,,,,,,,,,,,,,,,,,,,,,,,,,,,,,,,,,,,,,,,,,,,,,,,,,,,,,,,,,,,,,,,,,,,,,,,,,,,,,,,,,,,,,,,,,,,,,,,,,,,,,
30-9-2025,HR427,Rambir Sir,29-9-2025,30-9-2025,,Renewal Solar Energy Siwani,,,,,16,,,,,,,,,,,,,,,,,,,,,,,,,,,,,,,,,,,,,,,,4,,,,,,4,,,,,,,,,,,,,,8,,,,,,,,,,,,,,,,,,,,,,,,,,,,,,,,,,,,,,,,,,,,,,,,,,,,,,,,,,,,,,,,,,,,,,,,,,,,,,,,,,,,,,,,,,,,,,,,,,,,,,,,,,,,,,,,,,,,,,
30-9-2025,HR428,Arun Sir,29-9-2025,30-9-2025,,Saini Battery House Loharu,,,,,10,2,,,,,,,,,,,,,,,,,,,,,,,,,,,,,,,,,,,,,,1,,,,,,4,,,,,,,,,,,,,,,,,,,,,,,,,,,,,,,,,,,,,,,,,,3,,,,,,,,,,,,,,,,,,,,,,,,,,,,,,,,,,,,,,,,,,,,,,,,,,,,,,,,,,,,,,,,,,,,,,,,,,,,,,,,,,,,,,,,,,,
1037 bal,HR429,Prem S. Sir,29-9-2025,1-10-2025,,Aggarwal Ent. Alwar,New Dp-1500-2%-200,,2 foc,apporved 6 lac 5/10 4 lac 20/10,60,,,,,,,,,,,,,,,,10,,,,,,,,,,,,,,,,,,,,,,,,,,,,,,,,,,,,,,,,,15,,,,,,,35,,,,,,,,,,,,,,,,,,,,,,,,,,,,,,,,,,,,,,,,,,,,,,,,,,,,,,,,,,,,,,,,,,,,,,,,,,,,,,,,,,,,,,,,,,,,,,,,,,,,,,,,,,,,,,,,,,
30-9-2025,HR430,Arun Sir,29-9-2025,30-9-2025,,Ashok Yadav Elc. Hardware Satnali,,,,,50,,,,,5,,,,,,,,,,10,,,,,,,10,,,,,,,5,,,,,,,,,,,,,,,,,,,,10,,,,,,,,,,,,,,10,,,,,,,,,,,,,,,,,,,,,,,,,,,,,,,,,,,,,,,,,,,,,,,,,,,,,,,,,,,,,,,,,,,,,,,,,,,,,,,,,,,,,,,,,,,,,,,,,,,,,,,,,,,,,,,,,,,
30-9-2025,HR431,Salman Sir,29-9-2025,30-9-2025,,Sun Light Batteries Mathura,"New Dp-1500-2%-200 Extra
100w-20.50w ",,,,61,,,,,,,,,,,,,,,,,,,,,,,,,,,,,,,,,,,,,,,15,,,,,,22,,,,,,,,,,,,,,5,,,,,,,,,,,,,,,,,,,,,,,,,,,,10,,,,,,,,,,,,,,,,,,,,,,,,,,,,,,,,,,,,,,,,,,,,,,,,,,,,,,,,,,,,,,,,,,,9,,,,,,,,,,,,,,,,,,,,,,,,
30-9-2025,HR432,Arun Sir,30-9-2025,30-9-2025,,Akash Inverter Battery Bawal,,,,,15,,,,,,,,,,,,,,,,5,,,,,,,,,,,,,,,,,,,,,,,,,,,,,,,,,,,,,,,,,10,,,,,,,,,,,,,,,,,,,,,,,,,,,,,,,,,,,,,,,,,,,,,,,,,,,,,,,,,,,,,,,,,,,,,,,,,,,,,,,,,,,,,,,,,,,,,,,,,,,,,,,,,,,,,,,,,,,,,,,,,
30-9-2025,HR433,Rajesh Sir,30-9-2025,30-9-2025,,Hanumant Traders Service Centre Meham,,,,,30,4,,,,,,,10,,,,,,,,,,,,,,,,,,,,,,,,,,,,,,,,,,,,,,,,,,,,10,,,,,2,,4,,,,,,,,,,,,,,,,,,,,,,,,,,,,,,,,,,,,,,,,,,,,,,,,,,,,,,,,,,,,,,,,,,,,,,,,,,,,,,,,,,,,,,,,,,,,,,,,,,,,,,,,,,,,,,,,,,,,,,,
30-9-2025,HR434,Arun Sir,30-9-2025,30-9-2025,,Akash Enterprises MAhendergarh,,,,,50,,20,,,,,,,,,,,,,,,,,,,,,,,,,,,,,,,,,,,,,,5,,,,,,15,,,,,,,,,,,,,,,,,,,,,,,,,,,,,,,,,,,,,,,,,,10,,,,,,,,,,,,,,,,,,,,,,,,,,,,,,,,,,,,,,,,,,,,,,,,,,,,,,,,,,,,,,,,,,,,,,,,,,,,,,,,,,,,,,,,,,
15-10-2025,HR436,Akash Sir,30-9-2025,15-10-2025,,Prakashmay Power Solution Bulandshahr ,New Dp-1500-2%-200 Extra,,,,100,,,,,,,,,,,,50,,,,,,,,,,,,,,,,,,,,,,,,,,,,,,,,,,20,,,,,,,30,,,,,,,,,,,,,,,,,,,,,,,,,,,,,,,,,,,,,,,,,,,,,,,,,,,,,,,,,,,,,,,,,,,,,,,,,,,,,,,,,,,,,,,,,,,,,,,,,,,,,,,,,,,,,,,,,,,,,,,,,,,,,
30-9-2025,HR437,Akash Sir,30-9-2025,30-9-2025,,Prakashmay Power Solution Bulandshahr ,New Dp-1500-2%-200 Extra,,,,100,,,,,,,,,,,,30,,,,,,,,,,,,,,,,,,,,,,,,,,,,,,,,,,30,,,,,,,40,,,,,,,,,,,,,,,,,,,,,,,,,,,,,,,,,,,,,,,,,,,,,,,,,,,,,,,,,,,,,,,,,,,,,,,,,,,,,,,,,,,,,,,,,,,,,,,,,,,,,,,,,,,,,,,,,,,,,,,,,,,,,
30-9-2025,HR439,Prem S. Sir,30-9-2025,30-9-2025,,Shri Radhey Krishna Inv. Batt &Rep. Centre Hodal,New Dp-1500-2%-200 ,,,,20,8,,,,,,,,,,6,,,,,,,,,,,,,,,,,,,,,,,,,,,,,,,,,,6,,,,,,,,,,,,,,,,,,,,,,,,,,,,,,,,,,,,,,,,,,,,,,,,,,,,,,,,,,,,,,,,,,,,,,,,,,,,,,,,,,,,,,,,,,,,,,,,,,,,,,,,,,,,,,,,,,,,,,,,,,,,,,,,,,,,,
30-9-2025,HR440,Prem S. Sir,30-9-2025,30-9-2025,,M.R Enterprises Punhana(Mubarik),New Dp-1500-2%-200 ,,,,53,,,,,,,,,,,10,,,,,10,,5,,,,,,,,,,,,5,,,,,,,,,,,,,,,,,,,,,,5,,,,,5,,5,,,,,5,,,,,,,,,,,,,,,,,,,,,,,,,,,,,,,,,,,,,,,,,,,,,,,,,,,,,,,,,,,,,,,,,,,,,,,,,,,,,,,,,,,,,,,,,,,,,,,3,,,,,,,,,,,,,,,,,,,
29-10-2025,HR441,Arun Sir,30-9-2025,29-10-2025,,Dheeraj Elc.Bahujhorli ,,,,with mat 50k,10,,,,,,,,,,,5,,,,,,,,,,,,,,,,,,,,,,,,,,,,,,,,,,2,,,,,,,3,,,,,,,,,,,,,,,,,,,,,,,,,,,,,,,,,,,,,,,,,,,,,,,,,,,,,,,,,,,,,,,,,,,,,,,,,,,,,,,,,,,,,,,,,,,,,,,,,,,,,,,,,,,,,,,,,,,,,,,,,,,,,,
30-9-2025,HR442,Prem S. Sir,30-9-2025,30-9-2025,,Sahun Inverter Battery Punhana,"DP-1500-2%-3%CD-200 EXTRA
",,,dispatch after 4 lac,50,,,,,,,,,,,,20,,,,,,,,,,,,,,,,,,,,,,,,,,,,,,,,,,,,,,,,,20,,,,,,,10,,,,,,,,,,,,,,,,,,,,,,,,,,,,,,,,,,,,,,,,,,,,,,,,,,,,,,,,,,,,,,,,,,,,,,,,,,,,,,,,,,,,,,,,,,,,,,,,,,,,,,,,,,,,,,,,,,,,,,
10-1-2025,HR443,Arun Sir,30-9-2025,1-10-2025,,Aggarwal Trading Narnaul,,,,,117,30,,,,,,,,,,20,,,,,,,10,,,,,,,,,,,,,,,,,,,,,,,,,,,,,,,,,,20,,,,,,,,,,,,,,,,,,,,,,,,,,,,,,,,,,,20,,,,11,,,,,,,,,,,,,,,,,,,,,,,,,,,,,,,,,,,,,,,,,,,,,,,,6,,,,,,,,,,,,,,,,,,,,,,,,,,,,,,,,,,,,,,,
30-9-2025,HR445,Rambir Sir,30-9-2025,30-9-2025,,Sagar Elc. Hisar,,,,,20,6,,,,,,,,,,,,,,,,,,,,,,,,,,,,,,,,,,,,,,5,,,,,,5,,,,,,,,,,,,,,,,,,,,,,,,,,,,,,,,,,,,,,,,,,4,,,,,,,,,,,,,,,,,,,,,,,,,,,,,,,,,,,,,,,,,,,,,,,,,,,,,,,,,,,,,,,,,,,,,,,,,,,,,,,,,,,,,,,,,,,
10-1-2025,HR446,Jagat Sir,1-10-2025,1-10-2025,,Shiva Ent. Palwal,New Dp-1500-2%-200 Extra,,,,50,,,,,,,,,,,20,30,,,,,,,,,,,,,,,,,,,,,,,,,,,,,,,,,,,,,,,,,,,,,,,,,,,,,,,,,,,,,,,,,,,,,,,,,,,,,,,,,,,,,,,,,,,,,,,,,,,,,,,,,,,,,,,,,,,,,,,,,,,,,,,,,,,,,,,,,,,,,,,,,,,,,,,,,,,,,,,,,,,,,,
14-10-2025,HR447,Jagat Sir,1-10-2025,14-10-2025,80pc aproved,Shiva Ent. Palwal,New Dp-1500-2%-200 Extra,,,2 lac with mat,50,,,,,,,,,,,,5,,,20,20,,,,,,,,,,,,,,,,,,,,,,,,,,,,,,5,,,,,,,,,,,,,,,,,,,,,,,,,,,,,,,,,,,,,,,,,,,,,,,,,,,,,,,,,,,,,,,,,,,,,,,,,,,,,,,,,,,,,,,,,,,,,,,,,,,,,,,,,,,,,,,,,,,,,,,,,,,,,,,,,,,,
10-1-2025,HR448,Jagat Sir,1-10-2025,1-10-2025,,Prem Power Solution Hathin,"New Dp-1500-2%-200 Extra
Panel-160.60 Rs",,,,53,,,,,,,,,,,15,,,,,20,,,,,,,,,,,,,,,,,,,,,,,,,,,,,,,,,,,,,,,,,,,15,,,,,,,,,,,,,,,,,,,,,,,,,,,,,,,,,,,,,,,,,,,,,,,,,,,,,,,,,,,,,,,,,,,,,,,,,,,,,,,,,,,,,,,,,,,,,,,,,,,,,3,,,,,,,,,,,,,,,,,,
14-10-2025,HR449,Jagat Sir,1-10-2025,14-10-2025,,Prem Power Solution Hathin,New Dp-1500-2%-200 Extra,,,dispatch after 2.5 lac,50,,,,,,,,,,,,,,,25,15,,,,,,,,,,,,,,,,,,,,,,,,,,,,,,,,,,10,,,,,,,,,,,,,,,,,,,,,,,,,,,,,,,,,,,,,,,,,,,,,,,,,,,,,,,,,,,,,,,,,,,,,,,,,,,,,,,,,,,,,,,,,,,,,,,,,,,,,,,,,,,,,,,,,,,,,,,,,,,,,,,,
6-10-2025,HR450,Rajesh Sir,1-10-2025,6-10-2025,,Krishna Enterprises Service Centre Sonipat,Service Centre,,,,13,,,,,,,,,,,,,,,,,,,,,,,,,,,,,,,,,,,,,,,,,,,,,,2,,,,,,3,5,,,,,,3,,,,,,,,,,,,,,,,,,,,,,,,,,,,,,,,,,,,,,,,,,,,,,,,,,,,,,,,,,,,,,,,,,,,,,,,,,,,,,,,,,,,,,,,,,,,,,,,,,,,,,,,,,,,,,,,,,,,,,,
8-10-2025,HR451,Kaushal Sir,1-10-2025,8-10-2025,,Laj Enterprises Raia NBD,,,,,50,5,5,,,,,,,,,5,5,,,,,,,,,,,,,,,,,,,,,,,,,,,5,5,,,,,10,10,,,,,,,,,,,,,,,,,,,,,,,,,,,,,,,,,,,,,,,,,,,,,,,,,,,,,,,,,,,,,,,,,,,,,,,,,,,,,,,,,,,,,,,,,,,,,,,,,,,,,,,,,,,,,,,,,,,,,,,,,,,,,,,,,,,,
10-1-2025,HR452,Arun Sir,1-10-2025,1-10-2025,,D.R Radio Charkhi Dadri,,,,,30,,9,,,,,,,,,,8,,,,,,,,,,,,,,,,,,,,,,,,,,,,,,,,,,10,,,,,,,,,,,,,,,,,,,,,,,,,,,,,,,,,,,,,,,,,,,,,,,,,,,,,,,,,,,,,,,,,,,,,,,,,,,,,,,,,,,,,,,,,,,,,,,,,,,,,3,,,,,,,,,,,,,,,,,,,,,,,,,,,,,,,
10-3-2025,HR453,Salman Sir,2-10-2025,3-10-2025,,Ratan Power System Firozabad ,,,2 Foc tt17536,,61,,,,,,,,,,,35,,,,,,,5,,,,,,,,,,,,,,,,,,,,,5,,,,,,2,,,,,,,,,,,,,,,,,,,,,,,,,,,,,,,,,,,,,,,,,,,,,,5,,,,,,,,,,,,,,,,,,,,,,,,,,,,,,,,,,,,,,,,,,,,,,,,,,,,,,,,,,,,,,,9,,,,,,,,,,,,,,,,,,,,,,,,
10-3-2025,HR454,Sunil Sir,2-10-2025,3-10-2025,,Shiv Industries Hisar,,,,,40,,,5,,,,,,,,,,6,,,,,,,,,,,,,,,,,,,,,,,,,,,,,,,,,,25,,,,,,,,,,,,,,,,,,,,,,,,,,,,,,,,,,,,,,,,,,4,,,,,,,,,,,,,,,,,,,,,,,,,,,,,,,,,,,,,,,,,,,,,,,,,,,,,,,,,,,,,,,,,,,,,,,,,,,,,,,,,,,,,,,,,
10-6-2025,HR455,Ravinder Sir,2-10-2025,6-10-2025,,Gautam Elc. Julana,50,,,,20,,,,,,,,,,,,,,,,,,,,,,,,,,,,,,,,,,,,,,,10,,,,,,10,,,,,,,,,,,,,,,,,,,,,,,,,,,,,,,,,,,,,,,,,,,,,,,,,,,,,,,,,,,,,,,,,,,,,,,,,,,,,,,,,,,,,,,,,,,,,,,,,,,,,,,,,,,,,,,,,,,,,,,,,,,,,,,,,,,,,
10-4-2025,HR456,Jagat Sir,4-10-2025,4-10-2025,,Prem Power Solution Hathin,,,,,2,,,,,,,,,,,,,,,,,,,,,,,,,,,,,,,,,,,,,,,,,,,,,,,,,,,,,,,,,,,,,,,,,,,,,,,,,,,,,,,,,,,,,,,,,,,,,,,,,,,,,,,,,,,,,,,,,,,,,,,,,,,,,,,,,,,,,,,,,,,,,,,,,,,,,,,,,,,,,,,,,,,,,2,,,,,,,,,,,,,
10-6-2025,HR457,Rajesh Sir,4-10-2025,6-10-2025,,Verma Inverter Battery Service Centre Hisar,,,,,31,3,,,,,,,,,,3,2,,,,2,,,,,,,,,,,,,,,,,,,,,,,,,,,,,,,,,,4,,5,3,2,,2,5,,,,,,,,,,,,,,,,,,,,,,,,,,,,,,,,,,,,,,,,,,,,,,,,,,,,,,,,,,,,,,,,,,,,,,,,,,,,,,,,,,,,,,,,,,,,,,,,,,,,,,,,,,,,,,,,,,,,,,,,,
4-10-2025,HR458,Rambir Sir,4-10-2025,10/4/2025,,Sagar Elc. Hisar,,,,,4,,,,,,,,,,,,,,,,,,,,,,,,,4,,,,,,,,,,,,,,,,,,,,,,,,,,,,,,,,,,,,,,,,,,,,,,,,,,,,,,,,,,,,,,,,,,,,,,,,,,,,,,,,,,,,,,,,,,,,,,,,,,,,,,,,,,,,,,,,,,,,,,,,,,,,,,,,,,,,,,,,,,,,,,,,,,,,,,,,,
6-10-2025,HR459,Rambir Sir,4-10-2025,6-10-2025,,Ravi Battrey Fathebad,,,,,35,,,,,,,,,10,,,,,,,,,,,,,,,,,,,,,,,,,,,,,,,15,,,,,,10,,,,,,,,,,,,,,,,,,,,,,,,,,,,,,,,,,,,,,,,,,,,,,,,,,,,,,,,,,,,,,,,,,,,,,,,,,,,,,,,,,,,,,,,,,,,,,,,,,,,,,,,,,,,,,,,,,,,,,,,,,,,,,,,,,,,
6-10-2025,HR460,Rambir Sir,4-10-2025,6-10-2025,,Raja Enterprises Hisar,,,,,10,,,,,,,,,,,,,,,,,,,,,,,,,,,,,,,,,,,,,,,,10,,,,,,,,,,,,,,,,,,,,,,,,,,,,,,,,,,,,,,,,,,,,,,,,,,,,,,,,,,,,,,,,,,,,,,,,,,,,,,,,,,,,,,,,,,,,,,,,,,,,,,,,,,,,,,,,,,,,,,,,,,,,,,,,,,,,,,,,,,
10-4-2025,HR461,Rambir Sir,4-10-2025,4-10-2025,,Raja Enterprises Hisar,,,,,2,,,,,,,,,,,,,,,,,,,,,,,,,,,,,,,,,,,,,,,,,,,,,,,,,,,,,,,,,,,,,,,,,,,,,,,,,,,,,,,,,,,,,,,,,,,,,,,,,,,,,,,,,,,,,,,,2,,,,,,,,,,,,,,,,,,,,,,,,,,,,,,,,,,,,,,,,,,,,,,,,,,,,,,,,,,,,,,,,,,
6-10-2025,HR462,Kaushal Sir,6-10-2025,6-10-2025,,Manglam Battery Fathebad,"New Dp-1500-2%-200 extra
",,,,100,,,,,,,,,,,60,,,,,,,,,,,,,,,,,,,,,,,,,,,,,,,,,,40,,,,,,,,,,,,,,,,,,,,,,,,,,,,,,,,,,,,,,,,,,,,,,,,,,,,,,,,,,,,,,,,,,,,,,,,,,,,,,,,,,,,,,,,,,,,,,,,,,,,,,,,,,,,,,,,,,,,,,,,,,,,,,,,,,,,,
11-10-2025,HR463 (A),Arun Sir,6-10-2025,11-10-2025,,Shree Mahalaxmi Battery House Rewari (Order A),,,,modnay tueday chq aaynge,55,11,5,,,,,,,,,18,5,,,,,,,,,,,,,,,,,,,,,,,,,,,,,,,,,13,,,,,,,,,,,,,,,,,,,,,,,,,,,,,,,,,,,,,,,,,,,,,,,,,,,,,,,,,,,,,,,,,,,,,,,,,,,,,,,,,,,,,,,,,,,,,,,,,,,,,,,,,,,,,,,,,,3,,,,,,,,,,,,,,,,,,,
30-9-2025,HR463,Arun Sir,6-10-2025,30-9-2025,,Shree Mahalaxmi Battery House Rewari (Order B),,,,Dis after 250 k,53,15,,,,,,,,,,20,,,,,15,,,,,,,,,,,,,,,,,,,,,,,,,,,,,,,,,,,,,,,,,,,,,,,,,,,,,,,,,,,,,,,,,,,,,,,,,,,,,,,,,,,,,,,,,,,,,,,,,,,,,,,,,,,,,,,,,,,,,,,,,,,,,,,,,,,,,,,,,,,,,,,3,,,,,,,,,,,,,,,,,,,
7-10-2025,HR464,Ravinder Sir,7-10-2025,7-10-2025,,Verma Nohar,,,,,20,8,,,,,,,,,,,,,,,,,,,,,,,,,,,,,,,,,,,,,,,,,,,,8,,,,,,,,,,,,,,,,,,,,,,,,,,,,,,,,,,,,,,,4,,,,,,,,,,,,,,,,,,,,,,,,,,,,,,,,,,,,,,,,,,,,,,,,,,,,,,,,,,,,,,,,,,,,,,,,,,,,,,,,,,,,,,,,,,,,,,
8-10-2025,HR465,Ravinder Sir,7-10-2025,8-10-2025,,Malik Battery Thurana,,,,,50,,,,,,,,,,,,50,,,,,,,,,,,,,,,,,,,,,,,,,,,,,,,,,,,,,,,,,,,,,,,,,,,,,,,,,,,,,,,,,,,,,,,,,,,,,,,,,,,,,,,,,,,,,,,,,,,,,,,,,,,,,,,,,,,,,,,,,,,,,,,,,,,,,,,,,,,,,,,,,,,,,,,,,,,,,,,,,,,,,,
8-10-2025,HR466,Ravinder Sir,7-10-2025,8-10-2025,,Malik Battery Uchana,,,,,51,,,,,,,,,,,40,,,,,,,,,,,,,,,,,,,,,,,,,,,,,,,,,,,,,,,,,11,,,,,,,,,,,,,,,,,,,,,,,,,,,,,,,,,,,,,,,,,,,,,,,,,,,,,,,,,,,,,,,,,,,,,,,,,,,,,,,,,,,,,,,,,,,,,,,,,,,,,,,,,,,,,,,,,,,,,,,,,,,,,,
13-10-2025,HR468 (C),Deepak Sir,8-10-2025,13-10-2025,,Deep Trading Co. Farmana( Order C),"New Dp-1500-2%-200 Extra
Panel-14.50 Rs",1254 (13-10-25),,5 Lac With In 2 To 3 Day,53,30,,10,,,,,,,,10,,,,,,,,,,,,,,,,,,,,,,,,,,,,,,,,,,,,,,,,,,,,,,,,,,,,,,,,,,,,,,,,,,,,,,,,,,,,,,,,,,,,,,,,,,,,,,,,,,,,,,,,,,,,,,,,,,,,,,,,,,,,,,,,,,,,,,,,,,,,,,,,,,,,3,,,,,,,,,,,,,,,,,,,
13-10-2025,HR470,Rambir Sir,9-10-2025,13-10-2025,,Renewal Solar Energy Siwani,,,,,30,,,,,,,,,,,,,,,,,,,,,,,,,,,,,,,,,,,,,,,,5,,,,,,20,,,,,,,,,,,,,,,,,,,,,,,,,,,,,,,,,,,,,,,,,,,,,,5,,,,,,,,,,,,,,,,,,,,,,,,,,,,,,,,,,,,,,,,,,,,,,,,,,,,,,,,,,,,,,,,,,,,,,,,,,,,,,,,,,,,,,
11-10-2025,HR471,Chander Sir,10-10-2025,11-10-2025,,New Unique Ent. Sirsa,,,,,20,,,,,,,,,,,,,,,,,,,,,,,,,,,,,,,,,,,,,,,,,,,5,,,,,,,,,,,,,,5,,,,,,,10,,,,,,,,,,,,,,,,,,,,,,,,,,,,,,,,,,,,,,,,,,,,,,,,,,,,,,,,,,,,,,,,,,,,,,,,,,,,,,,,,,,,,,,,,,,,,,,,,,,,,,,,,,,,,,,,,,
11-10-2025,HR472,Rajesh Sir,10-10-2025,11-10-2025,,Paras Enterprises Service Centre Jind,,,,,28,2,,,,,,,2,,,4,,,,,,,,,,,,,,,,,,,,,,,,,,,,,,,,,,2,,,,,,,15,,,,,,,2,,,,,,,,,,1,,,,,,,,,,,,,,,,,,,,,,,,,,,,,,,,,,,,,,,,,,,,,,,,,,,,,,,,,,,,,,,,,,,,,,,,,,,,,,,,,,,,,,,,,,,,,,,,,,,,,,,,,,,,,
13-10-2025,HR473,Salman Sir,10-10-2025,13-10-2025,,Ratan Power System Firozabad ,,,,dispatch after 5 lac,61,,,,,,,,,,,35,,,,,,,,,,,,,,,,,,,,,,,,,,,,,,,,,,5,,,,,,,5,,,,,,,5,,,,,,,,,,,,,,,,,,2,,,,,,,,,,,,,,,,,,,,,,,,,,,,,,,,,,,,,,,,,,,,,,,,,,,,,,,,,,,,,,,,,,,,,,,,,,,,,9,,,,,,,,,,,,,,,,,,,,,,,,
13-10-2025,HR474,Jagat Sir,10-11-2025,13-10-2025,,Saad Electric Work (Badkali) (NBD),,,,,32,,,,,,,,,,,5,,,,,,,,,,,,,,,,,,,,,,,,,,,,,,,,,,,,,,,,,,,,,,,,22,,,,,,,,,,,,,,,,,,,,,,,,,,,,5,,,,,,,,,,,,,,,,,,,,,,,,,,,,,,,,,,,,,,,,,,,,,,,,,,,,,,,,,,,,,,,,,,,,,,,,,,,,,,,,,,,,,,,,,,,
14-10-2025,HR476,Ravinder Sir,13-10-2025,14-10-2025,,Niranjan Narnound,,,,,10,,,,,,,,,,,,,,,,,,,,,,,,,,,,,,,,,,,,,,,,,,,,,10,,,,,,,,,,,,,,,,,,,,,,,,,,,,,,,,,,,,,,,,,,,,,,,,,,,,,,,,,,,,,,,,,,,,,,,,,,,,,,,,,,,,,,,,,,,,,,,,,,,,,,,,,,,,,,,,,,,,,,,,,,,,,,,,,,,,,
17-10-2025,HR477,Ravinder Sir,14-10-2025,17-10-2025,,Malik Battery Uchana,New Dp-1500-2%-200 Extra,,,,66,5,,,,,,,,,,30,,,,,,,,,,,,,,,,,,,,,,,,,,,,,,,,,,11,,,,,,,20,,,,,,,,,,,,,,,,,,,,,,,,,,,,,,,,,,,,,,,,,,,,,,,,,,,,,,,,,,,,,,,,,,,,,,,,,,,,,,,,,,,,,,,,,,,,,,,,,,,,,,,,,,,,,,,,,,,,,,,,,,,,,,
17-10-2025,HR478,Ravinder Sir,14-10-2025,17-10-2025,,Malik Battery Thurana,New Dp-1500-2%-200 Extra,,,,45,,5,,,,,,,,,,20,,,,,,,,,,,,,,,,,,,,,,,,,,,,,,,,,,10,,,,,,,10,,,,,,,,,,,,,,,,,,,,,,,,,,,,,,,,,,,,,,,,,,,,,,,,,,,,,,,,,,,,,,,,,,,,,,,,,,,,,,,,,,,,,,,,,,,,,,,,,,,,,,,,,,,,,,,,,,,,,,,,,,,,,
17-10-2025,HR479,Akash Sir,15-10-2025,17-10-2025,,Prakashmay Power Solution Bulandshahr ,,,,,100,,,,,,,,,,,,50,,,,20,,,,,,,,,,,,,,,,,,,,,,,,,,,,,,20,,,,,,,10,,,,,,,,,,,,,,,,,,,,,,,,,,,,,,,,,,,,,,,,,,,,,,,,,,,,,,,,,,,,,,,,,,,,,,,,,,,,,,,,,,,,,,,,,,,,,,,,,,,,,,,,,,,,,,,,,,,,,,,,,,,,,
30-10-2025,HR480,Rajesh Sir,15-10-2025,30-10-2025,,Sai Enterprise Rampur ,,,4 PCB 1050/12v,,0,,,,,,,,,,,,,,,,,,,,,,,,,,,,,,,,,,,,,,,,,,,,,,,,,,,,,,,,,,,,,,,,,,,,,,,,,,,,,,,,,,,,,,,,,,,,,,,,,,,,,,,,,,,,,,,,,,,,,,,,,,,,,,,,,,,,,,,,,,,,,,,,,,,,,,,,,,,,,,,,,,,,,,,,,,,,,,,,,,
16-10-2025,HR482,Prem S. Sir,16-10-2025,16-10-2025,,Krishna Elctronics Hodal,,,,,4,,,,,,,,,,,,,,,,,,,,,,,,,,,,,,,,,,,,,,,,,,,,,,4,,,,,,,,,,,,,,,,,,,,,,,,,,,,,,,,,,,,,,,,,,,,,,,,,,,,,,,,,,,,,,,,,,,,,,,,,,,,,,,,,,,,,,,,,,,,,,,,,,,,,,,,,,,,,,,,,,,,,,,,,,,,,,,,,,,,
17-10-2025,HR483,Rambir Sir,16-10-2025,17-10-2025,,Bala Ji Battery Tohana,,,,,10,,,,,,,,,,,,,,,,,,,,,,,,,,,,,,,,,,,,,,,,,,,,,5,,,,,5,,,,,,,,,,,,,,,,,,,,,,,,,,,,,,,,,,,,,,,,,,,,,,,,,,,,,,,,,,,,,,,,,,,,,,,,,,,,,,,,,,,,,,,,,,,,,,,,,,,,,,,,,,,,,,,,,,,,,,,,,,,,,,,,
17-10-2025,HR484,Arun Sir,16-10-2025,17-10-2025,,Jai Durga Battery House Kanina,,,,,11,,,,,,,,,,,8,,,,,,,,,,,,,,,,,,,,,,,,,,,,,,,,,,,,,,,,,3,,,,,,,,,,,,,,,,,,,,,,,,,,,,,,,,,,,,,,,,,,,,,,,,,,,,,,,,,,,,,,,,,,,,,,,,,,,,,,,,,,,,,,,,,,,,,,,,,,,,,,,,,,,,,,,,,,,,,,,,,,,,,,
17-10-2025,HR485,Salman sir,17-10-2025,17-10-2025,,Shubh Battery House Mathura,"New Dp-1500-2%
Panel-20.50 Rs",,2 Foc sltttt17536,2 lac with mat sonu ji,61,,,,,,,,,,,,,,,,,,,,,,,,,,,,,,,,,,,,,,,,8,,,,,,2,,,,,,,,,,,,,,12,,,,,,,2,,,8,,,,,,,,,,,,,,,,,,12,,,,8,,,,,,,,,,,,,,,,,,,,,,,,,,,,,,,,,,,,,,,,,,,,,,,,,,,,,,,,,,,,,,9,,,,,,,,,,,,,,,,,,,,,,,,
17-10-2025,HR486,Rajesh Sir,17-10-2025,17-10-2025,,Vikash Elc. Service Centre Hisar,,,,,22,,,,,,,,,,,4,,,,,,,,,,,,,,,,,,,,,,,,,,,,,,,,,,,,,,,,,15,,,,,,,3,,,,,,,,,,,,,,,,,,,,,,,,,,,,,,,,,,,,,,,,,,,,,,,,,,,,,,,,,,,,,,,,,,,,,,,,,,,,,,,,,,,,,,,,,,,,,,,,,,,,,,,,,,,,,,,,,,,,,,,
25-10-2025,HR487,Rambir Sir,25-10-2025,25-10-2025,,Raja Enterprises Hisar,,,,,2,,,,,,,,,,,,,,,,,,,,,,,,,,,,,,,,,,,,,,,,,,,,,,,,,,,,,,,,,,,,,,,,,,,,,,,,,,,,,,,,,2,,,,,,,,,,,,,,,,,,,,,,,,,,,,,,,,,,,,,,,,,,,,,,,,,,,,,,,,,,,,,,,,,,,,,,,,,,,,,,,,,,,,,,,,,,,,,,,,,
30-10-2025,HR488,Deepak Sir,25-10-2025,30-10-2025,,Deep Trading Co. Farmana,,, ,dispatch after 4 lac,50,,,,,,,,,,,,,,,,,,,,,,,,,,,,,,,,,,,,,,,50,,,,,,,,,,,,,,,,,,,,,,,,,,,,,,,,,,,,,,,,,,,,,,,,,,,,,,,,,,,,,,,,,,,,,,,,,,,,,,,,,,,,,,,,,,,,,,,,,,,,,,,,,,,,,,,,,,,,,,,,,,,,,,,,,,,,,,,,,,,
27-10-2025,HR489,Rambir Sir,25-10-2025,27-10-2025,,Sagar Elc. Hisar,"DP-1500-2%-3%CD-200 EXTRA
",,,,30,12,,,,,,,,,,12,,,,,,,,,,,,,,,,,,,,,,,,,,,,,,,,,,6,,,,,,,,,,,,,,,,,,,,,,,,,,,,,,,,,,,,,,,,,,,,,,,,,,,,,,,,,,,,,,,,,,,,,,,,,,,,,,,,,,,,,,,,,,,,,,,,,,,,,,,,,,,,,,,,,,,,,,,,,,,,,,,,,,,,,
27-10-2025,HR491,Chander Sir,25-10-2025,27-10-2025,,New Unique Ent. Sirsa,"DP-1500-2%-3%-150-3.5%
",,,,20,,,,,,,,,,,,,,,,,,,,,,,,,,,,,,,,,,,,,,,,,,,,,,,,,,,,,,,,,20,,,,,,,,,,,,,,,,,,,,,,,,,,,,,,,,,,,,,,,,,,,,,,,,,,,,,,,,,,,,,,,,,,,,,,,,,,,,,,,,,,,,,,,,,,,,,,,,,,,,,,,,,,,,,,,,,,,,,,,,,
30-10-2025,HR493,Jagat Sir,25-10-2025,30-10-2025,,Shiva Enterprises Palwal," Dp-1500-2%-200 Extra
585 mtk-16.60""",,,,50,,,,,,,,,,,,,,,20,20,,,,,,,,,,,,,,,,,,,,,,,,,,,,,,10,,,,,,,,,,,,,,,,,,,,,,,,,,,,,,,,,,,,,,,,,,,,,,,,,,,,,,,,,,,,,,,,,,,,,,,,,,,,,,,,,,,,,,,,,,,,,,,,,,,,,,,,,,,,,,,,,,,,,,,,,,,,,,,,,,,,
28-10-2025,HR494,Rambir Sir,27-10-2025,28-10-2025,,Durga Battery Fathebad,,,,100 k with in 2 days,20,,,,,,,,,,,,,,,,,,,,,,,,,,,,,,,,,,,,,,,,,,,5,,,,,,,12,,,,,,,3,,,,,,,,,,,,,,,,,,,,,,,,,,,,,,,,,,,,,,,,,,,,,,,,,,,,,,,,,,,,,,,,,,,,,,,,,,,,,,,,,,,,,,,,,,,,,,,,,,,,,,,,,,,,,,,,,,,,,,,,,
27-10-2025,HR495,Rambir Sir,27-10-2025,27-10-2025,,Raja Enterprises Hisar,,,,,2,,,,,,,,,,,,,,,,,,,,,,,,,,,,,,,,,,,,,,,,,,,,,,,,,,,,,,,,,,,,,,,,,,,,,,,,,,,,,,,,,,,,,,,,,,,,,,,,,,,,,,,1,,,,1,,,,,,,,,,,,,,,,,,,,,,,,,,,,,,,,,,,,,,,,,,,,,,,,,,,,,,,,,,,,,,,,,,,,,,,
30-10-2025,HR496,Manoj Sir,27-10-2025,30-10-2025,50pc aproved,Laa Garden electronic Saharanpur ,,50,,,0,,,,,,,,,,,5,,,,,,,,,,,,,,,,,,,,,,,,,,,,,,,,,,5,,,,,,,10,,,,,,,10,,,,,,,,,,,,,,,,,,,,,,,,,,,,20,,,,,,,,,,,,,,,,,,,,,,,,,,,,,,,,,,,,,,,,,,,,,,,,,,,,,,,,,,,,,,,,,,,,,,,,,,,,,,,,,,,,,,,,,,,
28-10-2025,HR497,Ravinder Sir,28-10-2025,28-10-2025,,Bansal Elc. Uklana,,,,,0,,,,,,,,,,,4,,,,,,,,,,,,,,,,,,,,,,,,,,,,,,,,,,4,,,,,4,,,,,,,,,,,,,,,,,,,,,,,,,,,,,,,,,,,,,,,,,,,,,,,,,,,,,,,,,,,,,,,,,,,,,,,,,,,,,,,,,,,,,,,,,,,,,,,,,,,,,,,,,,,,,,,,,,,,,,,,,,,,,,,,
29-10-2025,HR498,Chander Sir,28-10-2025,29-10-2025,,Guru Nanak Elc Ellenabad,,,last mix billing foc,,0,,,,,,,,,,,10,,,,,,,,,,,,,,,,,,,,,,,,,,,,,,,,,,10,,,,,,,,,,,,,,,,,,,,,,,,,,,,,,,,,,,,,,,,,,,,,,,,,,,,,,,,,,,,,,,,,,,,,,,,,,,,,,,,,,,,,,,,,,,,,,,,,,,,,,,,,,,,,,,,,,,,,,,,,,,,,,,,,,,,,
29-10-2025,HR499,Deepak Sir,28-10-2025,29-10-2025,,Inverter Plaza Rohtak,,,,,0,10,,,,,10,,,,,20,10,,,,,,,,,,,,,,,,,,,,,,,,,,,,,,,,,10,15,,,,10,,20,,,,,,,,,,,,,,,,,,,,,,,,,,,,,,,,,,,,,,,,5,,,,,,,,,,,,,,,,,,,,,,,,,,,,,,,,,,,,,,,,,,,,,,,,,,,,,,,,,,,,,,,,,,,,,,,,,,,,,,,,,,,,,,
19-11-2025,HR500,Ravinder Sir,28-10-2025,19-11-2025,,Kamla Batt Bhadra,"DP-2100-2%
165 MTK-23.50",,,,0,10,,,,,,,,,,,,,,,,,,,,,,,,,,,,,,,,,,,,,,,,,,,,5,,,,,,,,,,,,,,,,,,,,,,,,,,,,,,,,,,,,,,,,,,5,,,,,,,,,,,,,,,,,,,,,,,,,,,,,,,,,,,,,,,,,,,,,,,,10,,,,,,,,,,,,,,,,,,,,,,,,,,,,,,,,,,,,,,,,,,,
3-11-2025,HR501,Ravinder Sir,28-10-2025,3-11-2025,20 pc aproved,Verma Elc. Nohar Bhadra,,,,,0,5,,,,,,,,,,,,,,,,,,,,,,,,,,,,,,,,,,,,,,,,,,,,10,,,,,,,,,,,,,,5,,,,,,,,,,,,,,5,,,,,,,,,,,,,,5,,,,,,,,,,,,,,,,,,,,,,,,,,,,,,,,,,,,,,,,,,,,,,,,,,,,,,,,,,,,,,,,,,,,,,,,,,,,,,,,,,,,,,,,,,,
29-10-2025,HR502,Rajesh Sir,29-10-2025,29-10-2025,,Qadri Enterpries Bahjoi (Calim),Replacement,,,,0,,,,,,,,,,,,,,,,,,,,,,,,,2,,,,,,,,,,,,,,,,,,,,,,,,,,,7,,,,,,,12,,,,,,,,,,,,,,,,,,,,,,,,,,,,,,,,,,,,,,,,,,,,,,,,,,,,,,,,,,,,,,,,,,,,,,,,,,,,,,,,,,,,,,,,,,,,,,,,,,,,,,,,,,,,,,,,,,,,,,,
29-10-2025,HR503,Deepak Sir,29-10-2025,29-10-2025,,Deep Trading Co.Farmana,,,,,0,,,,,,,,,,,,,,,,,,,,,,,,,,,,,,,,,,,,,,,,,,,,,,,,,,,,,,,,,,,,,,,,,,,,,,,,,,,,,,,,,,,,,,,,,,,,,,,,,,,,,,,,,,,2,,,,,,,,,,,,,,,,,,,,,,,,,,,,,,,,,,,,,,,,,,,,,,,,,,,,,,,,,,,,,,,,,,,,,,,
3-11-2025,HR504,Rajesh Sir,29-10-2025,3-11-2025,,Suraj Power Solution Service Centre Nuh,Service Centre,,,,0,3,,,,,,,,,,6,,,,,,,,,,,,,,,,,,,,,,,,,,,,,,,,,,5,,,,,,,,,,,,,,,,,,,,,,,,,,,,,,,,,,,,,,,,,,,,,,,,,,,,,,,,,,,,,,,,,,,,,,,,,,,,,,,,,,,,,,,,,,,,,,,,,,,,,,,,,,,,,,,,,,,,,,,,,,,,,,,,,,,,,
29-10-2025,HR505,Ravinder Sir,29-10-2025,29-10-2025,,Ravinder Sir Sale Person,,,,,0,,,,,,,,,,,,,,,,,,,,,,,,,,,,,,,,,,,,,,,,,,,,,,,,,,,,,,,,,,,,,,,,,,,,,,,,,,,,,,,,,,,,,,,,,,,,,,,,,,,,,,,,,,,,,,1,,,,,,,,,,,,,,,,,,,,,,,,,,,,,,,,,,,,,,,,,,,,,,,,,,,,,,,,,,,,,,,,,,,,
3-11-2025,HR506,Rajesh Sir,29-10-2025,3-11-2025,,Hanumant Traders Service Centre Meham,Service Centre,,,,0,,,,,,,,,,,,,,,,5,,,,,,,,,,,,,,,,,,,,,,,,,,,,,,,,,,,,,,,,,7,,,2,,,,4,,,,,,,,,,,,,,,,,,,,,,,,,,,,,,,,,,,,,,,,,,,,,,,,,,,,,,,,,,,,,,,,,,,,,,,,,,,,,,,,,,,,,,,,,,,,,,,,,,,,,,,,,,,,,,,,,,
30-10-2025,HR507,Salman sir,29-10-2025,30-10-2025,,Chauhan Battery House Mainpuri,New Dp - 47032,,,,0,,,,,,,,,,,,,,,,,,,,,,,,,,,,,,,,,,,,,,,,,,,,,,,,,,,,,,,,,,,,,,,,,,,,,,,,,,,,,,,,,,,,,,,,,,,,,,,,,,,,,,,6,,,,6,,,,,,,,,,,,,,,,,,,,,,,,,,,,,,,,,,,,,,,,,,,,,,,,,,,,,,,,,,,,,,,,,,,,,,,
30-10-2025,HR507,Salman sir,29-10-2025,30-10-2025,,Chauhan Battery House Mainpuri (Claim),,,,,0,,,,,,,,,,,,,,,,,,,,,,,,,,,,,,,,,,,,,,,,,,,,,,,,,,,,,,,,,,,,,,,,,,,,,,,,,,,,,,,,,,,,,,,,,,,,,,,,,,,,,,,2,,,,2,,,,,,,,,,,,,,,,,,,,,,,,,,,,,,,,,,,,,,,,,,,,,,,,,,,,,,,,,,,,,,,,,,,,,,,
30-10-2025,HR508,Rambir Sir,29-10-2025,30-10-2025,,Sagar Elc. Hisar,"DP-1500-2%-3%CD-200 EXTRA
",,,,0,10,,,,,,,,,,10,,,,,,,,,,,,,,,,,,,,,,,,,,,,,,,,,,,,,,,,,,,,,,,,,,,,,,,,,,,,,,,,,,,,,,,,,,,,,,,,,,,,,,,,,,,,,,,,,,,,,,,,,,,,,,,,,,,,,,,,,,,,,,,,,,,,,,,,,,,,,,,,,,,,,,,,,,,,,,,,,,,,,,,
30-10-2025,HR509,Akash Sir,30-10-2025,30-10-2025,,Prakashmay Power Solution Bulandshahr ,New DP-1500-2%-200 Extra,,,,0,,,,,,,,,,,,30,,,,,,,,,,,,,,,,,,,,,,,,,,,,,,,,,,20,,,,,,,30,,,,20,,,,,,,,,,,,,,,,,,,,,,,,,,,,,,,,,,,,,,,,,,,,,,,,,,,,,,,,,,,,,,,,,,,,,,,,,,,,,,,,,,,,,,,,,,,,,,,,,,,,,,,,,,,,,,,,,,,,,,,,,
12-1-2025,HR510,Prem S. Sir,30-10-2025,1-12-2025,,M.R Enterprises Punhana(Mubarik),New Dp-1500-2%-200 ,,,,0,,,,,,,,,,,5,,,,,5,,,,,,,,,,,,,,5,,,,,,,,,,,,,,,,,,,,,,10,,,,,10,,7,,,,,8,,,,,,,,,,,,,,,,,,,,,,,,,,,,,,,,,,,,,,,,,,,,,,,,,,,,,,,,,,,,,,,,,,,,,,,,,,,,,,,,,,,,,,,,,,,,,,,,,,,,,,,,,,,,,,,,,,
3-11-2025,HR512,Neeraj Sir,30-10-2025,3-11-2025,,Haseen Batteries Meerut,New DP-1500-2%-200 Etxra,Mixbillig,4 Foc tt17536,Mixbillig (after payment 3 lac),0,,,,,,,,,,,10,,,,,,,,,,,,,,,,,,,,,,,,,,,,,,,,,,54,,,,,,,10,,,,,,,,,,,,,,,,,,,,,,,,,,,,,,,,,,,10,,,,20,,,,,,,,,,,,,,,,,,,,,,,,,,,,,,,,,,,,,,,,,,,,,,,,,,,,,,,,,,,,,,,,,,,,,,,,,,,,,,,,,,,,,,,
3-11-2025,HR513,Rajesh Sir,31-10-2025,3-11-2025,,Verma Inverter Battery Service Centre Hisar,Service Centre,,,,0,,2,,,,,,,,,,,3,,,2,,,,,,,,,,,,,,,,,,,,,,,,,,,,,,,,,,,,7,,4,,,4,,,,2,,,,,,,,,,,,,,,,,,,,,,,,,,,,,,,,,,,,,,,,,,,,,,,,,,,,,,,,,,,,,,,,,,,,,,,,,,,,,,,,,,,,,,,,,,,,,,,,,,,,,,,,,,,,,,,,,,,,,
12-1-2025,HR518,Manoj Sir,31-10-2025,1-12-2025,,Balaji Battery Bareilly,New Dp -1500-2%,,,,0,,,,,,,,,,,,,,,,,,,,,,,,,,,,,,,,,,,,,,,,,,,,,22,,,,,,,,,,,,,,30,,,,,,,,,,,,,,,,,,,,,,,,,,,,,,,,,,,,,,,,,,,,,,,,,,,,,,,,,,,,,,,,,,,,,,,,,,,,,,,,,,,,,,,,,,,,,,,9,,,,,,,,,,,,,,,,,,,,,,,,
3-11-2025,HR519,Manoj Sir,31-10-2025,3-11-2025,,Sai Enterprise Rampur ,New Dp-1500-2%-200 Extra,,18 %,after 4 lac till 10/11,0,,,,,,,,,,,,,,,,,,,,,,,,,,,,,,,,,,,,,,,,,,,,,35,,,,,,,,,,,,,,30,,,,,,,,,,,,,,,,,,,,,,,,,,,,35,,,,,,,,,,,,,,,,,,,,,,,,,,,,,,,,,,,,,,,,,,,,,,,,,,,,,,,,,,,,,,,,,,,,,,,,,,,,,,,,,,,,,,,,,,,
31-10-2025,HR520,Rambir Sir,31-10-2025,31-10-2025,,Sunlight Batt Fathebad,,,,,0,,,,,,,,,10,,,5,,,,,,,,,,,,,,,,,,,,,,,,,,,,10,,,,,,,,,,,,,,,,,,,,,,,,,,,,,,,,,,,,,,,,,,,,,,,,,,,,,,,,,,,,,,,,,,,,,,,,,,,,,,,,,,,,,,,,,,,,,,,,,,,,,,,,,,,,,,,,,,,,,,,,,,,,,,,,,,,,,,,,,,
3-11-2025,HR521,Prem S. Sir,1-11-2025,3-11-2025,,Aggarwal Ent. Alwar,"New Dp-1500-2%
570 sy-14.50",,,,0,,,,,,,,,,,,,,,,10,,,,,,,,,,,,,,,,,,,,,,,,,,,,,,,,,,,,,,,,,10,,,,,,,30,,,,,,,,,,,,,,,,,,,,,,,,,,,,,,,,,,,,,,,,,,,,,,,,,,,,,,,,,,,,,,,,,,,,,,,,,,,,,,,,,,,,,,,,,,,,,,,,,,,,,,,,,,,,,,,,,,
3-11-2025,HR523,Chander Sir,3-11-2025,3-11-2025,20 pc app,New Unique Ent. Sirsa,"DP-1500-2%-3%-150-3.5%
",,,"2 pc sytt20048
4 pc jt18024 din utarni hai",0,,,,,,,,,,,6,,,,,6,,,,,,,,,,,,,,,,,,,,,,,,,,,,,,,,,,,,2,,,,,,,10,,,,,2,,,,,,,,,,,,,,,,,,,,,,,,,,,2,,,,,,,,,,,,,,,,,,,,,,,,,,,,,,,,,,,,,,,,,,,,,,,,,,,,,,,,,,,,,,,,,,,,3,,,,,,,,,,,,,,,,,,,
3-11-2025,HR524,Deepak Sir,3-11-2025,3-11-2025,50 pc aproved,Deep Trading Co. Farmana,"dp-1500-2%-200extra
570 sy-14.50",,,Dispatch After 500 k,0,,,,,,,,,,,,,,,,,,,,,,,,,,,,,,,,,,,,,,,50,,,,,,,,,,,,,,,,,,,,,,,,,,,,,,,,,,,,,,,,,,,,,,,,,,,,,,,,,,,,,,,,,,,,,,,,,,,,,,,,,,,,,,,,,,,,,,,,,,,,,,,,,,,,,,,,,,,,,,,,,,,,,,,,,,,,,,,,,,,
7-11-2025,HR525(A),Deepak Sir,5-11-2025,7-11-2025,20 pc aproved,Inverter Plaza Rohtak(Order A),,,,,0,,,,,,,,,,,10,,,,,,,,,,,,,,,,,,,,,,,,,,,,,,,,,,,,,,,,,,,,,,10,,,,,,,,,,,,,,,,,,,,,,,,,,,,,,,,,,,,,,,,,,,,,,,,,,,,,,,,,,,,,,,,,,,,,,,,,,,,,,,,,,,,,,,,,,,,,,,,,,,,,,,,,,,,,,,,,,,,,,,,,
7-11-2025,HR526,Rambir Sir,7-11-2025,7-11-2025,,Raja Enterprises Hisar,,,,,0,,10,,,,10,,,,,,10,10,,,10,,,,,,,,,,,,,,,,,,,,,,,,,,,,,,,,,,,,,,,,,,,,,,,,,,,,,,,,,,,,,,,,,,,,,,,,,,,,,,,,,,,,,,,,,,,,,,,,,,,,,,,,,,,,,,,,,,,,,,,,,,,,,,,,,,,,,,,,,,,,,,,,,,,,,,,,,,,,,,,,,,
7-11-2025,HR527,Rajesh Sir,7-11-2025,7-11-2025,,Davik Inverter Battery Service Centre Palwal,Service Centre,,,,0,2,,,,,,,,,,,,,,,,,,,,,,,,,,,,,,,,,,,,,,,2,,,,,1,1,,,,,,,,,,,,,2,2,,,,,,,,,,,,,,,,,,,,,,,,,,,,,,,,,,,,,,,,,,,,,,,,,,,,,,,,,,,,,,,,,,,,,,,,,,,,,,,,,,,,,,,,,,,,,,,,,,,,,,,,,,,,,,,,,,,,,,
11-12-2025,HR528,Chander Sir,7-11-2025,11-12-2025,,Guru Nanak Elc Ellenabad,,,,,0,,,,,,,,,,,,,,,4,,,,,,,,,,,,,,,,,,,,,,,,,,,,,,,,,,4,,,,,,,,,,,,,,,,,,,,,,,,,,,,,,,,,,,,,,10,,,,,,,,,,,,,,,,,,,,,,,,,,,,,,,,,,,,,,,,,,,,,,,,,,,,,,,,,,,,,,,,,,,,,,,,,,,,,,,,,,,,,,,,,,,
cancle,HR529,Chander Sir,7-11-2025,cancle,,A To Z Power Solution Dabwali ,ups,,,,0,,,,,,,,,,,,,,,,,,,,,,,,,,,,,,,,,,,,,,,,,,,,,,,,,,,,,,,,,,,,,,,,,,,,,,,,,,,,,,,,,,,,,,,,,,,,,,,,,,,,,,,,,,,,,,,,,,,,,,,,,,,,,,,,,,,,,,,,,,,,,,,,,,,,,,,,,,,,,,,,,,,,,10,10,,,,,,,,,,,,
12-11-2025,HR530,Rajesh Sir,11-11-2025,12-11-2025,,Paras Enterprises Service Centre Jind,,,,,0,,,,,,,,,,,,,,,,,,,,,,,,,,,,,,,,,,,,,,,,,,,,,,,,,,,,10,,,,,,,,,,,,,,,,,,,,,,,,,,,,,,,,,,,,,,,,,,,,,,,,,,,,,,,,,,,,,,,,,,,,,,,,,,,,,,,,,,,,,,,,,,,,,,,,,,,,,,,,,,,,,,,,,,,,,,,,,,,,,,
12-11-2025,HR531(A),Jagat Sir,12-11-2025,12-11-2025,,Prem Power Solution Hathin(Order A),"DP-1500-2-200
570SY-14.50",,,(5 Original Hydrometer)Foc,0,,,,,,,,,,,10,10,,,,,,,,,,,,,,,,,,,,,,,,,,,,,,,,,10,,,,,,,,,,,,,,,10,,,,,,,,,,,,,,,,,,,,,,,,,,,10,,,,,,,,,,,,,,,,,,,,,,,,,,,,,,,,,,,,,,,,,,,,,,,,,,,,,,,,,,,,,,,,,,,,,,,,,,,,,,,,,,,,,,,,,,,
12-11-2025,HR531(B),Jagat Sir,12-11-2025,12-11-2025,30pc aproved,Prem Power Solution Hathin(Order B),"DP-1500-2-200
570SY-14.50",,,,0,,,,,,,,,,,,,,,30,,,,,,,,,,,,,,,,,,,,,,,,,,,,,,,,,,,,,,,,,,,,,,,,,,,,,,,,,,,,,,,,,,,,,,,,,,,,,,,,,,,,,,,,,,,,,,,,,,,,,,,,,,,,,,,,,,,,,,,,,,,,,,,,,,,,,,,,,,,,,,,,,,,,,,,,,,,,,,,,,,,
12-11-2025,HR532,Jagat Sir,12-11-2025,12-11-2025,150 pc aproved,Shiva Enterprises Palwal," Dp-1500-2%-200 Extra
585 mtk-16.60""",,,,0,,,,,,,,,,,,50,,,50,50,,,,,,,,,,,,,,,,,,,,,,,,,,,,,,15,,,15,15,,,,,,,,,,,,,,,,,,,,,,,,,,,,,,,,,,,,,,,,,,,,,,,,,,,,,,,,,,,,,,,,,,,,,,,,,,,,,,,,,,,,,,,,,,,,,,,,,,,,,,,,,,,,,,,,,,,,,,,,,,,,,,,,
12-11-2025,HR533,Rambir Sir,11-11-2025,12-11-2025,,Bala Ji Tohana,,,,,0,,,,,,,,,,,,,,,,,,,,,,,,,,,,,,,,,,,,,,,,,,,,,5,,,,,6,,,,,,,4,,,,,,,,,,,,,,,,,,,,,,,,,,,,,,,,,,,,,,,,,,,,,,,,,,,,,,,,,,,,,,,,,,,,,,,,,,,,,,,,,,,,,,,,,,,,,,,,,,,,,,,,,,,,,,,,,,,,,,,,,
15-11-2025,HR534,Deepak Sir,14-11-2025,15-11-2025,,Neha Elc. Sonipat,"DP-1500-2%-100 EXTRA-3%CD
570 SY-14.50-3%CD",,,,0,,,,,,,,,,,,,,,,,,,,,,,,,,,,,,,,,,,,,,,,,,,,,,,,,,,,,50,,,,,,,,,,,,,,,,,,,,,,,,,,,,,,,,,,,,,,,,,,,,,,,,,,,,,,,,,,,,,,,,,,,,,,,,,,,,,,,,,,,,,,,,,,,,,,,,,,,,,,,,,,,,,,,,,,,,,,,,,,,,,
28-11-2025,HR535,Salman sir,15-11-2025,28-11-2025,,Ratan Power System Firozabad ,New Dp -1500-2%,,2 Foc sytt17536,,0,,,,,,,,,,,20,,,,,,,10,,,,,,,,,,,,,,,,,,,,,,,,,,,2,,,,,,,,,,,,,,20,,,,,,,,,,,,,,,,,,,,,,,,,,,,,,,,,,,,,,,,,,,,,,,,,,,,,,,,,,,,,,,,,,,,,,,,,,,,,,,,,,,,,,,,,,,,,,,9,,,,,,,,,,,,,,,,,,,,,,,,
3-12-2025,HR536,Salman sir,15-11-2025,3-12-2025,50pc aproved,Murti Battery Agra,New Dp -1500-2%-200,,,dispatch after 2 lac,0,,,,,,,,,,,,,,,,,,,,,,,,,,,,,,,,,,,,,,,12,,,,,,8,,,,,,,,,,,,,,,,,,,,,,,,,,,,,,,,,,,,,,,,,,32,,,,,,,,,,,,,,,,1,,,,,,,,,1,,,,,,,,,,,,,,,,,,,,,,,,,,,,,,,,,,,,,,,,,,9,,,,,,,,,,,,,,,,,,,,,,,,
19-11-2025,HR537,Ravinder Sir,15-11-2025,19-11-2025,,Kamla Batt Bhadra,,,,12v,0,,,,,,,,,,,,,,,,,,,,,,,,,,,,,,,,,,,,,,,,,,,,,,,,,,,,,,,,,,,,,,,,,,,,,,,,,,,,,,,,,,,,,,,,,,,,,,,,,,,,,,,,,,,,,,,,,1,,,,,,,,,,,,,,,,,,,,,,,,,,,,,,,,,,,,,,,,,,,,,,,,,,,,,,,,,,,,,,,,,
24-11-2025,HR538,Ravinder Sir,15-11-2025,24-11-2025,,Gautam Elc. Julana,"dp-1500-2%-200extra
Lithium inv.dp-2%",,prorata,24v,0,,,,,,,,,,,,,,,,,,,,,,,,,,,,,,,,,,,,,,,8,,,,,,8,,,,,,,,,,,,,,,,,,,,,,,,,,,,,,,,,,,,,,,,,,,,,,,,,,,,,,,,,,,,,,,,,,1,,,,,,,,,,,,,,,,,,,,,,,,,,,,,,,,,,,,,,,,,,,,,,,,,,,,,,,,,,,,,,,,,,,
19-11-2025,HR539,Rajesh Sir,18-11-2025,19-11-2025,,Vikash Elc. Service Centre Hisar,,,,,0,2,,,,,,,,,,3,,,,,,,,,,,,,,,,,,,,,,,,,,,,,,,,,,2,,,,,,,12,,,,,,,3,,,,,,,,,,,,,,,,,,,,,,,,,,,,,,,,,,,,,,,,,,,,,,,,,,,,,,,,,,,,,,,,,,,,,,,,,,,,,,,,,,,,,,,,,,,,,,,,,,,,,,,,,,,,,,,,,,,,,,,
19-11-2025,HR540,Ravinder Sir,18-11-2025,19-11-2025,,Bansal Elc. Uklana,,,,,0,2,,,,,,,,,,4,,,,,,,,,,,,,,,,,,,,,,,,,,,,,,,,,,6,4,,,,,,,,,,,,,,,,,,,,,,,,,,,,,,,,,,,,,,,,,,,,,,,,,,,,,,,,,,,,,,,,,,,,,,,,,,,,,,,,,,,,,,,,,,,,,,,,,,,,,,,,,,,,,,,,,,,,,,,,,,,,,,,,,,,,
20-11-2025,HR541,Akash Sir,20-11-2025,20-11-2025,,Qadri Enterpries Bahjoi ,,,2 Scooty,App By Sunil Sir,0,,,,,,,,,,,,,,,,,,,,,,,,,,,,,,,,,,,,,,,,,,,,,,,,,,,,,,,,,,,,,,,,,,,,,,,,,,,,,,,,,,,,,,,,,,,,,,,,,,,,,,,,,,,,,,,,,,,,,,,,,,,,,,,,,,,,,,,,,,,,,,,,,,,,,,,,,,,,,,,,,,,,,,,,,,,,,,,,,,
1-12-2025,HR542(B),Kaushal Sir,24-11-2025,1-12-2025,,Raja Enterprises Hisar(Order B),,,,,0,,20,,,,10,,,10,,,,,,,10,,,,,,,,,,,,,,,,,,,,,,,,,,,,,,20,,,,10,,,,,,,,,,,,,,,,,,,,,,,,,,,,,,,,,,,,,,,,,,,,,,,,,,,,,,,,,,,,,,,,,,,,,,,,,,,,,,,,,,,,,,,,,,,,,,,,,,,,,,,,,,,,,,,,,,,,,,,,,,,,,,,,
28-11-2025,HR542(A),Kaushal Sir,24-11-2025,28-11-2025,,Raja Enterprises Hisar(Order A),,,,,0,,,,,,,,,,,,15,,,,,,,,,,,,,,,,,,,,,,,,,,,,,,,,,,,,,,,,,,,,,,,,,,,,,,,,,,,,,,,,,,5,,,,,,,,,,,,,,,,,,,,,,,,,,,,,,,,,,,,,,,,,,,,,,,,,,,,,,,,,,,,,,,,,,,,,,,,,,,,,,,,,,,,,,,,,,,,,,,,,,,,
2-12-2025,HR543,Arun Sir,24-11-2025,2-12-2025,50 pc,Manjeet Battery House Dadri,"dp-1500-2%-200 extra
",,,,0,5,,,,,,,,,,15,,,,,,,,,,,,,,,,,,,,,,,,,,,,,,,,,,10,,,,,,,,,,,,,,,,,,,,,,,,,,,,,,,,,,,,,,,,,,,,,,,,,,,,,,,,,,,,,,,,,,,,,,,,,,,,,,,,,,,,,,,,,,,,,,,,,,,,,,,,,,,,,,,,,,,,,,,,,,,,,,,,,,,,,
2-12-2025,HR544,Arun Sir,24-11-2025,2-12-2025,50pc aproved,D.R Radio Charkhi Dadri,"DP-1300-2%-200 EXTRA
550 exide-16.50",,,,0,,15,,,,,,,,,,20,,,,,,,,,,,,,,,,,,,,,,,,,,,,,,,,,,25,,,,,,,,,,,,,,,,,,,,,,,,,,,,,,,,,,,,,,,,,,,,,,,,,,,,,,,,,,,,,,,,,,,,,,,,,,,,,,,,,,,,,,,,,9,,,,,,,,,,,,,,,,,,,,,,,,,,,,,,,,,,,,,,,,,,,
3-12-2025,HR545,Prem S. Sir,25-11-2025,3-12-2025,,Shri Radhey Krishna Inv. Batt & Rep. Centre Hodal,,,,,0,,,,,,,,,,,15,,,,,,,,,,,,,,,,,,,,,,,,,,,,,,,,,,,,,,,,,8,,,,,,,5,,,,,,,,,,,,,,,,,,,,,,,,,,,,3,,,,2,,,,,,,,,,,,,,,,,,,,,,,,,,,,,,,,,,,,,,,,,,,,,,,,,,,,,,,,,,,,,,,,,,,,,,,,,,,,,,,,,,,,,,,
3-12-2025,HR546,Neeraj Sir,25-11-2025,3-12-2025,Sat,Haseen Battery Meerut,New Dp -1500-2%,,,,0,,,,,,,,,,,10,,,,,,,,,,,,,,,,,,,,,,,,,,,,,,,,,,50,,,,,,,10,,,,,,,5,,,,,,,,,,,,,,,,,,,,,,,,,,,,15,,,,10,,,,,,,,,,,,,,,,,,,,,,,,,,,,,,,,,,,,,,,,,,,,,,,,,,,,,,,,,,,,,,,,,,,,,,,,,,,,,,,,,,,,,,,
26-11-2025,HR547,Rambir Sir,25-11-2025,26-11-2025,,Durga Battery Fathebad,New Dp-1500-2%-200-EXTRA,,,,0,,,,,,5,,,,,,,,,,5,,,,,,,,,,,,,,,,,,,,,,,,,,,,,,,,,,10,,,,,,,,,,,,,,,,,,,,,,,,,,,,,,,,,,,,,,,,,,,,,,,,,,,,,,,,,,,,,,,,,,,,,,,,,,,,,,,,,,,,,,,,,,,,,,,,,,,,,,,,,,,,,,,,,,,,,,,,,,,,,,,,
26-11-2025,HR548,Rambir Sir,25-11-2025,26-11-2025,,Sagar Elc. Hisar,"DP-1500-2%-3%CD-200 EXTRA
",,,,0,,,,,,10,,,,,,,,,,20,,,,,,,,,,,,,,,,,,,,,,,,,,,,,,,,,,,,,,,,,,,,,,,,,,,,,,,,,,,,,,,,,,,,,,,,,,,,,,,,,,,,,,,,,,,,,,,,,,,,,,,,,,,,,,,,,,,,,,,,,,,,,,,,,,,,,,,,,,,,,,,,,,,,,,,,,,,,,,,,,,
25-11-2025,HR549,Sunil Sir,25-11-2025,25-11-2025,,Vidya Battery Bhiwani,,,,,0,9,,,,1,,,,,,,,,,,,,,,,,,,,,,,,,,,,,,,,,,,,,,,,,,,,,,,,,,,,,,,,,,,,,,,,,,,,,,,,,,,,,,,,,,,,,,,,,,,,,,,,,,,,,,,,,,,,,,,,,,,,,,,,,,,,,,,,,,,,,,,,,,,,,,,,,,,,,,,,,,,,,,,,,,,,,,,,,,,,,
29-11-2025,HR551,Prince Sir,27-11-2025,29-11-2025,,M/S Vakeel Battery Parts Najibabad Bijnor,New Dp -1500-2%,,,,0,,,,,,,,,,,,10,,,,10,,,,,,,,,,,,,,,,,,,,,,,,,,,,,,35,,,,25,,,,,,,,,,30,,,,20,,,,,,,,,,,,,,,,,,,,,,,,,,,,,,,,,,,,,,,,,,,,,,,,,,,,,,,,,,,,,,,,,,,,,,,,,,,,,,,,,,,,,,,,,,,,,,,,,,,,,,,,,,,,,,,,,,
29-11-25,HR552,Rajesh Sir,27-11-2025,29-11-25,,Neelam Inverter Service Center Saharanpur,Service Center,,,,0,,,,,,,,,,,,,,,,,,,,,,,,,,,,,,,,,,,,,,,,,,,,,,,,,,,,7,,,,,,,13,,,,,,,,,,,,,,,,,,,,,,,,,,,,,,,,,,,,,,,,,,,,,,,,,,,,,,,,,,,,,,,,,,,,,,,,,,,,,,,,,,,,,,,,,,,,,,,,,,,,,,,,,,,,,,,,,,,,,,,
28-11-2025,HR553,Chander Sir,27-11-2025,28-11-2025,,Sukhija Elc. Sirsa,"DP-1500-2%-200 EXTRA
",,,,0,,,,,,,,,,,,,15,,,,,,,,,,,,,,,,,,,,,,,,,,,,,,,,,,,,,,,,,,,,,,,,,,,,,,,,,,,,,,,,,,,,,,,,,,,,,,,,,,,,,,,,,,,,,,,,,,,,,,,,,,,,,,,,,,,,,,,,,,,,,,,,,,,,,,,,,,,,,,,,,,,,,,,,,,,,,,,,,,,,,
28-11-2025,HR555,Rambir Sir,27-11-2025,28-11-2025,,Renewal Solar Energy Siwani,"DP-1500-2%-200 EXTRA
570 SY-14.50",,,,0,,,,,,,,,,,,,,,,,,,,,,,,,,,,,,,,,,,,,,,5,5,,,,,10,,,,,5,,,,,,,,,,,,,,,,,,,,,,,,,,,,,,,,,,,,,,,,,5,,,,,,,,,,,,,,,,,,,,,,,,,,,,,,,,,,,,,,,,,,,,,,,,,,,,,,,,,,,,,,,,,,,,,,,,,,,,,,,,,,,,,,,
28-11-2025,HR556,Chander Sir,27-11-2025,28-11-2025,,New Unique Ent. Sirsa,"DP-1500-2%-3%-150-3.5%
",,,,0,,,,,,,,,,,,,,,,6,,,,,,,,,,,,,,2,,,,,,,,,,,,,,,,,,,,,,,,,,,,,,,,,,18,,,,,,,,,,,,,,,,,,,,,,,,,,,,,,,,,,,,,,,,,,,,,,,,,,,,,,,,,,,,,,,,,,,,,,,,,,,,,,,,,,,,,,,,,,,,,,,,,,,,,,,,,,,,,,,,,,
28-11-2025,HR557,Deepak Sir,27-11-2025,28-11-2025,50pc aproved,Inverter Plaza Rohtak,,,,,0,,,,,,,,,,,,,,,,,,,,,,,,,,,,,,,,,,,,,,,,,,,,,10,,,,,,,15,10,,,,15,,,,,,,,,,,,,,,,,,,,,,,,,,,,,,,,,,,,,,,,,,,,,,,,,,,,,,,,,,,,,,,,,,,,,,,,,,,,,,,,,,,,,,,,,,,,,,,,,,,,,,,,,,,,,,,,,,,,,,,,,
31-12-2025,HR558,Prem S. Sir,27-11-2025,31-12-2025,,Aggarwal Ent. Alwar,,,,,0,,,,,,,,,,,,,,,,20,,,,,,,,,,,,,,,,,,,,,,,,,,,,,,,,,,,,,,,,,25,,,,,,,20,,,,,,,,,,,,,,,,,,,,,,,,,,,,,,,,,,,,,,,,,,,,,,,,,,,,,,,,,,,,,,,,,,,,,,,,,,,,,,,,,,,,,,,,,,,,,,,,,,,,,,,,,,,,,,,,,,
3-12-2025,HR559,Prem S. Sir,27-11-2025,3-12-2025,,Sahun Inverter Battery Punhana,,,,3 lac with mat,0,,,,,,,,,,,,10,,,,,,,,,,,,,,,,,,,,,,,,,,,,,,,,,,20,,,,,,,10,,,,,,,10,,,,,,,,,,,,,,,,,,,,,,,,,,,,,,,,,,,,,,,,,,,,,,,,,,,,,,,,,,,,,,,,,,,,,,,,,,,,,,,,,,,,,,,,,,,,,,,,,,,,,,,,,,,,,,,,,,,,,,
1-12-2025,HR560,Arun Sir,27-11-2025,1-12-2025,,Ajeet Repairing Bawal,with mat 1 lac,,,"550 panel
tt22036 with out ah",0,,,,,,,,,,,20,,,,,,,,,,,,,,,,,,,,,,,,,,,,,,,,,,,,,,,,,,,,,,,,20,,,,,,,,,,,,,,,,,,,,,,,,,,,,10,,,,,,,,,,,,,,,,,,,,,,,,,,,,,,,,,,,,,,,,,,,,,,,,,,,,,,,,,,,,,,,,,,,,,,,,,,,,,,,,,,,,,,,,,,,
cancle,HR561,Ravinder Sir,28-11-2025,cancle,,Kajla Sloar Tosham NBD,"DP-1500-2%-3%CD-200 extra
",,,,0,,,,,,,,,,,,,,,,,,,,,,,,,,,,,,,,,,,,,,,,,,,,,,10,,,,,,,,,,,,,,,,,,,,,,,,,,,,,,,,,,,,,,,,,,5,,,,,,,,,,,,,,,,,,,,,,,,,,,,,,,,,,,,,,,,,,,,,,,,,,,,,,,,,,,,,,,,,,,,,,,,,,,,,,,,,,,,,,,,,,
12-5-2025,HR562,Rajesh Sir,29-11-2025,12-5-2025,,Hanumant Traders Service Centre Meham,,,,,0,,,,,,,,,,,3,,,,,2,,,,,,,,,,,,,,2,,,,,,,,,,,,,,,,,,,,,,,,,,,4,,2,,,,,2,,,,,,,,,,,,,,,,,,,,,,,,,,,,,,,,,,,,,,,,,,,,,,,,,,,,,,,,,,,,,,,,,,,,,,,,,,,,,,,,,,,,,,,,,,,,,,,,,,,,,,,,,,,,,,,,,,
1-12-2025,HR563,Chander Sir,29-11-2025,1-12-2025,,Guru Nanak Elc Ellenabad,,,,,0,,,,,,,,,,,15,,,,,,,,,,,,,,,,,,,,,,,,,,,,,,,,,,15,,,,,,,,,,,,,,,,,,,,,,,,,,,,,,,,,,,,,,,,,,,,,,,,,,,,,,,,,,,,,,,,,,,,,,,,,,,,,,,,,,,,,,,,,,,,,,,,,,,,,,,,,,,,,,,,,,,,,,,,,,,,,,,,,,,,,
1-12-2025,HR564,Ravinder Sir,30-11-2025,1-12-2025,,Dhillon Elc. Pehowa,,,,,0,,,,,,,,,,,,,,,,,,,,,,,,,,,,,,,,,,,,,,,,,,,,,,,,,,,,15,,,,,,,,,,,,,,,,,,,,,,,,,,,,,,,,,,,,,,,,,,,,,,,,,,,,,,,,,,,,,,,,,,,,,,,,,,,,,,,,,,,,,,,,,,,,,,,,,,,,,,,,,,,,,,,,,,,,,,,,,,,,,,
1-12-2025,HR565,Deepak Sir,1-12-2025,1-12-2025,,Neha Elc. Sonipat,"DP-1500-2%-100 EXTRA-3%CD
570 SY-14.50-3%CD",,,,0,,,,,,,,,,,,,,,,,,,,,,,,,,,,,,,,,,,,,,,,,,,,,,,,,,,,,50,,,,,,,,,,,,,,,,,,,,,,,,,,,,,,,,,,,,,,,,,,,,,,,,,,,,,,,,,,,,,,,,,,,,,,,,,,,,,,,,,,,,,,,,,,,,,,,,,,,,,,,,,,,,,,,,,,,,,,,,,,,,,
1-12-2025,HR567,Ravinder Sir,1-12-2025,1-12-2025,,Nirnjan Auto Narnaund,,,,,0,,,,,,,,,,,5,,,,,,,,,,,,,,,,,,,,,,,,,,,,,,,,,,10,,,,,,,,,,,,,,,,,,,,,,,,,,,,,,,,,,,,,,,,,,5,,,,,,,,,,,,,,,,,,,,,,,,,,,,,,,,,,,,,,,,,,,,,,,,,,,,,,,,,,,,,,,,,,,,,,,,,,,,,,,,,,,,,,,,,,,
3-12-2025,HR569,Akash Sir,2-12-2025,3-12-2025,,Prakashmay Power Solution Bulandshahr ,New Dp-1500-2%-200,,,,0,,,,,,,,,,,,50,,,,,,,,,,,,,,,,,,,,,,,,,,,,,,,,,,30,,,,,,,50,,,,,,,42,,,,,,,,,,,,,,,,,,,,,,,,,,,,,,,,20,,,,,,,,,,,,,,,,,,,,,,,,,,,,,,,,,,,,,,,,,,,,,,,,,,,,,,,,,,,,,,,,,,,,,,,,,,,,,,,,,,,,,,
3-12-2025,HR570,Ravinder Sir,2-12-2025,3-12-2025,,Malik Battery Uchana,,,,,0,10,,,,,,,,,,30,,,,,,,,,,,,,,5,,,,,,,,,,,,,,,,,,,,,,,,,,,26,,,,,,,,,,,,,,,,,,,,,,,,,,,,,,,,,,,15,,,,,,,,,,,,,,,,,,,,,,,,,,,,,,,,,,,,,,,,,,,,,,,,,,,,,,,,,,,,,,,,,,,,,,,,,,,,,,,,,,,,,,,,,,,
2-12-2025,HR571,Ravinder Sir,2-12-2025,2-12-2025,,Malik Battery Thurana,,,,,0,,5,,,,,,,,,,10,,,,,,,,,,,,,,,,,,,,,,,,,,,,,,,,,,,,,,,,,10,,,,,,,,,,,,,,,,,,,,,,,,,,,,,,,,,,,,,,,,,,,,,,,,,,,,,,,,,,,,,,,,,,,,,,,,,,,,,,,,,,,,,,,,,,,,,,,,,,,,,,,,,,,,,,,,,,,,,,,,,,,,,
3-12-2025,HR572(A),Jagat Sir,3-12-2025,3-12-2025,,Shiva Ent. Palwal," Dp-1500-2%-200 Extra
(18%)",50,,,0,,,,,,,,,,,,10,,,10,30,,,,,,,,,,,,,,,,,,,,,,,,,,,,,,,,,,,,,,,,,,,,,,,,,,,,,,,,,,,,,,,,,,,,,,,,,,,,,,,,,,,,,,,,,,,,,,,,,,,,,,,,,,,,,,,,,,,,,,,,,,,,,,,,,,,,,,,,,,,,,,,,,,,,,,,,,,,,,,,,,,
3-12-2025,HR573,Jagat Sir,3-12-2025,3-12-2025,,Saad Electric Work (Badkali) (NBD),,,,dispatch afetr 2 lac,0,,,,,,,,,,,,,,,,5,,,,,,,,,,,,,,,,,,,,,,,,,,,,,,,,,,,,,,,,,,,10,,,,10,5,,,,,,,,,,,,,,,,,,,,,,,,,,,,,,,,,,,,,,,,,,,,,,,,,,,,,,,,,,,,,,,,,,,,,,,,,,,,,,,,,,,,,,,,,,,,,,,,,,,,,,,,,,,,,,,,,,
11-12-2025,HR574,Jagat Sir,3-12-2025,11-12-2025,50 pc app,Prem Power Solution Hathin,,,,4 lac with in 2 days,0,,,,,,,,,,,15,10,,,10,15,,,,,,,,,,,,,,,,,,,,,,,,,,,,,,,,,,,,,,,,,,,,,,,,,,,,,,,,,,,,,,,,,,,,,,,,,,,,,,,,,,,,,,,,,,,,,,,,,,,,,,,,,,,,,,,,,,,,,,,,,,,,,,,,,,,,,,,,,,,,,,,,,,,,,,,,,,,,,,,,,,
3-12-2025,HR575,Salman sir,3-12-2025,3-12-2025,,Jhilmil Elrctronics & Inverter Battery House Mainpuri,New Dp-1500-2%-200,,,,0,,,,,,,,,,,,4,,,,,,,,,,,,,,,,,,,,,,,,,,,,10,,,,,,4,,,,,,,8,,,,,,,4,,,,,,,2,,,,,,,,,,,,,,,,,,,,,,,,,,,,,,,,,,,,,,,,,,,,,,,,,,,,,,,,,,,,,,,,,,,,,,,,,,,,,,,,,,,,,,,16,,,,,,,,,,,,,,,,,,,,,,,,
12-5-2025,HR576,Rajesh Sir,4-12-2025,12-5-2025,,Krishna Enterprises Service Centre Sonipat,,,,,0,,,,,,,,,,,,,,,,,,,,,,,,,,,,,,,,,,,,,,,,,,,,,,4,,,,,,3,5,,,,,,2,,,,,,,,,,,,,,,,,,,,,,,,,,,,,,,,,,,,,,,,,,,,,,,,,,,,,,,,,,,,,,,,,,,,,,,,,,,,,,,,,,,,,,,,,,,,,,,,,,,,,,,,,,,,,,,,,,,,,,,
10-12-2025,HR577,Munender Sir,9-12-2025,10-12-2025,,Davik Inverter Battery Service Centre Palwal,Service Centre,,,,0,1,,,,,,,,,,2,,,,,,,1,,,,,,,,,,,,,,,,,,,,,1,,,,,,8,,,,,,,14,,,,,,,,,,,,,,,,,,,,,,,,,,,,,,,,,,,3,,,,,,,,,,,,,,,,,,,,,,,,,,,,,,,,,,,,,,,,,,,,,,,,,,,,,,,,,,,,,,,,,,,,,,,,,,,,,,,,,,,,,,,,,,,
10-12-2025,HR578,Munender Sir,9-12-2025,10-12-2025,,Paras Enterprises Service Centre Jind,Service Centre,,,,0,2,,,,,,,,,,,,,,,,,,,,,,,,,,,,,,,,,,,,,,2,,,,,,,,,,,,,2,,,,,,,,,,,,,,,,,1,,,,,,,,,,,,,,,,,,,,,,,,,,,,,,,,,,,,,,,,,,,,,,,,,,,,,,,,,,,,,,,,,,,,,,,,,,,,,,,,,,,,,,,,,,,,,,,,,,,,,,,,,,,,,
10-12-2025,HR579,Munender Sir,9-12-2025,10-12-2025,,Vikash Elc. Service Centre Hisar,Service Centre,,,,0,,,,,,,,,,,2,,,,,,,,,,,,,,,,,,,,,,,,,,,,,,,,,,2,,,,,,,10,,,,,,,2,,,,,,,,,,,,,,,,,,,,,,,,,,,,,,,,,,,,,,,,,,,,,,,,,,,,,,,,,,,,,,,,,,,,,,,,,,,,,,,,,,,,,,,,,,,,,,,,,,,,,,,,,,,,,,,,,,,,,,,
11-12-2025,HR580,Deepak Sir,9-12-2025,11-12-2025,,Inverter Plaza Rohtak,,,,,0,35,,,,,,,,,,,,,,,,,,,,,,,,,,,,,,,,,,,,,,,,,,,,2,,,,,,,15,,,,,,,,,,,,,,,,,,,,,,,,,,,,,,,,,,,,,,,,,,,,,,,,,,,,,,,,,,,,,,,,,,,,,,,,,,,,,,,,,,,,,,,,,,,,,,,,,,,,,,,,,,,3,,,,,,,,,,,,,,,,,,,
11-12-2025,HR581,Salman sir,9-12-2025,11-12-2025,72 pc aproved,Shubh Battery House Mathura,New Dp-1500-2%-200,,,,0,,12,,,,,,,,,,,,,,,,,,,,,,,,,,,,,,,,,,,,,,,,,,,,8,,,,,,,,,,,,,,6,,,,,,,4,,,4,,,,,,,,,,,,,,,,,,36,,,,2,,,,,,,,,,,,,,,,,,,,,,,,,,,,,,,,,,,,,,,,,,,,,,,,,,,,,,,,,,,,,,36,,,,,,,,,,,,,,,,,,,,,,,,
11-12-2025,HR582,Ravinder Sir,9-12-2025,11-12-2025,,Bansal Elc. Uklana,,,,,0,,,,,,,,,,,,,,,,,,,,,,,,,,,,,,,,,,,,,,,,,,,,,5,5,,,,,,,,,,,,,,,,,,,,,,,,,,,,,,,,,,,,,,,,,,,,,,,,,,,,,,,,,,,,,,,,,,,,,,,,,,,,,,,,,,,,,,,,,,,,,,,,,,,,,,,,,,,,,,,,,,,,,,,,,,,,,,,,,,,,
11-12-2025,HR583,Rambir Sir,10-12-2025,11-12-2025,,Bala Ji Tohana,,,,"5 PC JT18024
Pirthala",0,,,,,,,,2,,,,,,,,5,,,,,,,2,,,,,,,,,,,,,,,,,,,,2,,,,,,,,,,,,,,,,,,,,,,,,,,,,,,,,,,,,,,,,,,,,,,,,,,,,,,,,,,,,,,,,,,,,,,,,,,,,,,,,,,,,,,,,,,,,,,,,,,,,,,,,,,,,,,,,,,,,,,,,,,,,,,,,,,,,,,,
13-12-2025,HR583,Prem S. Sir,10-12-2025,13-12-2025,,M.R Enterprises Punhana(Mubarik),,,,1 lac with mat,0,,,,,,,,,,,12,,,,,8,,,,,,,,,,,,,,,,,,,,,,,,,,,,,6,,,,,4,,12,,,,,8,,,,,,,,,,,,,,,,,,,,,,,,,,,,,,,,,,,,,,,,,,,,,,,,,,,,,,,,,,,,,,,,,,,,,,,,,,,,,,,,,,,,,,,,,,,,,,,,,,,,,,,,,,,,,,,,,,,,,,,,,
11-12-2025,HR584,Arun Sir,10-12-2025,11-12-2025,,Bharat Battery Dharuhera,Dp-1500-2%,,,,0,,,,,,,,,,,,,,,,,,,,,,,,,,,,,,,,,,,,,,,,,,,,,,,,,,,,,,,,,,,,,,,,,,,,,,,,,,,,,,,,,,,,,,,,,,,,,,,,,,,,,,,,,,,,,,,,,,,,,,,,,,,,,,,,,,,,,,,,,,,,,,,,,,,,,,,,,,,,,,,,,,,,,,,,,,,,,,,,,,
11-12-2025,HR585,Rajesh Sir,11-12-2025,11-12-2025,,Qadri Enterprises Bahjoi,,,,,0,,,,,,,,,,,,,,,,,,,,,,,,,,,,,,,,,,,,,,,1,,,,,,,,,,,,,15,,,,,,,14,,,,,,,,,,,,,,,,,,,,,,,,,,,,,,,,,,,,,,,,,,,,,,,,,,,,,,,,,,,,,,,,,,,,,,,,,,,,,,,,,,,,,,,,,,,,,,,,,,,,,,,,,,,,,,,,,,,,,,,
11-12-2025,HR586,Jagat Sir,11-12-2025,11-12-2025,,Shiva Ent. Palwal,,,,4 lac with in 2 days,0,,,,,,,,,,,,,,,,,,,,,,,,,,,,,,,,,,,,,,,,,,,,,,52,,,,,,,,,,,,,,,,,,,,,,,,,,,,,,,,,,,,,,,,,,,,,,,,,,,,,,,,,,,,,,,,,,,,,,,,,,,,,,,,,,,,,,,,,,,,,,,,,,,,,,,,,,,,,,,,,3,,,,,,,,,,,,,,,,,,,
16-12-2025,HR587,Prem S. Sir,11-12-2025,16-12-2025,,Sahun Inverter Battery Punhana,,,,dispatch after 1.5 lac,0,,,,,,,,,,,,20,,,,,,,,,,,,,,,,,,,,,,,,,,,,,,,,,,12,,,,,,,18,,,,,,,,,,,,,,,,,,,,,,,,,,,,,,,,,,,,,,,,,,,,,,,,,,,,,,,,,,,,,,,,,,,,,,,,,,,,,,,,,,,,,,,,,,,,,,,,,,,,,,,,,,,,,,,,,,,,,,,,,,,,,
12-12-2025,HR588,Rambir Sir,11-12-2025,12-12-2025,,Raja Enterprises Hisar,"dp-1500-2%-3%cd-200 extra
570 sy-14.50-3%",,,sltt30048-2,0,10,20,,,,,,,,,15,20,,,,,,,,,,,,,,,,,,,,,,,,,,,,,,,,,,,,,,,,,,,,,,,,,,,,,,,,,,,,,,,,,5,,,,,,,,,,10,,,,,,,,,,,,,,,,,,,,,,,,,,,,,,,,,,,,,,,,,,,,,,,,,,,,,,,,,,,,,,,,,,,,,,,,,,,,,,,,,,,,,,,,,,,
13-12-2025,HR589,Prince Sir,11-12-2025,13-12-2025,,R.R Enterprises Gajraula Amroha ,New Dp -1500-2%,,,,0,,,,,,,,,,,,,,,,,,,,,,,,,,,,,,,,,,,,,,,,,,,,,,,,,,,,10,,,,,,,30,20,,,,,,,,,,,,,,,,,,,,,,,,,,,40,,,,,,,,,,,,,,,,,,,,,,,,,,,,,,,,,,,,,,,,,,,,,,,,,,,,,,,,,,,,,,,,,,,,,,,,,,,,,,,,,,,,,,,,,,,
15-12-2025,HR590,Deepak Sir,14-12-2025,15-12-2025,,Inverter Plaza Rohtak,,,,,0,,,,,,,,,,,50,,,,,,,,,,,,,,,,,,,,,,,,,,,,,,,,,,,,,,,,,50,,,,,,,,,,,,,,,,,,,,,,,,,,,,,,,,,,,,,,,,,,,,,,,,,,,,,,,,,,,,,,,,,,,,,,,,,,,,,,,,,,,,,,,,,,,,,,,,,,,,,,,,,,,,,,,,,,,,,,,,,,,,,,
19-12-2025,HR591,Salman sir,15-12-2025,19-12-2025,50pc aproved,Ratan Power System Firozabad ,New Dp -1500-2%-200,,,with mat 1 lac,0,,,,,,,,,,,40,,,,,,,,,,,,,,,,,,,,,,,,,,,,,,,,,,,,,,,,,,,,,,,,,,,,,,,,,,,,,,,,,,,,,,,,,,,,,,,,10,,,,,,,,,,,,,,,,,,,,,,,,,,,,,,,,,,,,,,,,,,,,,,,,,,,,,,,,,,,,,,,25,,,,,,,,,,,,,,,,,,,,,,,,
17-12-2025,HR592,Ravinder Sir,15-12-2025,17-12-2025,,R.K Power Hansi,,,,,0,,,,,,,,,,,20,,,,,,,,,,,,,,,,,,,,,,,,,,,,,,,,,,20,,,,,10,,,,,,,,,,,,,,,,,,,,,,,,,,,,,,,,,,,,,,,,,,,,,,,,,,,,,,,,,,,,,,,,,,,,,,,,,,,,,,,,,,,,,,,,,,,,,,,,,,,,,,,,,,,,,,,,,,,,,,,,,,,,,,,,
15-12-25,HR593,Rajesh Sir,15-12-2025,15-12-25,,Verma Inverter Battery Service Centre Hisar,,,,,0,,,,,,,,,,,,2,,,,2,,,,,,,,,,,,,,,,,,,,,,,,,,,,,,,,,,,,5,,,,,5,,,,,,,2,,,,,,,,,,,,,,,,,,,,,,,,,,,,,,,,,,,,,,,,,,,,,,,,,,,,,,,,,,,,,,,,,,,,,,,,,,,,,,,,,,,,,,,,,,,,,,,,,,,,,,,,,,,,,,,,,,
17-12-2025,HR594,Jagat Sir,15-12-2025,17-12-2025,,Prem Power Solution Hathin,,,,,0,,,,,,,,,,,10,,,,5,10,,,,,,,,,,,,,,,,,,,,,,,,,,,,,,,,,10,15,,,,,,,,,,,,,,,,,,,,,,,,,,,,,,,,,,,,,,,,,,,,,,,,,,,,,,,,,,,,,,,,,,,,,,,,,,,,,,,,,,,,,,,,,,,,,,,,,,,,,,,,,,,,,3,,,,,,,,,,,,,,,,,,,
18-12-2025,HR595,Rambir Sir,15-12-2025,18-12-2025,,Raja Enterprises Hisar,"dp-1500-2%-3%cd-200 extra
570 sy-14.50-3%",,,,0,,,,,,,,,,,,,,,,50,,,,,,,,,,,,,,,,,,,,,,,,20,,,,,,,,,,,,,,,,,,,,,,,,,,20,,,,,,,,,,,,,,,,,,,,,,,,,,,,,,,,,,,,,,,,,,,,,,,,,,,,,,,,,,,,,,,,,,,,,,,,,,,,,,,,,,,,,,,,,,,,,,,,,,,,,,,,,,,,,,,,
16-12-2025,HR596,Prem S. Sir,15-12-2025,16-12-2025,,Shri Radhe Krishna Inv. Batt & Rep. Centre Hodal,,,,,0,10,,,,,,,,,,27,,,,,,,,,,,,,,,,,,,,,,,,,,,,,,,,,,2,,,,,,,,,,,,,,,,,,,,,,,,,,,,,,,,,,,,,,,,,,,,,,,,,,,,,,,,,,,,,,,,,,,,,,,,,,,,,,,,,,,,,,,,,,,,,,,,,,,,,,,,,,,,,,,,,,3,,,,,,,,,,,,,,,,,,,
16-12-2025,HR597,Akash Sir,15-12-2025,16-12-2025,,Prakashmay Power Solution Bulandshahr ,Stock Change,,,,0,,2,,,,,,,,,,15,,,,13,,,4,,,,4,,,4,,,,19,,,,,,,,,,,,,,,,5,,,,2,,,,,,,,,,3,,,,1,,,,,,,,,,,,,,,,,,,,,,,,5,,,,1,,,,,,,,,,,,,,,,,,,,,,,,,,,,,,,,,,,,,,,,,,,,,,,,,,,,,,,,,,,,,,,,,,,,,,,,,,,,,,,,,,,,,,
1-12-2026,HR598,Salman sir,16-12-2025,1-12-2026,,Chauhan Battery House Mainpuri,DP-46000 wITH CHARGER,,,1 batt Replcment,0,,,,,,,,,,,,,,,,,,,,,,,,,,,,,,,,,,,,,,,,,,,,,,,,,,,,,,,,,,,,,,,,,,,,,,,,,,,,,,,,,,,,,,,,,,,,,,,,,,,,,,,1,,,,1,,,,,,,,,,,,,,,,,,,,,,,,,,,,,,,,,,,,,,,,,,,,,,,,,,,,,,,,,,,,,,,,,,,,,,,
19-12-2025,HR599,Arun Sir,16-12-2025,19-12-2025,,Jai Durga Battery House Kanina,"dp-1500-2%-200 extra
550 EXIDE-16.50",,,,0,,,,,,,,,,,7,,,,,,,,,,,,,,,,,,,,,,,,,,,,,,,,,,2,,,,,,,,,,,,,,,,,,,,,,,,,,,,,,,,,,,,,,,,,,,,,,,,,,,,,,,,,,,,,,,,,,,,,,,,,,,,,,,,,,,,,,,,,,,,,,,,,,,,,,,,,,,,,,,,,,,,,,,,,,,,,,,,,,,,,
31-12,HR600,Chander Sir,16-12-2025,31-12,,Guru Nanak Elc Ellenabad,"New Dp-1500-2%-200 Extra
570 sy-14.50",,,dispatch after  3.5 lac,0,,,,,,,,,,,,10,,,,,,,,,,,,,,,,,,,,,,,,,,,,10,,,,,,17,,,,,,,,,,,,,,,,,,,,,,,,,,,,,,,,,,,,,,,,,,10,,,5,,,,,,,,,,,,,,,,,,,,,,,,,,,,,,,,,,,,,,,,,,,,,,,,,,,,,,,,,,,,,,,,,,,,,,,,,,,,,,,,,,,,,,,
17-12-2025,HR601,Jagat Sir,17-12-2025,17-12-2025,,Shiva Enterprises Palwal,50 pc apporved,,,,0,,,,,,,,,,,20,,,,15,15,,,,,,,,,,,,,,,,,,,,,,,,,,,,,,,,,,,,,,,,,,,,,,,,,,,,,,,,,,,,,,,,,,,,,,,,,,,,,,,,,,,,,,,,,,,,,,,,,,,,,,,,,,,,,,,,,,,,,,,,,,,,,,,,,,,,,,,,,,,,,,,,,,,,,,,,,,,,,,,,,,
19-12-2025,HR602,Prem S. Sir,17-12-2025,19-12-2025,,M.R Enterprises Punhana(Mubarik),"New Dp-1500-2%-200 
570 sy-14.50",,,dispatch after 1.5 lac,0,,,,,,,,,,,,,,,,,,,,,,,,,,,,,,,,,,,,,,,,,,,,,15,,,,,10,,15,,,,,10,,,,,,,,,,,,,,,,,,,,,,,,,,,,,,,,,,,,,,,,,,,,,,,,,,,,,,,,,,,,,,,,,,,,,,,,,,,,,,,,,,,,,,,,,,,,,,,,,,,,,,,,,,,,,,,,,,,,,,,,,
18-12-2025,HR603,Ravinder Sir,17-12-2025,18-12-2025,,"Kavya Enterprises Tosham(NBD)(Dispatch To Bhura Badya)
(Kajla Tosham)",,,,,0,,,,,,,,,,,,,,,,,,,,,,,,,,,,,,,,,,,,,,,,5,,,,,,6,,,,,,,,,,,,,,,,,,,,,,,,,,,,,,,,,,,,,,,,,,1,,,,,,,,,,,,,,,,,,,,,,,,,,,,,,,,,,,,,,,,,,,,,,,,,,,,,,,,,,,,,,,,,,,,,,,,,,,,,,,,,,,,,,,,,,
18-12-2025,HR604,Rambir Sir,17-12-2025,18-12-2025,,Sagar Elc. Hisar,"DP-1500-2%-3%CD-200 EXTRA
",,,,0,,,,,5,,,,,,,,,,5,,,,,,,,,,4,,,,,,,,,,,,,,,,,,,,,,,,,,,,,,,,,,,,,,,,,,,,,,,,,,,,,,,,,,,,,,4,,,,,,,,,,,,,,,,,,,,,,,,,,,,,,,,,,,,,,,,,,,,,,,,,,,,,,,,,,,,,,,,,,,,,,,,,,,,,,,,,,,,,,,,,,,
25-12-2025,HR606,Ravinder Sir,18-12-2025,25-12-2025,,R.K Power Hansi,"DP-1500-2%-3%CD-200 extra
",,standy,dispach after 5 lac,0,,,,,,,,,,,10,,,,,,,,,,,,,,,,,,,,,,,,,,,,,,,,,,40,,,,,,,,,,,,,,,,,,,,,,,,,,,,,,,,,,,,,,,,,,,,,,,,,,,,,,,,,,,,,,,,,,,,,,,,,,,,,,,,,,,,,,,,,,,,,,,,,,,,,,,,,,,,,,,,,,,,,,,,,,,,,,,,,,,,,
18-12-2025,HR607,Ravinder Sir,18-12-2025,18-12-2025,,Malik Battey Uchana,New Dp-1500-2%-200 Extra,,,,0,,,,,,,,,,,30,,,,,,,,,,,,,,5,,,,,,,,,,,,,,,,,,,,15,,,,,,,20,,,,,,,,,,,,,,,,,,,,,,,,,,,,,,,,,,,10,,,,,,,,,,,,,,,,,,,,,,,,,,,,,,,,,,,,,,,,,,,,,,,,,,,,,,,,,,,,,,,,,,,,,,,,,,,,,,,,,,,,,,,,,,,
18-12-2025,HR608,Ravinder Sir,18-12-2025,18-12-2025,,Malik Batt Thurana,New Dp-1500-2%-200 Extra,,,,0,,5,,,,,,,,,,20,,,,,,,,,,,,,,,,,,,,,,,,,,,,,,,,,,,,,,,,,10,,,,,,,,,,,,,,,,,,,,,,,,,,,,,,,,,,,,,,,,,,,,,,,,,,,,,,,,,,,,,,,,,,,,,,,,,,,,,,,,,,,,,,,,,,,,,,,,,,,,,,,,,,,,,,,,,,,,,,,,,,,,,
18-12-2025,HR609,Jagat Sir,18-12-2025,18-12-2025,,Prem Power Solution Hathin,,,,,0,,,,,,,,,,,,,,,12,13,,,,,,,,,,,,,,,,,,,,,,,,,,,,,15,12,,,,,,,,,,,,,,,,,,,,,,,,,,,,,,,,,,,,,,,,,,,,,,,,,,,,,,,,,,,,,,,,,,,,,,,,,,,,,,,,,,,,,,,,,,,,,,,,,,,,,,,,,,,,,,,,,3,,,,,,,,,,,,,,,,,,,
20-12-2025,HR610,Jagat Sir,18-12-2025,20-12-2025,,Saad Electric Work (Badkali) ,New Dp-1500-2%-3%-200 Extra,,,3 LAC WITH MAT KAUSHAL JI,0,,,,,,,,,,,20,,,,,,,,,,,,,,,,,,,,,,,,,,,,,,,,,,10,,,,,,,,,,,,,,10,,,,,,,,,,,,,,10,,,,,,,,,,,,,,,,,,,,,,,,,,,,,,,,,,,,,,,,,,,,,,,,,,,,,,,,,,,,,,,,,,,,,,,,,,,,,,,,,,,,,,,,,,,,,,,,,,,,,,,,,
31-12,HR611,Manoj Sir,18-12-2025,31-12,,Bala Ji Battery Bareilly,New Dp -1500-2%-200,,,dispatch after 8 lac ( 4 +4 pdc ),0,,,,,,,,,,,,,,,,,,,,,,,,,,,,,,,,,,,,,,,,,,,,,75,,,,,,,,,,,,,,75,,,,,,,,,,,,,,,,,,,,,,,,,,,,,,,,,,,,,,,,,,,,,,,,,,,,,,,,,,,,,,,,,,,,,,,,,,,,,,,,,,,,,,,,,,,,,,,,,,,,,,,,,,,,,,,,,,,,,,,
23-12-2025,HR612,Jagat Sir,18-12-2025,23-12-2025,,Shiva Enterprises Palwal,Dp-1500-2%-200Extra,,,,0,,,,,,,,,,,10,,,,10,20,,,,,,,,,,,,,,,,,,,,,,,,,,,,,10,,,,,,,,,,,,,,,,,,,,,,,,,,,,,,,,,,,,,,,,,,,,,,,,,,,,,,,,,,,,,,,,,,,,,,,,,,,,,,,,,,,,,,,,,,,,,,,,,,,,,,,,,,,,,,,,,,,,,,,,,,,,,,,,,,,,,
25-12-2025,HR613,Jagat Sir,18-12-2025,25-12-2025,,Shiva Enterprises Palwal,Dp-1500-2%-200Extra,,,with mat 1 lac,0,,,,,,,,,,,,,,,20,20,,,,,,,,,,,,,,,,,,,,,,,,,,,,,10,,,,,,,,,,,,,,,,,,,,,,,,,,,,,,,,,,,,,,,,,,,,,,,,,,,,,,,,,,,,,,,,,,,,,,,,,,,,,,,,,,,,,,,,,,,,,,,,,,,,,,,,,,,,,,,,,,,,,,,,,,,,,,,,,,,,,
27-12,HR614,Jagat Sir,18-12-2025,27-12,,Shiva Enterprises Palwal,Dp-1500-2%-200Extra,,, ,0,,,,,,,,,,,,10,,,10,10,,,,,,,,,,,,,,,,,,,,,,,,,,,,,,,,,,20,,,,,,,,,,,,,,,,,,,,,,,,,,,,,,,,,,,,,,,,,,,,,,,,,,,,,,,,,,,,,,,,,,,,,,,,,,,,,,,,,,,,,,,,,,,,,,,,,,,,,,,,,,,,,,,,,,,,,,,,,,,,,,,,
31-12,HR615,Jagat Sir,18-12-2025,31-12,111pc aporved,Shiva Enterprises Palwal,Dp-1500-2%-200Extra,,,dispatch after 5 lac,0,,,,,,,,,,,10,,,,20,,,,,,,,,,,,,,,,,,,,,,,,,,,,,,,20,,,,,,,,,,,,,,,,,,,,,,,,,,,,,,,,,,,,,,,,,,,,,,,,,,,,,,,,,,,,,,,,,,,,,,,,,,,,,,,,,,,,,,,,,,,,,,,,,,,,,,,,,,,,,,,,,,,,,,,,,,,,,,,,,,,,
23-12-2025,HR618,Akash Sir,19-12-2025,23-12-2025,,Prakashmay Power Solution Bulandshahr ,New Dp -1500-2%-200,,,,0,,,,,,,,,,,,100,,,,,,,,,,,,,,,,,,,,,,,,,,,,,,,,,,60,,,,,,,60,,,,,,,60,,,,,,,,,,,,,,,,,,,,,,,,,,,,,,,,20,,,,,,,,,,,,,,,,,,,,,,,,,,,,,,,,,,,,,,,,,,,,,,,,,,,,,,,,,,,,,,,,,,,,,,,,,,,,,,,,,,,,,,
20-12-2025,HR619,Neeraj Sir,19-12-2025,20-12-2025,,Haseen Battery Meerut,New Dp -1500-2%-200,,"4 Foc Mixbilling
Sytt17536",,0,,,,,,,,,,,10,,,,,,,,,,,,,,,,,,,,,,,,,,,,,,,,,,64,,,,,,,20,,,,,,,,,,,,,,,,,,,,,,,,,,,,,,,,,,,10,,,,,,,,,,,,,,,,,,,,,,,,,,,,,,,,,,,,,,,,,,,,,,,,,,,,,,,,,,,,,,,,,,,,,,,,,,,,,,,,,,,,,,,,,,,
31-12,HR620,Rambir Sir,19-12-2025,31-12,18pc aproved,Renewal Solar Energy Siwani,"DP-1500-2%-200 EXTRA
570 SY-14.50",,,dispatch after 1.7 lac,0,,,,,,,,,,,,30,,,,,,,,,,,,,,,,,,,,,,,,,,,,,,,,,,30,,,,,,,,,,,,,,,,,,,,,,,,,,,,,,,,,,,,,,,,,,20,,,,10,,,,,,,,,,,,,,,,,,,,,,,,,,,,,,,,,,,,,,,,,,,,,,,,,,,,,,,,,,,,,,,,,,,,,,,,,,,,,,,,,,,,,,
29-12-2025,HR621,Deepak Sir,19-12-2025,29-12-2025,70pc aproved,Deep Trading Co. Farmana,"dp-1500-2%-200extra
570 sy-14.50",,,dispatch after 3.5 lac,0,20,,,,,,,,,,30,,20,,,,,,,,,,,,,,,,,,,,,,,,,,20,,,,,,,,,,,,,10,,,,,,,,,,,,,,,,,,,,,,,,,,,,,,,,,,,,,,,,,,,,,,,,,,,,,,,,,,,,,,,,,,,,,,,,,,,,,,,,,,,,,,,,,,,,,,,,,,,,,,,,,,,,,,,,,,,,,,,,,,,,,,
19-12-2025,HR622,Munender Sir,19-12-2025,19-12-2025,,Vikash Elc. Service Centre Hisar,Service Centre,,,,0,,,,,,,,,,,2,,,,,,,,,,,,,,,,,,,,,,,,,,,,,,,,,,,,,,,,,22,,,,,,,2,,,,,,,,,,,,,,,,,,,,,,,,,,,,,,,,,,,,,,,,,,,,,,,,,,,,,,,,,,,,,,,,,,,,,,,,,,,,,,,,,,,,,,,,,,,,,,,,,,,,,,,,,,,,,,,,,,,,,,,
20-12-2025,HR623,Deepak Sir,19-12-2025,20-12-2025,,Inverter Plaza Battery Rohtak,"New Dp -1400-2%-200 extra
Panel-14.50 Rs",,,,0,,,,,,,,,,,20,18,,,,,,,,,,,,,,,,,,,,,,,,,,,2,,,,,,,,,,,,,30,30,,,,,,,,,,,,,,,,,,,,,,,,,,,,,,,,,,,,,,,,,,,,,,,,,,,,,,,,,,,,,,,,,,,,,,,,,,,,,,,,,,,,,,,,,,,,,,,,,,,,,,,,,,,,,,,,,,,,,,,,,,,,,
24-12-2025,HR624,Prince Sir,20-12-2025,24-12-2025,211 pc aporved,R.R Enterprises Gajraula Amroha ,New Dp -1500-2%-200,,,dispatch after 15 lac,0,,,,,,,,,,,,,,,,,,,,,,,,,,,,,,,,,,,,,,,,,,,,,11,,,,,,,,,,,,,,120,,,,,,,,,,,,,,,,,,,,,,,,,,,,85,,,,,,,,,,,,,,,,,,,,,,,,,,,,,,,,,,,,,,,,,,,,,,,,,,,,,,,,,,,,,,,,,,,,,,,,,,,,,,,,,,,,,,,,,,,
23-12-2025,HR625,Prince Sir,20-12-2025,23-12-2025,100pc aproved,Vakeel Battery Najibabad,New Dp -1500-2%-200,,,10 lac with mat sonu ji,0,,,,,,,,,,,,,,,,,,,,,,,,,,,,,,,,,,,,,,,,,,,,,,100,,,,100,,,,,,,,,,61,,,,55,,,,,,,,,,,,,,,,,,,,,,,,,,,,,,,,,,,,,,,,,,,,,,,,,,,,,,,,,,,,,,,,,,,,,,,,,,,,,,,,,,,,,,,,,,,,,,,,,,,,,,,,,,,,,,,,,,
22-12-2025,HR627,Rambir Sir,20-12-2025,22-12-2025,,Raja Enterprises Hisar,"dp-1500-2%-3%cd-200 extra
",,,,0,,,,,,10,,,,,,,20,,,,,,,,,,,,,,,,,,,,,,,,,,,,,,,,,,20,,,,,,,,,,,,,,,,,,,,,,,,,,,,,,,,,,,,,,,,,,,,,,,,,,,,,,,,,,,,,,,,,,,,,,,,,,,,,,,,,,,,,,,,,,,,,,,,,,,,,,,,,,,,,,,,,,,,,,,,,,,,,,,,,,,
22-12-2025,HR628,Chander Sir,20-12-2025,22-12-2025,,A To Z Power Solution Dabwali ,DP-1500-2%(18%),,,,0,,,,,,,,,,,5,,,,,,,,,,,,,,,,,,,,,,,,,,,,,,,,,,,,,,,,,10,,,,,,,5,,,,,,,,,,5,,,,,,,,6,,,,,,,,,,,,,,,,,,,,,,,,,,,,,,,,,,,,,,,,,,,,,,,,,,,,,,,,,,,,,,,,,,,,,,,,,,,,,,,,,,,,,,,,,,,,,,,,,,,,,
23-12-2025,HR629,Jagat Sir,20-12-2025,23-12-2025,,Prem Power Solution Hathin,"""DP-1500-2-200
570SY-14.50""",,,dispctcha after 2 lac,0,,,,,,,,,,,,,,,25,20,,,,,,,,,,,,,,,,,,,,,,,,,,,,,,,,,,,,,,,,,,,,,,,,,,,,,,,,,,,,,,,,,,,,,,,,,,,,,,,,,,,,,,,,,,,,,,,,,,,,,,,,,,,,,,,,,,,,,,,,,,,,,,,,,,,,,,,,,,,,,,,,,,,,,,,,,,,,,,,,,,
24-12-2025,HR630 (A),Neeraj Sir,22-12-2025,24-12-2025,,Haseen Battery Meerut (Order A),"""New Dp -1500-2%-200
570 SY-14.50""",,,,0,,,,,,,,,,,10,,,,,,,,,,,,,,,,,,,,,,,,,,,,,,,,,,14,,,,,20,,40,,,,,,,,,,,,,,,,,10,,,,,,,,,,,,,,,,,,10,,,,,,,,,,,,,,,,,,,,,,,,,,,,,,,,,,,,,,,,,,,,,,,,,,,,,,,,,,,,,,,,,,,,,,,,,,,,,,,,,,,,,,,,,,,
24-12-2025,HR630 (B),Neeraj Sir,22-12-2025,24-12-2025,300pc aproved,Haseen Battery Meerut (Order B),"""New Dp -1500-2%-200
570 SY-14.50""",,,dispatch after 25 lac,0,,,,,,,,,,,20,,,,,,,,,,,,,,,,,,,,,,,,,,,,,,,,,,104,,,,,,,35,,,,,,,,,,,,,,,,,5,,,,,,,,,,,,,,,,,,25,,,,15,,,,,,,,,,,,,,,,,,,,,,,,,,,,,,,,,,,,,,,,,,,,,,,,,,,,,,,,,,,,,,,,,,,,,,,,,,,,,,,,,,,,,,,
30-12,HR631,Prem S. Sir,22-12-2025,30-12,,Sahun Inverter Battery Punhana,"DP-1500-2%-200 extra
570-14.50",,,dispatch after 2 lac,0,,,,,,,,,,,,25,,,,,,,,,,,,,,,,,,,,,,,,,,,,,,,,,,23,,,,,,,25,,,,,,,10,,,,,,,,,,,,,,,,,,,,,,,,,,,,,,,,,,,,,,,,,,,,,,,,,,,,,,,,,,,,,,,,,,,,,,,,,,,,,,,,,,,,,,,,,,,,,,,,,,,,,,,,,,,,,,,,,,,,,,
29-12-2025,HR632,Arun Sir,22-12-2025,29-12-2025, ,Saini Batt House Loharu,,,,dispatch after ,0,5,,,,,,,,,,5,,,,,,,,,,,,,,,,,,,,,,,,,,,,10,,,,,,10,,,,,,,,,,,,,,,,,,,,,,,,,,,,,,,,,,,,,,,,,,,,,,,,,,,,,,,,,,,,,,,,,,,,,,,,,,,,,,,,,,,,,,,,,,,,,,,,,,,,,,,,,,,,,,,,,,3,,,,,,,,,,,,,,,,,,,
,HR633,Chander Sir,22-12-2025,23-12-2025,,New Unique Ent. Sirsa,,,,,0,,,,,,,,,,,,,,,,,,,,,,,,,,,,,,,,,,,,,,,,,,,,,,,,,,,,,,,,,,,,,,,,20,,,,,,,,,,,,,,,,,,,,,,,,,,,,,,,,,,,,,,,,,,,,,,,,,,,,,,,,,,,,,,,,,,,,,,,,,,,,,,,,,,,,,,,,,,,,,,,,,,,,,,,,,,,,,,,,,,
23-12-2025,HR634,Munender Sir,23-12-2025,23-12-2025,,Verma Inverter Battery Service Centre Hisar,Service Centre,,,,0,,,,,,,,1,,,,,,,,2,,,,,,,,,,,,,,,,,,,,,,,,,,,,,,,,,,,,,,,,,15,,,,,,,4,,,,,,,,,,,,,,,,,,,,,,,,,,,,,,,,,,,,,,,,,,,,,,,,,,,,,,,,,,,,,,,,,,,,,,,,,,,,,,,,,,,,,,,,,,,,,,,,,,,,,,,,,,,,,,,,,,
24-12-2025,HR635,Rambir Sir,23-12-2025,24-12-2025,,Bala Ji Battery Tohana,,,,,0,,,,,,,,,,,,,,,,,,,,,,,,,,,,,,,,,,,,,,,,,,,,,,,,,,,,,,,,,,,,,,,,,,,,,,,,,,,,,,,,,,,,,,,,,,,,5,,,,,,,,,,,,,,,,,,,,,,,,,,,,,,,,,,,,,,,,,,,,,,,,,,,,,,,,,,,,,,,,,,,,,,,,,,,,,,,,,,,,,,
29-12-2025,HR636,Salman sir,23-12-2025,29-12-2025,,Ratan Power System Firozabad ,,,,dispatch after 5 lac,0,,,,,,,,,,,40,,,,,,,,,,,,,,,,,,,,,,,,,,,,,,,,,,,,,,,,,,,,,,,,10,,,,,,,3,,,,,,,,,,,3,,,,,,,,,,,,,,,,,,,,,,,,,,,,,,,,,,,,,,,,,,,,,,,,,,,,,,,,,,,,,,,,,,,,,,,,,,,,,,,,,,,,,,,,,,,,,,,,,,,,,
26-12-2025,HR637,Jagat Sir,23-12-2025,26-12-2025,,Prem Power Solution Hathin,,,,,0,,,,,,,,,,,,,,,25,25,,,,,,,,,,,,,,,,,,,,,,,,,,,,,,,,,,,,,,,,,,,,,,,,,,,,,,,,,,,,,,,,,,,,,,,,,,,,,,,,,,,,,,,,,,,,,,,,,,,,,,,,,,,,,,,,,,,,,,,,,,,,,,,,,,,,,,,,,,,,,,,,,,,,,,,,,,,,,,,,,,
29-12-2025,HR638,Prem S. Sir,24-12-2025,29-12-2025,,M.R Enterprises Punhana(Mubarik),,,,50k with mat,0,,,,,,,,,,,5,,,,,5,,,,,,,,,,,,,,,,,,,,,,,,,,,,,5,,,,,5,,5,,,,,5,,5,,,,,5,,,,,,,,,,,,,,,,,,,,,,,10,,,,,,,,,,,,,,,,,,,,,,,,,,,,,,,,,,,,,,,,,,,,,,,,,,,,,,,,,,,,,,,,,,,,,,,,,,,,,,,,,,,,,,,,,,,
25-12-2025,HR639,Rambir Sir,24-12-2025,25-12-2025,,Sagar Elc. Hisar,,,,,0,,,,,,,,,,,20,,,,5,,,,,,,,,,,,,,,,,,,,,,,,,,,,,,,,,,5,,,,,,,,,,,,,,,,,,,,,,,,,,,,,,,,,,,,,,,,,,,,,,,,,,,,,,,,,,,,,,,,,,,,,,,,,,,,,,,,,,,,,,,,,,,,,,,,,,,,,,,,,,,,,,,,,,,,,,,,,,,,,,,,,
26-12-2025,HR640,Arun Sir,25-12-2025,26-12-2025,,Jai Bala Ji Comunication Narnaul,,,2 foc tt17536,,0,,,,,,,,,,,,,,,5,10,,,,,,,,,,,,,,5,,,,,,,,,,,,,,,,,,,,2,,,,,,,5,,,,,,,5,,,,,,,,,,,,,,,,,,,,,,,,,,,,,,,,,,,,,,,,,,,,,,,,,,,,,,,,,,,,,,,,,,,,,,,,,,,,,,,,,,,,,,,,,,,,,,,3,,,,,,,,,,,,,,,,,,,
29-12-2025,HR641,Salman sir,25-12-2025,29-12-2025,,Murti Battery Agra,,,,dispatch after 4 lac,0,,,,,,,,,,,,,,,,,,,,,,,,,,,,,,,,,,,,,,,7,,,,,,10,,,,,,,,,,,,,,20,,,,,,,,,,,,,,,,,,,,,,,,,,,,,,,,,,,,,,,,,,,,,,,,,,,,,,,,,,,,,,,,,,,,,,,,,,,,,,,,,,,,,,,,,,,,,,,,,,,,,,,,,,,,,,,,,,,,,,,
25-12-2025,HR642,Ravinder Sir,25-12-2025,25-12-2025,,Dhillon Elc. Pehowa,,,,,0,,,,,,,,,,,,,,,,,,,,,,,,,,,,,,,,,,,,,,,,,,,,,,,,,,,,15,,,,,,,,,,,,,,,,,,,,,,,,,,,,,,,,,,,,,,,,,,,,,,,,,,,,,,,,,,,,,,,,,,,,,,,,,,,,,,,,,,,,,,,,,,,,,,,,,,,,,,,,,,,,,,,,,,,,,,,,,,,,,,
29-12-2025,HR643,Deepak Sir,25-12-2025,29-12-2025,,Neha Elc. Sonipat,,,,,0,,10,,,,,,,,,,,,,,,,,,,,,,,,,,,,,,,,,,,,,,,,,,,,,,,,,,,40,,,,,,,,,,,,,,,,,,,,,,,,,,,,,,,,,,,,,,,,,,,,,,,,,,,,,,,,,,,,,,,,,,,,,,,,,,,,,,,,,,,,,,,,,,,,,,,,,,,,,,,,,,,,,,,,,,,,,,,,,,,,,
31-12,HR644,Manoj Sir,26-12-2025,31-12,,Moradabad Electronics Moradabad ,,,,dispatch after 2.5 lac,0,,,,,,8,,,,,,,,,,2,,,,,,,,,,,,,,,,,,,,,,,5,,,,25,,,5,,,,10,,,,,,,,,,,,,,,,,,,,,,,,,,,,,,,,,,,,,2,,,3,,,,,,,,,,,,,,,,,,,,,,,,,,,,,,,,,,,,,,,,,,,,,,,,,,,,,,,,,,,,,,,,,,,,,,,,,,,,,,,,,,,,,,,,
27-12,HR645,Rambir Sir,26-12-2025,27-12,,Durga Battery Fathebad,,,,,0,,,,,,,,,,,,,,,,5,,,,,,,,,,,,,,,,,,,,,,,,,,,5,,,,,,,15,,,,,,,,,,,,,,,,,,,,,,,,,,,,,,,,,,,,,,,,,,,,,,,,,,,,,,,,,,,,,,,,,,,,,,,,,,,,,,,,,,,,,,,,,,,,,,,,,,,,,,,,,,,,,,,,,,,,,,,,,,,,,,,,
31-12-2025,HR646,Salman sir,26-12-2025,31-12-2025,4-1-2026,Shubh Battery House Mathura,,,,15/1. 8 lac+ 2 20/1,0,,,,,,,,,,,,14,,,,,,,,,,,,,,,,,,,,,,,,,,,,12,,,,,,18,,,,,,,,,,,,,,18,,,,,,,6,,,8,,,,6,,,,,,,,,,,,,,24,,,,6,,,,,,,,,,,,,,,,,,,,,,,,,,,,,,,,,,,,,,,,,,,,,,,,,,,,,,,,,,,,,,29,,,,,,,,,,,,,,,,,,,,,,,,
29-12-2025,HR647,Salman sir,26-12-2025,29-12-2025,,Sun Light Battery Mathura,,,,dispatch after 10 lac,0,,,,,,,,,,,,,,,,,,,,,,,,,,,,,,,,,,,,,,,27,,,,,,30,,,,,,,,,,,,,,35,,,,,,,,,,,,,,,,,,,,,,,,,,,,30,,,,,,,,,,,,,,,,,,,,,,,,,,,,,,,,,,,,,,,,,,,,,,,,,,,,,,,,,,,,,,,,,,,29,,,,,,,,,,,,,,,,,,,,,,,,
28-12-2025,HR648,Rambir Sir,26-12-2025,28-12-2025,,Bala Ji Battery Tohana,,,,,0,,20,,,,,,,,,,20,,,,,,,,,,,,,,,,,,,,,,,,,,,,,,,,,,,,,,,,,,,,,,,,,,,,,,,,,,,,,,,,,,,,,,,,,,,,,,,,,,,,,,,,,,,,,,,,,,,,,,,,,,,,,,,,,,,,,,,,,,,,,,,,,,,,,,,,,,,,,,,,,,,,,,,,,,,,,,,,,,,,,,
29-12-2025,HR649,Ravinder Sir,26-12-2025,29-12-2025,,Verma Elc. Nohar Bhadra,,,,,0,15,,,,,,,15,,,,,,,,,,,,,,,,,,,,,,,,,,,,,,,24,,,,,,20,,,,,,,6,,,,,,,,,,,,,,,,,6,,,,,,,,2,,,,,,,,,,6,,,,,,,,,,,,,,,,,,,,,,,,,,,,,,,,,,,,,,,,,,,,,,,,,,,,,,,,,,,,,,,,,,,,,,,,,,,,,,,,,,,,,,,,,,,
29-12-2025,HR650,Arun Sir,28-12-2025,29-12-2025,,Ashok Yadav Elc Hardware Satnali,,,,with mat 1 lac,0,,,,,,,,,,,,,,,15,,,,,,,,,,,,,,5,,,,,,,,,,,,,,,,,,,,,10,,,,,,10,,,,,,,10,,,,,,,,,,,,,,,,,,,,,,,,,11,,,,,,,,,,,,,,,,,,,,,,,,,,,,,,,,,,,,,,,,,,,,,,,,,,,,,,,,,,,,,,,,,,,,,,,3,,,,,,,,,,,,,,,,,,,
31-12-2025,HR651,Arun Sir,28-12-2025,31-12-2025,4/1/26,Akash Inv Batt Bawal,,,,,0,,,,,,,,,,,,,,,,20,,,,,,,,,,,,,,,,,,,,,,,,,,,,,,,,,,,,,,,,,20,,,,,,,15,,,,,,,,,,,,,,,,,,,,,,,,,,,,,,,,,,,,,,,,,,,,,,,,,,,,,,,,,,,,,,,,,,,,,,,,,,,,,,,,,,,,,,,,,,,,,,,3,,,,,,,,,,,,,,,,,,,
29-12-2025,HR652,Arun Sir,28-12-2025,29-12-2025,,S.K Group Bhojawas,,,,,0,,,,,,,,,,,,,,,10,,,,,,,,,,,,,,,,,,,,,,,,,,,,,,,,,,,,,,,,,6,,,,,,,5,,,,,,,,,,,,,,,,,,,,,,,,,,,,,,,,,,,,,,,,,,,,,,,,,,,,,,,,,,,,,,,,,,,,,,,,6,,,,,,,,,,,,,,,,,,,,,,,,,,,,,,,,,,,,,,,,,,,
29-12-2025,HR653,Arun Sir,28-12-2025,29-12-2025,,Bharat Battery Dharuhera,,,,with mat 50k,0,,,,,,,,,5,,,20,,,,,,,5,,,,,,,,,,,,,,,,,,,,,,,,,,,,,,,,,,,,,,,,,5,,,,,,,,,,,,,,,,,,,,,,,,,,,,5,,,,,,,,,,,,,,,,,,,,,,,,,,,,,,,,,,,,,,,,,,,,,,,,,,,,,,,,,,,,,,,,,,,,,,,,,,,,,,,,,,,,,,,,,,
30-12-2025,HR654,Jagat Sir,29-12-2025,30-12-2025,,Prem Power Solution Hathin,,,,,0,,,,,,,,,,,,,,,25,10,,,,,,,,,,,,,,,,,,,,,,,,,,,,,,,,,,15,,,,,,,,,,,,,,,,,,,,,,,,,,,,,,,,,,,,,,,,,,,,,,,,,,,,,,,,,,,,,,,,,,,,,,,,,,,,,,,,,,,,,,,,,,,,,,,,,,,,,,,,,,,,,,,,,,,,,,,,,,,,,,,,
30-12-2025,HR655,Rambir Sir,29-12-2025,30-12-2025,,Raja Enterprises Hisar,,,,national,0,,20,,,,,20,,,,,,,,,,,,,,,,,,,,,,,,,,,,,,,,,,,,,,,,,,,,,,,,,,,,,,,,,,,,,,,,,,,,,,,,,,,,,,,,,,,,,,,,,,,,,,,,,,,,,,,,,,,,,,,,,,,,,,,,,,,,,,,,,,,,,,,,,,,,,,,,,,,,,,,,,,,,,,,,,,,,,,,,,,,
30-12-2025,HR656,Rambir Sir,29-12-2025,30-12-2025,,Raja Enterprises Hisar,,,,,0,30,30,20,,,20,,,,,50,20,20,,,20,,,,,,,,,,,,,,,,,,,,,,,30,,,,,,20,30,,,,,,,,,,,,,,,,,,,,,10,,,20,,,,,,,,,,,,,,,,,10,20,10,,,,,,,,,,20,,,,,,,,,,,,,,,,,,,,,,,,,,,,,,,,,,,,,,,,,,,,,,,,,,,,,,,,,,,,,,,,,,,,,,,,,,,,,,,
31-12-2025,HR657,Deepak Sir,29-12-2025,31-12-2025,4/1/26,Inverter Plaza Rohtak,all apporved,111 pc,161-50 (pahle apporved),50pc aproved,0,,,,,,4,,,,,27,20,,,,10,,,,,,,,,,,,,,,,,,,,,,,,,,,,,,,,,,,,40,40,,,,20,,,,,,,,,,,,,,,,,,,,,,,,,,,,,,,,,,,,,,,,,,,,,,,,,,,,,,,,,,,,,,,,,,,,,,,,,,,,,,,,,,,,,,,,,,,,,,,,,,,,,,,,,,,,,,,,,,,,,,,,,
30-1-2026,HR658,Arun Sir,30-12-2025,30-1-2026,,D.R Radio Charkhi Dadri,,,,,0,,20,,,,,,,,,,50,,,,,,,,,,,,,,,,,,,,,,,,,,,,,,,,,,30,,,,,,,,,,,,,,,,,,,,,,,,,,,,,,,,,,,,,,,,,,11,,,,,,,,,,,,,,,,,,,,,,,,,,,,,,,,,,,,,,,,,,,,,,,,,,,,,,,,,,,,,,,,,,,,,,,6,,,,,,,,,,,,,,,,,,,
1-1-2026,HR660,Munender Sir,30-12-2025,1-1-2026,,Paras Enterprises Service Centre Jind,,,,,0,5,,,,,,,,,,5,,,,,,,,,,,,,,,,,,,,,,,,,,,,,,,,,,,,,,,,,10,,,,,,,,,,,,,,,,,,,,,,,,,,,,,,,,,,,,,,,,,,,,,,,,,,,,,,,,,,,,,,,,,,,,,,,,,,,,,,,,,,,,,,,,,,,,,,,,,,,,,,,,,,,,,,,,,,,,,,,,,,,,,,
5-1-2026,HR661,Munender Sir,30-12-2025,5-1-2026,,Suraj Power Solution Service Centre Nuh,,,,2 charger 12-24v/10am,0,3,,,,,,,,,,5,,,,,,,,,,,,,,,,,,,,,,,,,,,,,,,,,,5,,,,,,,5,,,,,,,3,,,,,,,,,,,,,,,,,,,,,,,,,,,,,,,,,,,,,,,,,,,,,,,,,,,,,,,,,,,,,,,,,,,,,,,,,,,,,,,,,,,,,,,,,,,,,,,,,,,,,,,,,,,,,,,,,,,,,,,
5-1-2026,HR662,Munender Sir,30-12-2025,5-1-2026,,Hanumant Traders Service Centre Meham,,,,,0,2,,,,,,,,,,3,,,,,,,,,,,,,,5,,,,,,,,,,,,,,,,,,,,,,,,,,,10,,,,,,,,,,,,,,,,,,,,,,,,,,,,,,,,,,,,,,,,,,,,,,,,,,,,,,,,,,,,,,,,,,,,,,,,,,,,,,,,,,,,,,,,,,,,,,,,,,,,,,,,,,,,,,,,,,,,,,,,,,,,,,
31-12-2025,HR663,Prem S. Sir,31-12-2025,31-12-2025,4/1/26,Sahun Inverter Battery Punhana,,,,7 lac 10/1/26,0,,,,,,,,,,,,30,,,,,,,,,,,,,,,,,,,,,,,,,,,,,,,,,,25,,,,,,,35,,,,,,,21,,,,,,,,,,,,,,,,,,,,,,,,,,,,,,,,,,,,,,,,,,,,,,,,,,,,,,,,,,,,,,,,,,,,,,,,,,,,,,,,,,,,,,,,,,,,,,,,,,,,,,,,,,,,,,,,,,,,,,
2-1-2026,HR664,Akash Sir,31-12-2025,2-1-2026,,Prakashmay Power Solution Bulandshahr ,,,,,0,,,,,,,,,,,,60,,,,20,,,,,,,,,,,,,,,,,,,,,,,,,,,,,,40,,,,,,,40,,,,40,,,50,,,,,,,,,,,,,,,,,,,,,,,,,,,,,,,,50,,,,,,,,,,,,,,,,,,,,,,,,,,,,,,,,,,,,,,,,,,,,,,,,,,,,,,,,,,,,,,,,,,,,,,,,,,,,,,,,,,,,,,
31-12-2025,HR665,Manoj Sir,31-12-2025,31-12-2025,5-1-2026,Balaji Battery Bareilly,,,,,0,,,,,,,,,,,10,,,,,,,,,,,,,,,,,,,,,,,,,,,,,,,,,,90,,,,,,,,,,,,,,50,,,,,,,,,,,,,,,,,,,,,,,,,,,,,,,,,,,,,,,,,,,,,,,,,,,,,,,,,,,,,,,,,,,,,,,,,,,,,,,,,,,,,,,,,,,,,,,,,,,,,,,,,,,,,,,,,,,,,,,
3-1-2026,HR667,Manoj Sir,31-12-2025,3-1-2026,,Sai Enterprise Rampur ,,,,dispatch after 5.5 lac,0,,,,,,,,,,,25,,,,,,,,,,,,,,,,,,,,,,,,,,,,,,,,,,36,,,,,,,,,,,,,,31,,,,,,,,,,,,,,,,,,,,,,,,,,,,8,,,,,,,,,,,,,,,,,,,,,,,,,,,,,,,,,,,,,,,,,,,,,,,,,,,,,,,,,,,,,,,,,,,,,,,,6,,,,,,,,,,,,,,,,,,,
31-12-2025,HR668,Jagat Sir,31-12-2025,31-12-2025,4/1/26,Prem Power Solution Hathin,balance should not be increase by 15 lac max,,order a,total 311 pc aporved payment 25 lac 15/1/26 tak,0,,,,,,,,,,,20,,,,,5,,,,,,,,,,,,,,,,,,,,,,,,,,,,,,,,,15,10,,,,,,,,,,,,,,,,,,,,,,,,,,,,,,,,,,,,,,,,,,,,,,,,,,,,,,,,,,,,,,,,,,,,,,,,,,,,,,,,,,,,,,,,,,,,,,,,,,,,,,,,,,,,,,,,,,,,,,,,,,,,,,,,
31-12-2025,HR669,Jagat Sir,31-12-2025,31-12-2025,4/1/26,Prem Power Solution Hathin,,,order b,total 311 pc aporved payment 25 lac 15/1/26 tak,0,,,,,,,,,,,,,,,,,,,,,,,,,,,,,,,,,,,,,,,,,,,,,,,,,25,25,,,,,,,,,,,,,,,,,,,,,,,,,,,,,,,,,,,,,,,,,,,,,,,,,,,,,,,,,,,,,,,,,,,,,,,,,,,,,,,,,,,,,,,,,,,,,,,,,,,,,,,,,,,,,,,,,,,,,,,,,,,,,,,,
31-12-2025,HR670,Jagat Sir,31-12-2025,31-12-2025,4/1/26,Prem Power Solution Hathin,,,order c,total 311 pc aporved payment 25 lac 15/1/26 tak,0,,,,,,,,,,,,30,,,,,,,,,,,,,,,,,,,,,,,,,,,,,,,,,,20,,,,,,,,,,,,,,,,,,,,,,,,,,,,,,,,,,,,,,,,,,,,,,,,,,,,,,,,,,,,,,,,,,,,,,,,,,,,,,,,,,,,,,,,,,,,,,,,,,,,,,,,,,,,,,,,,,,,,,,,,,,,,,,,,,,,
31-12-2025,HR671,Jagat Sir,31-12-2025,31-12-2025,4/1/26,Prem Power Solution Hathin,,,order d,total 311 pc aporved payment 25 lac 15/1/26 tak,0,,,,,,,,,,,30,,,,,,,,,,,,,,,,,,,,,,,,,,,,,,,,,,20,,,,,,,,,,,,,,,,,,,,,,,,,,,,,,,,,,,,,,,,,,,,,,,,,,,,,,,,,,,,,,,,,,,,,,,,,,,,,,,,,,,,,,,,,,,,,,,,,,,,,,,,,,,,,,,,,,,,,,,,,,,,,,,,,,,,,
31-12-2025,HR672,Jagat Sir,31-12-2025,31-12-2025,4/1/26,Prem Power Solution Hathin,,,order e,total 311 pc aporved payment 25 lac 15/1/26 tak,0,,,,,,,,,,,25,,,,,,,,,,,,,,,,,,,,,,,,,,,,,,,,,,,,,,25,25,,,,,,,,,18,,,,,,,,,,,,,,,,,,,,,,,,,,,,18,,,,,,,,,,,,,,,,,,,,,,,,,,,,,,,,,,,,,,,,,,,,,,,,,,,,,,,,,,,,,,,,,,,,,,,,,,,,,,,,,,,,,,,,,,,
31-12-2025,HR673,Jagat sir,31-12-2025,31-12-2025,4/1/26,Saad Electric Work Badkali,,,,6 lac 5/1 25 no cradit only with advance payment baki 5 16/1/25,0,,,,,,,,,,,20,,,,,15,,,,,,,,,,,,,,,,,,,,,,,,,,,,,6,,,,,,,,,,,,,,25,,,,20,15,,,,,,,,,10,,,,,,,,,,,,,,,,,,,,,,,,,,,,,,,,,,,,,,,,,,,,,,,,,,,,,,,,,,,,,,,,,,,,,,,,,,,,,,,,,,,,,,,,,,,,,,,,,,,,,,,,,
31-12-2025,HR674,Arun Sir,31-12-2025,31-12-2025,4/1/26,Akash Enterprises Mahendergarh,,,dispatch half order after 4 lac baki 5 aane ke baad,4 lac 8/1/25 5 lac 25/1 25,0,,20,,,,,,,,,,50,,,,,,,,,,,,,,,,,,,,,,,,,,,,10,,,,,,50,,,,,,,25,,,,,,,,,,,,,,,,,,,,,,,,,,,,,,,,,,,35,,,,,,,,,,,,,,,,,,,,,,,,,,,,,,,,,,,,,,,,,,,,,,,,,,,,,,,,,,,,,,,,,,,,,,,12,,,,,,,,,,,,,,,,,,,
31-12-2025,HR675,Arun Sir,31-12-2025,31-12-2025,,Dheeraj Elctrical Bahujhorli,,,,dispacth after 1 lac,0,,,,,,,,,,,,5,,,,,,,,,,,,,,,,,,,,,,,,,,,,,,,,,,,,,,,,,5,,,,,,,5,,,,,,,,,,,,,,,,,,,,,,,,,,,,5,,,,,,,,,,,,,,,,,,,,,,,,,,,,,,,,,,,,,,,,,,,,,,,,,,,,,,,,,,,,,,,,,,,,,,,,,,,,,,,,,,,,,,,,,,
31-12-2025,HR676,Ravinder Sir,31-12-2025,31-12-2025,,Manglam Batt Fathebad,,,,,0,,,,,,,,,,,5,,,,,,,,,,,,,,,,,,,,,,,,,,,,,,,,,,6,,,,,,,,,,,,,,,,,,,,,,,,,,,,,,,,,,,,,,,,,,,,,,,,,,,,,,,,,,,,,,,,,,,,,,,,,,,,,,,,,,,,,,,,,,,,,,,,,,,,,,,,,,,,,,,,,,,,,,,,,,,,,,,,,,,,,
31-12-2025,HR677,Ravinder Sir,31-12-2025,31-12-2025,,Gautam Elc. Julana,,,,,0,4,,,,,,,,,,,,,,,,,,,,,,,,,,,,,,,,,,,,,,8,,,,,,8,,,,,,,,,,,,,,,,,,,,,,,,,,,,,,,,,,,,,,,,,,,,,,,,,,,,,,,,,,,,,,,,,,,,,,,,,,,,,,,,,,,,,,,,,,,,,,,,,,,,,,,,,,,,,,,,,,,,,,,,,,,,,,,,,,,,,
31-12-2025,HR678,Ravinder Sir,31-12-2025,31-12-2025,,Malik Battery Uchana,,,,,0,,,,,,,,,,,20,,,,,,,,,,,,,,,,,,,,,,,,,,,,,,,,,,25,,,,,,,,,,,,,,,,,,,,,,,,,,,,,,,,,,,,,,,,,,10,,,,,,,,,,,,,,,,,,,,,,,,,,,,,,,,,,,,,,,,,,,,,,,,,,,,,,,,,,,,,,,,,,,,,,,,,,,,,,,,,,,,,,,,,,,
31-12-2025,HR679,Ravinder Sir,31-12-2025,31-12-2025,,Malik Battery Thurana,,,,,0,,,,,,,,,,,,40,,,,,,,,,,,,,,,,,,,,,,,,,,,,,,,,,,,,,,,,,10,,,,,,,,,,,,,,,,,,,,,,,,,,,,,,,,,,,6,,,,,,,,,,,,,,,,,,,,,,,,,,,,,,,,,,,,,,,,,,,,,,,,,,,,,,,,,,,,,,,,,,,,,,,,,,,,,,,,,,,,,,,,,,
31-12-2025,HR680,Deepak Sir,31-12-2025,31-12-2025,,Neha Elc. Sonipat,,,,,0,,10,,,,,,,,,,10,,,,,,,,,,,,,,,,,,,,,,,,,,,,30,,,,,,20,,,,,,,30,,,,,,,,,,,,,,,,,,,,,,,,,,,,,,,,,,,,,,,,,,,,,,,,,,,,,,,,,,,,,,,,,,,,,,,,,,,,,,,,,,,,,,,,,,,,,,,,,,,,,,,,,,,,,,,,,,,,,,,,,,,,,
31-12-2025,HR681,Arun Sir,31-12-2025,31-12-2025, ,Ajeet Repairing Bawal,,,,discpatch after 2.5 lac,0,,,,,,,,,,,15,,,,,,,,,,,,,,10,,,,,,,,,,,,,,,,,,,,,,,,,,,,,,,,,,10,,,,,,,,,,,,,,,,,,,,,,,,,,,,15,,,,,,,,,,,,,,,,,,,,,,,,,,,,,,,,,,,,,,,,,,,,,,,,,,,,,,,,,,,,,,,,,,,,,,,,3,,,,,,,,,,,,,,,,,,,
31-12-2025,HR682,Ravinder Sir,31-12-2025,31-12-2025,4/1/26,R.K Power Hansi,,,,2 8/1/25//6 lac 15/1/25 uske baad matrial dispatch,0,,,,,,,,,,,,,,,,,,,,,,,,,,,,,,,,,,,,,,,,,,,,,87,,,,,,,,,,,,,,,,,,,,,,,,,,,,,,,,,,,,,,,,,,,,,,,,,,,,,,,,,,,,,,,,,,,,,,,,,,,,,,,,,,,,,,,,,,,,,,,,,,,,,,,,,,,,,,,,,,,,,,,,,,,,,,,,,,,,,
31-12-2025,HR683,Salman sir,31-12-2025,31-12-2025,68 pc aproved,Jhilmil Elrctronics & Inverter Battery House Mainpuri,,,,dispatch after 3 lac,0,,,,,,,,,,,,8,,,,,,,,,,,,,,,,,,,,,,,,,,,,,,,,,,,,,,,,,8,,,,,,,8,,,,,,,4,,,,,,,,,,,,,,,,,,,,,10,,,,,,,,,,,,,,,,,,,,,,,,,,,,,,,,,,,,,,,,,,,,,,,,,,,,,,,,,,,,,,,,,,19,,,,,,,,,,,,,,,,,,,,,,,,
31-12-2025,HR684,Deepak Sir,31-12-2025,31-12-2025,4/1/26,Deep Trading Co. Farmana,,,,3.5.lac 5/1/25 balance should not be more than 6-7 lac,0,11,,,,,,,,,,20,,20,,,,,,,,,,,,,,,,,,,,,,,,,,10,,10,,,,,,20,,,,,10,,10,,,,,,,,,,,,,,,,,,,,,,,,,,,,,,,,,,,,,,,,,,,,,,,,,,,,,,,,,,,,,,,,,,,,,,,,,,,,,,,,,,,,,,,,,,,,,,,,,,,,,,,,,,,,,,,,,,,,,,,,,,,,
1-1-2026,HR685,Prem S. Sir,31-12-2025,1-1-2026,,M.R Enterprises Punhana(Mubarik),,,,dispatch after 1 lac,0,,,,,,,,,,,,,,,,10,,,,,,,,,2,,,,,3,,,,,,,,,,,,,,,5,,,,,10,,10,,,,,10,,,,,,,,,,,,,,,,,,,,,,,,,,,,,,,,,,,,,,,,,,,,,,,,,,,,,,,,,,,,,,,,,,,,,,,,,,,,,,,,,,,,,,,,,,,,,,,,,,,,,,,,,,,,,,,,,,,,,,,,,
1-2-2026,HR688,Rambir Sir,31-12-2025,2-1,,Sagar Elc. Hisar,,,,,0,,,,,,,,,,,11,,,,,,,,,,,,,,,,,,,,,,,,,,,,,,,,,,10,,,,,,,,,,,,,,,,,,,,,,,,,,,,,,,,,,,,,,,,,,,,,,,,,,,,,,,,,,,,,,,,,,,,,,,,,,,,,,,,,,,,,,,,,,,,,,,,,,,,,,,,,,,,,,,,,,,,,,,,,,,,,,,,,,,,,
31-12-2025,HR689,Arun Sir,31-12-2025,31-12-2025,4/1/26,Aggarwal Trading Narnaul,,,5 lac 6/1/26,595-13 panel,0,20,,,,,,,,,,50,,,,,,,,,,,,,,30,,,,,,,,,,,,,,,,,,,,61,,,,,,,,,,,,,,,,,,,,,,,,,,,,,,,,,,,,,,,,,,20,,,,40,,,,,,,,,,,,,,,,,,,,,,,,,,,,,,,,,,,,,,,,,,,,,,,,,,,,,,,,,,,,,,,,,,,,,,,,,,,,,,,,,,,,,,,
1-2-2026,HR690,Ravinder Sir,31-12-2025,2-1,,Bansal Elc. Uklana,,,,With Panel,0,,,,,,,,,,,,,,,,,,,,,,,,,,,,,,,,,,,,,,,,,,,,,5,,,,,,,5,,,,,,,,,,,,,,,,,,,,,,,,,,,,,,,,,,,,,,,,,,,,,,,,,,,,,,,,,,,,,,,,,,,,,,,,,,,,,,,,,,,,,,,,,,,,,,,,,,,,,,,,,,,,,,,,,,,,,,,,,,,,,,
2-12-2026,HR691,Jagat Sir,3-1-2025,2-12-2026,50pc aproved,Saad Elctric Badkali,DP-1500-2%-200,,,,0,,,,,,,,,,,,5,,,10,5,,,,,,,,,,,,,,,,,,,,,,,,,,,,,15,5,,,10,,,,,,,,,,,,,,,5,,,,,,,,,,,,,10,,,,,,,,,,,,,,,,,,,,,,,,,,,,,,,,,,,,,,,,,,,,,,,,,,,,,,,,,,,,,,,,,,,,,,,,,,,,,,,,,,,,,,,,,,,,,,,,,,,,,
1-7-2025,HR692,Munender Sir,5-1-2025,1-7-2025,,Dhanlaxmi Ent. Service Centre Rampur ,,,,,0,,,,,,,,,,,1,,,,,,,,,,,,,,,,,,,,,,,,,,,,,,,,,,14,,,,,,,,,,,,,,1,1,,,,,,,,,,,,,,,,,,,,,,,,,,,1,,,,,,,,,,,,,,,,,,,,,,,,,,,,,,,,,,,,,,,,,,,,,,,,,,,,,,,,,,,,,,,,,,,,,,,,,,,,,,,,,,,,,,,,,,,
1-6-2026,HR693,Munender Sir,6-1-2026,1-6-2026,,Kalka Enterprises Service Centre Gurgaon,Service Centre,,,,0,,,,,,,,,,,4,,,,,,,,,,,,,,,,,,,,,,,,,,,,,,,,,,,,,,,,,2,,,,,2,,,,,,,,,,,,,,,,,,,,,,,,,,,,,,,,,,,,,,,,,,,,,,,,,,,,,,,,,,,,,,,,,,,,,,,,,,,,,,,,,,,,,,,,,,,,,,,,,,,,,,,,,,,,,,,,,,,,,,,,,
#REF!,HR694,Munender Sir,9-1-2026,9/1/26,,Verma Inverter Battery Service Centre Hisar,,,,,0,,,,,,,,,,,,3,,,,,,,,,,,,,,,,,,3,,,,,,,,,,,,,,,,,,,,,,4,,3,,,3,,,,,,,,,,,,,,,,,,,,,,,,,,,,,,,,,,,,,,,,,,,,,,,,,,,,,,,,,,,,,,,,,,,,,,,,,,,,,,,,,,,,,,,,,,,,,,,,,,,,,,,,,,,,,,,,,,,,,,,,,
1-9-2026,HR695,Munender Sir,9-1-2026,9/1/26,,Vikash Elc. Service Centre Hisar,,,,,0,2,,,,,,,,,,,,,,,,,,,,,,,,6,,,,,,,,,,,,,,,,,,,,2,,,,,,,15,,,,,,,,,,,,,,,,,,,,,,,,,,,,,,,,,,,,,,,,,,,,,,,,,,,,,,,,,,,,,,,,,,,,,,,,,,,,,,,,,,,,,,,,,,,,,,,,,,,,,,,,,,,,,,,,,,,,,,,,,,,,,,
13/1/26,HR696,Prem S. Sir,6-1-2026,13/1/26,,M.R Enterprises Punhana(Mubarik),dec closing,,,after 2 lac till 17/1/26,0,,,,,,,,,,,15,,,,,10,,,,,,,,,,,,,,,,,,,,,,,,,,,,,15,,,,,15,,15,,,,,10,,10,,,,,5,,,,,,,,,,,,,,,,,,,,,,,10,,,,,,,,,,,,,,,,,,,,,,,,,,,,,,,,,,,,,,,,,,,,,,,,,,,,,,,,,,,,,,,,,,,,,,,,,,,,,,,,,,,,,,,,,,,
Cancle,HR699,Ravinder Sir,8-1-2026,Cancle,,Chahal Meham ,,,1 Battery Sevice,,0,,,,,,,,,,,,,,,,,,,,,,,,,,,,,,,,,,,,,,,,,,,,,,,,,,,,,,,,,,,,,,,,,,,,,,,,,,,,,,,,,,,,,,,,,,,,,,,,,,,,,,,,,,,,,,,,,,,,,,,,,,,,,,,,,,,,,,,,,,,,,,,,,,,,,,,,,,,,,,,,,,,,,,,,,,,,,,,,,,
17-1-2026,HR700(A),Chander Sir,10-1-2026,17-1-2026,,New Unique Ent. Sirsa(Order A),,,Order A,,0,,,,,,,,,,,3,,,,,,,,,,,,,,,,,,,,,,,,,,,,,,,,,,5,,,,,,,,,,,,20,,,,,,,10,,,,,,,,,,,,,,,,,,,,,,,,,,,2,,,,,,,,,,,,,,,,,,,,,,,,,,,,,,,,,,,,,,,,,,,,,,,,,,,,,,,,,,,,,,,,,,,,,,,,,,,,,,,,,,,,,,,
17-1-2026,HR700(B),Chander Sir,10-1-2026,17-1-2026,,New Unique Ent. Sirsa(Order B),,,,,0,,,,,,,,,,,,,,,,10,,,,,,,,,,,,,,,,,,,,,,,,,,,,,,,,,,,,,,,,,,,,,,,,10,,,,,,,,,,,,,,,,,,,,,,,4,,,,,,,,,,,,,,,,,,,,,,,,,,,,,,,,,,,,,,,,,,,,,,,,,,,,,,,,,,,,,,,,,,,,,,,,,,,,,,,,,,,,,,,,,,,
27-1-2026,HR701,Chander Sir,10-1-2026,27-1-2026,,New Unique Ent. Sirsa,,,Order B,,0,,,,,,,,,,,,,,,,10,,,,,,,,,,,,,,,,,,,,,,,,,,,,,,,,,,,,,,,,,20,,,,,,,30,,,,,,,,,,,,,,,,,,,,,,,,,,,,,,,,,,,,,,,,,,,,,,,,,,,,,,,,,,,,,,,,,,,,,,,,,,,,,,,,,,,,,,,,,,,,,,6,,,,,,,,,,,,,,,,,,,,
31/12/26,HR702,Chander Sir,10-1-2026,31/12/26,,New Unique Ent. Sirsa,,89,Order C,,0,,,,,,,,,,,,10,,,,5,,,,,,,,,,,,,,,,,,,,,,,,,,,,,,4,,,,44,,,,,,,6,,,,,,,,,,10,,,,,,,,,,,,,,,,,,,,,,,,,10,,,,,,,,,,,,,,,,,,,,,,,,,,,,,,,,,,,,,,,,,,,,,,,,,,,,,,,,,,,,,,,,,,6,,,,,,,,,,,,,,,,,,,,
31-12-2025,HR703,Jagat sir,13-1-2026,31-12-2025,,Shiva Ent. Palwal,,,,,0,,,,,,,,,,,15,,,,,10,,,,,,,,,,,,,,,,,,,,,,,,,,,,,10,,,,,10,,,,,,,,,,,,,,5,,,,,,,,,,,,,,,,,,,,,,,,,,,,,,,,,,,,,,,,,,,,,,,,,,,,,,,,,,,,,,,,,,,,,,,,,,,,,,,,,,,,,,,,,,,,,,,,,,,,,,,,,,,,,,,,,,
31-12-2025,HR704,Jagat sir,13-1-2026,31-12-2025,,Shiva Ent. Palwal,,,,,0,,,,,,,,,,,,,,,,,,,,,,,,,,,,,,,,,,,,,,,,,,,,,,,,,,,,,,,,,,,,,,,,,,,,,,,,,,,,,,,,,,,,,,,,,,,,,,,,,,,,,,,,,,,,,,,,,,,,,,,,,,,,,,,,,,,,,,,,,,,,,,,,,,,,,,,,,,,,,,,,,,,,,8,2,,,,,,,,,,,,
31-12-2025,HR705(A),Jagat sir,13-1-2026,31-12-2025,,Shiva Ent. Palwal(Order A),,,,,0,,,,,,,,,,,,21,,,,,,,,,,,,,,,,,,,,,,,,,,,,,,,,,,29,,,,,,,,,,,,,,,,,,,,,,,,,,,,,,,,,,,,,,,,,,,,,,,,,,,,,,,,,,,,,,,,,,,,,,,,,,,,,,,,,,,,,,,,,,,,,,,,,,,,,,,,,,,,,,,,,,,,,,,,,,,,,,,,,,,,
24-1-2026,HR705(B),Jagat sir,13-1-2026,24-1-2026,80,Shiva Ent. Palwal(Order B),,,,,0,,,,,,,,,,,,20,,,5,,,,,,,,,,,,,,,,,,,,,,,,,,,,,,25,25,,,,,,,,,,,,,,,,,,,,,,,,,,,,,,,,,,,,,,,,,,,,,,,,,,,,,,,,,,,,,,,,,,,,,,,,,,,,,,,,,,,,,,,,,,,,,,,,,,,,,,,,,,,,,,,,,,,,,,,,,,,,,,,,,,,,
Cancle,HR706,Deepak Sir,13-1-2026,Cancle,,Inverter Plaza Rohtak,,,,,0,,,,,,,,,,,40,20,,,,10,,,,,,,,,,,,,,,,,,,,,,,,,,,,,,,,,,,,70,75,,,,40,,,,,,,15,,,,,,,,,,,,,,,,,,,,,,,,20,,,,,,,,,,,,,,,,,,,,,,,,,,,,,,,,,,,,,,,,,,,,,,,,,,,,,,,,,,,,,,,,,,,,,,18,,,,,,,,,,,,,,,,,,,,
31-12-2025,HR707,Ravinder Sir,14-1-2026,31-12-2025,,Malik Battery Uchana(Order B),DP-1500-2%-200,,,,0,,,,,,,,,,,20,,,,,,,,,,,,,,,,,,,,,,,,,,,,,,,,,,0,,,,,,,100,,,,,,,,,,,,,,,,,,,,,,,,,,,,,,,,,,,,,,,,,,,,,,,,,,,,,,,,,,,,,,,,,,,,,,,,,,,,,,,,,,,,,,,,,,,,,,,,,,,,,,,,,,,,,,,,,,,,,,,,,,,,,,
31-1-2026,HR707,Ravinder Sir,14-1-2026,31-1-2026,100 pc app,Malik Battery Uchana(Order A),,,,,100,,,,,,,,,,,40,20,,,,,,,,,,,,,,,,,,,,,,,,,,,,,,,,,20,,,,,,,20,,,,,,,,,,,,,,,,,,,,,,,,,,,,,,,,,,,,,,,,,,,,,,,,,,,,,,,,,,,,,,,,,,,,,,,,,,,,,,,,,,,,,,,,,,,,,,,,,,,,,,,,,,,,,,,,,,,,,,,,,,,,,,
31-12-2025,HR707(C),Ravinder Sir,14-1-2026,31-12-2025,,Malik Battery Uchana(Order C),DP-1500-2%-200,,,,0,,,,,,,,,,,100,,,,,,,,,,,,,,,,,,,,,,,,,,,,,,,,,,,,,,,,,,,,,,,,,,,,,,,,,,,,,,,,,,,,,,,,,,,,,,,,,,,,,,,,,,,,,,,,,,,,,,,,,,,,,,,,,,,,,,,,,,,,,,,,,,,,,,,,,,,,,,,,,,,,,,,,,,,,,,,,,,,,,,,
31-12-2025,HR708,Ravinder Sir,14-1-2026,31-12-2025,,Malik Battery Thurana,DP-1500-2%-200,,,,0,,,,,,,,,,,,70,,,,30,,,,,,,,,,,,,,,,,,,,,,,,,,,,,,,,,,,,,,,,,,,,,,,,,,,,,,,,,,,,,,,,,,,,,,,,,,,,,,,,,,,,,,,,,,,,,,,,,,,,,,,,,,,,,,,,,,,,,,,,,,,,,,,,,,,,,,,,,,,,,,,,,,,,,,,,,,,,,,,,,,
31-12-2025,HR709,Salman sir,14-1-2026,31-12-2025,,Ratan Power System Firozabad ,,,,,0,,,,,,,,,,,30,,,,,,,,,,,,,,,,,,,,,,,,,,,,,,,,,,8,,,,,,,,,,,,,,,,,,,,,,,,,,,,,,,,6,,,,,,,,,,,,,,6,,,,,,,,,,,,,,,,,,,,,,,,,,,,,,,,,,,,,,,,,,,,,,,,,,,,,,,,,,,,,,,25,,,,,,,,,,,,,,,,,,,,,,,,
24-1-2026,HR710,Ravinder Sir,20-1-2026,24-1-2026,,Nirnjan Auto Narnaund,,,,,0,,,,,,,,,,,10,,,,,,,,,,,,,,,,,,,,,,,,,,,,,,,,,,10,,,,,,,,,,,,,,,,,,,,,,,,,,,,,,,,,,,,,,,,,,5,,,,,,,,,,,,,,,,,,,,,,,,,,,,,,,,,,,,,,,,,,,,,,,,,,,,,,,,,,,,,,,,,,,,,,,,,,,,,,,,,,,,,,,,,,,
16-2,HR711,Arun Sir,21-1-2026,16-2,,Luxmi Dhanonda,old DP-1500-2%-3%200,,,,0,,,,,,,,,,,31,,,,,15,,,,,,,,,5,,,,,,,,,,,,,,,,,,,,15,,,,,10,,5,,,,,10,,,,,,,,,,,,,,,,,,,,,,,,5,,,,,,10,,,,5,,,,,,,,,,,,,,,,,,,,,,,,,,,,,,,,,,,,,,,,,,,,,,,,,,,,,,,,,,,,,,,,,,,6,,,,,,,,,,,,,,,,,,,,
29-1,HR712,Arun Sir,21-1-2026,29-1,,Jai Bala Ji Comunication Narnaul,,,,,0,,,,,,,,,,,,,,,,20,,,,,,,,,,,,,,10,,,,,,,,,,,,,,,,,,,,,,,,,,,10,,,,,,,10,,,,,,,,,,,,,,,,,,,,,,,,,,,,,,,,,,,,,,,,,,,,,,,,,,,,,,,,,,,,,,,,,,,,,,,,,,,,,,,,,,,,,,,,,,,,,,3,,,,,,,,,,,,,,,,,,,,
24-1,HR713,Chander Sir,22-1-2026,24-1,,Sukhija Elc. Sirsa,,,,,0,,,,,,,,,,,,,,,,,,,,,,,,,,,,,,,,,,,,,,,,,,,,,,,,,,,,,,10,,,,,,,,,,,,,,,,,,,,,,,,,,,,,,,,,,,,,,,,,,,,,,,,,,,,,,,,,,,,,,,,,,,,,,,,,,,,,,,,,,,,,,,,,,,,,,,,,,,,,,,,,,,,,,,,,,,,,,,,,,,,
27-1-2026,HR714,Rajesh Sir,27-1-2026,27-1-2026,,Verma Inverter Battery Service Centre Hisar,,,,,0,,,,,,,,,,,,,,,,,,,,,,,,,,,,,,,,,,,,,,,,,,,,,,,,,,,,,,2,,,6,,,,,,,,,,,,,,,,,,,,,,,,,,,,,,,,,,,,,,,,,,,,,,,,,,,,,,,,,,,,,,,,,,,,,,,,,,,,,,,,,,,,,,,,,,,,,,,,,,,,,,,,,,,,,,,,,,,,,,,,,
29-1,HR715,Ravinder Sir,27-1-2026,29-1,,Bansal Elc. Uklana,,,,,0,,,,,,,,,,,4,,,,,,,,,,,,,,,,,,,,,,,,,,,,,,,,,,10,,,,,,,,,,,,,,,,,,,,,,,,,,,,,,,,,,,,,,,,,,,,,,,,,,,,,,,,,,,,,,,,,,,,,,,,,,,,,,,,,,,,,,,,,,,,,,,,,,,,,,,,,,,,,,,,,,,,,,,,,,,,,,,,,,,,,
27-1-2026,HR716,Chander Sir,27-1-2026,27-1-2026,,A To Z Power Solution Dabwali ,,,,,0,,,,,,,,,,,,,,,,,,,,,,,,,,,,,,,,,,,,,,,,,,,,,,,,,,,,,,,,,,,,,,,,,,,,,,,,,,,,,,,,,,,,,,,,,,,,,,,,,,,,,,,,,,,,,,,,,,,,,,,,,,,,,,,,,,,,,,,,,,,,,,,,,,,,,,,,,,,,,,,,,,,,,10,,,,,,,,,,,,,
30-1-2026,HR717,Munender Sir,28-1-2026,30-1-2026,,Paras Enterprises Service Centre Jind,Service Centre,,,,0,,,,,,,,,,,,,,,,,,,,,,,,,,,,,,,,,,,,,,,,,,,,,2,,,,,,,6,,,,,,,,,,,,,,,,,,,,,,,,,,,,,,,,,,,,,,,,,,,,,,,,,,,,,,,,,,,,,,,,,,,,,,,,,,,,,,,,,,,,,,,,,,,,,,,,,,,,,,,,,,,,,,,,,,,,,,,,,,,,,,
30-1-2026,HR718,Munender Sir,29-1-2026,30-1-2026,,Hanumant Traders Service Centre Meham,Service Centre,,,,0,,,,,,,,,,,,,,,,,,,,,,,,,,,,,,,,,,,,,,,1,,,,,,2,,,,,,,6,,,,,4,,,,,,,,,,,,,,,,,,,,,,,,,,,,,,,,,,,,,,,,,,,,,,,,,,,,,,,,,,,,,,,,,,,,,,,,,,,,,,,,,,,,,,,,,,,,,,,,,,,,,,,,,,,,,,,,,,,,,,,,,
16-2,HR719,Manish Sir ,31-1-2026,16-2,,Shubham Batteries Pilibhit ,OLD DP-1500-2%-3%,,,,0,,,,,,,,,,,,,,,,,,,,,,,,,,,,,,,,,,,,,,,,,,,,,,,,,,,,,10,,,,,,,,,,,,,,,,,10,,,,,,,,,,,,10,,,,,,,,,,20,,,,,,,,,,,,,,,,,,,,,,,,,,,,,,,,,,,,,,,,,,,,,,,,,,,,,,,,,,,,,,,,,,,,,,,,,,,,,,,,,,,,,,
2-2-2026,HR720,Chander Sir,31-1-2026,2-2-2026,,A To Z Power Solution Dabwali ,,,,,0,,,,,,,,,,,9,,,,,,,,,,,,,,,,,,,,,,,,,,,,10,,,,,,,,,,,,,,,,,,,,10,,,,,,,,,,5,,,,,,,,6,,,,,,,,,,5,,,,5,,,,,,,,,,,,,,,,,,,,,,,,,,,,,,,,,,,,,,,,,,,,,,,,,,,,,,,,,,,,,,,,,,,,,,,,,,,,,,,,,,,,,,,
31-12-2025,HR722,Sandeep Kaushal Sir ,4-2-2026,31-12-2025,,Raja Ent Hisar ,,,,,0,,,,,,,,,,,,,,,,,,,,,,,,,,,,,,,,,,,,,,,,,,,,,,,,,,,,,,,,,,,,,,,,,,10,20,,,,,,,,,,,,,,,,,,,,,,,,,10,,,,,,,,,,,,,,,,,,,,,,,,,,,,,,,,,,,,,,,,,,,,,,,,,,,,,,,,,,,,,,,,,,,,,,,,,,,,,,,,,,,,,,
20-2,HR723,Prem Sir ,5-2-2026,20-2,,Sahun Inverter Battery Punhana ,DP-1500-2%-200,,new dp,,0,,,,,,,,,,,,30,,,,,,,,,,,,,,,,,,,,,,,,,,,,,,,,,,10,,,,,,,40,,,,,,,40,,,,,,,,,,,,,,,,,,,,,,5,,,,,,20,,,,,,,,,,,,5,,,,,,,,,,,,,,,,,,,,,,,,,,,,,,,,,,,,,,,,,,,,,,,,,,,,,,,,,,,,,,,,,,,,,,,,,,,,,,
Cancle,HR724,Jagat Sir ,6-2-2026,Cancle,,Shiva Ent Palwal,DP-1500-2%-200,,,,0,,,,,,,,,,,30,,,,,30,,,,,,,,,,,,,,,,,,,,,,,,,,,,,20,,,,20,20,,,,,,,,,,,,,,,,,,,,,,,,,,,,,,,,,,,,,,,,,,,,,,,,,,,,,,,,,,,,,,,,,,,,,,,,,,,,,,,,,,,,,,,,,,,,,,,,,,,,,,,,,,,,,,,,,,,,,,,,,,,,,,,,
27-2-2026,HR725,Rambir Sir ,6-2-2026,27-2-2026,30,Renual Solar Energy Siwani ,DP-1500-2%-200 UDC,,,,0,,,,,,,,,,,,10,,,,,,,,,,,,,,,,,,,,,,,,,,,,5,,,,,5,,,,,,,,,,,,,,,,,,,,,,,,,,,,,,,,,,,,,,,,,,5,10,,,5,10,,,,,,,,,,,,,,,,,,,,,,,,,,,,,,,,,,,,,,,,,,,,,,,,,,,,,,,,,,,,,,,,,,,,,,,,,,,,,,,,,,,,,,
19-2,HR726,Prem Sir ,7-2-2026,19-2,150pc aproved,M.R Enterprises Punhana ,DP-1500-2%-200-3% ,,,,0,,,,,,,,,,,15,,,,,20,,,,,,,,,,,,,,,,,,,,,,,,,,,,,25,,,,,30,,30,,,,,30,,20,,,,,10,,,,,,,,,,,,,,,,,10,,,,,,10,,,,,,,,,,,,,,,,,,,,,,,,,,,,,,,,,,,,,,,,,,,,,,,,,,,,,,,,,,,,,,,,,,,,,,,,,,,,,,,,,,,,,,,,,,,
19-2,HR728,Salman Sir ,7-2-2026,19-2,,Ratan Power System ,DP-1500-2%-200,,tt17536 foc ,,0,,,,,,,,,,,30,,,,,,,,,,,,,,5,,,,,,,,,,,,,,,,,,,,2,,,,,,,5,,,,,,,5,,,,,,,,,,,,,,,,,,,,,,,,,,,,,,,,5,,,,,,,,,,,,,,,,,,,,,,,,,,,,,,,,,,,,,,,,,,,,,,,,,,,,,,,,,,,,,,,,,,,,,,,10,,,,,,,,,,,,,,,,
25-2-2026,HR729,Prem Sir ,7-2-2026,25-2-2026,60pc aproved,Aggarwal Enterprises Alwar ,"Old DP-1500-2%-200-3% CD 
595 sy-13.50",,"tt17536 foc -2
3 panel 595 sy- 13.50",,0,,,,,,,,,,,,,,,,10,,,,,,,,,,,,,,,,,,,,,,,,,,,,,2,,,,,,,,,,,,10,,,,,,,40,,,,,,,,,,,,,,,,,,,,,,,,,,,,,,,,,,,,,,,,,,,,,,,,,,,,,,,,,,,,,,,,,,,,,,,,,,,,,,,,,,,,,,,,,,,,,,3,,,,,,,,,,,,,,,,,,,,
28/2/26,HR730,Chander Sir,9-2-2026,28/2/26,2,Guru Nanak Elc Ellenabad,Check Ledger sheet Entry,20 Feb 2026,Check 75 pc has dispatched total 150 pc apporved with 2 lac 1/3/26  Old Price,,0,,,,,,,,,,,10,20,,,,,,,,,,,,,,,,,,,,,,,,,,,,,,,,,20,20,,,,,,,,,,,,,5,,,,,,,,,,,,,,,,,,,,,,5,5,,,,,15,15,,,,,,,,,,,2,2,,,,,,,,,,,,,,,,,,,,,,,,,,,,,,,,,,,,,,,,,,,,,,,,,,,,,,,,,,,,,,,,,,,,,,,,,,,,,,
12-2-2026,HR731,Chander Sir,9-2-2026,12-2-2026,,Guru Nanak Elc Ellenabad,,,,,0,,,,,,,,,,,20,,,,,,,,,,,,,,,,,,,,,,,,,,,,,,,,,,,,,,,,,,,,,,,,,,,,,,,,,,,,,,,,,,,,,,,,,,,,15,15,,,,,,,,,,,,,,,,,,,,,,,,,,,,,,,,,,,,,,,,,,,,,,,,,,,,,,,,,,,,,,,,,,,,,,,,,,,,,,,,,,,,,,,,,,
31-12-2026,HR732,Sandeep Kaushal Sir ,9-2-2026,31-12-2026,,Raja Ent Hisar ,,,,,0,,,,,,,,,,,,,,,,,,,,,,,,,,,,,,,,,,,,,,,,,,,,,,,,,,,,30,,,,,,,,4,,,,,,,,,,,,,,,,,,,,,,,,,,,6,,,,,,,,,,,,,,,,,,,,,,,,,,,,,,,,,,,,,,,,,,,,,,,,,,,,,,,,,,,,,,,,,,,,,,,,,,,,,,,,,,,,,,,,,,,
9-2-2026,HR733,Munender Sir,9-2-2026,9-2-2026,,Verma Inverter Battery Service Centre Hisar,,,,,0,,,,,,,,,,,1,,,,,,,,,,,,,,,,,,,1,,,,,,,,,,,,,,,2,,,,,,,3,,,,,4,,,,,,,2,,,,,,,,,,,,,,,,,,,,,,,,,,,,,,,,,,,,,,,,,,,,,,,,,,,,,,,,,,,,,,,,,,,,,,,,,,,,,,,,,,,,,,,,,,,,,,,,,,,,,,,,,,,,,,,,,,
26-2,HR730,Chander Sir,9-2-2026,26-2,50 pc aproved,Guru Nanak Elc Ellenabad,"old Dp-1500-2%-200 
",,,,0,,,,,,,,,,,10,,,,,,,,,,,,,,,,,,,,,,,,,,,,,,,,,,,,,,,,,,,,,,,,5,,,,,,,,,,,,,,,,,,,,,,,,,,,,,,,,10,,,,,,,,,,,,,,,,,,,,,,,,,,,,,,,,,,,,,,,,,,,,,,,,,,,,,,,,,,,,,,,,,,,,,,,,,,,,,,,,,,,,,,,
23-2-2026,HR734(C),Jagat Sir ,9-2-2026,23-2-2026,,Prem Power Solution Hathin(Order C),,,,,0,,,,,,,,,,,50,,,,50,40,,,,,,,,,,,,,,,,,,,,,,,,,,,,,50,,,,20,30,,,,,,,,,5,,,,,,,,,,,,,,,,,,,,,,,,,,,,5,,,,,,,,,,,,,,,,,,,,,,,,,,,,,,,,,,,,,,,,,,,,,,,,,,,,,,,,,,,,,,,,,,,,,,,,,,,,,,,,,,,,,,,,,,,
31-12-2026,HR734(A),Jagat Sir ,9-2-2026,31-12-2026,,Prem Power Solution Hathin(Order A),,,,,0,,,,,,,,,,,,,,,,,,,,,,,,,,,,,,,,,,,,,,,,,,,,,,,,,,,,,,,,,,,,8,,,,15,,,,,,,,,,,,,,,,,,,,,,,,,,,,,,,,,,,,,,,,,,,,,,,,,,,,,,,,,,,,,,,,,,,,,,,,,,,,,,,,,,,,,,,,,,,,,,,,,,,,,,,,,,,,,,,,,,
13-2,HR734(A),Jagat Sir ,9-2-2026,13-2,,Prem Power Solution Hathin(Order B),,,,dispatch after 2 lac,0,,,,,,,,,,,20,,,,,30,,,,,,,,,,,,,,,,,,,,,,,,,,,,,,,,,,,,,,,,,,,,,,,,,,,,,,,,,,,,,,,,,,,,,,,,,,,,,,,,,,,,,,,,,,,,,,,,,,,,,,,,,,,,,,,,,,,,,,,,,,,,,,,,,,,,,,,,,,,,,,,,,,,,,,,,,,,,,,,,,,
31-12-2025,HR735,Rambir Sir ,10-2-2026,31-12-2025,,Raja Ent Hisar ,,,,,0,,,,,,,,,,,10,,,,,,,,,,,,,,,,,,,,,,,,,,,,,,,,,,,,,,,,,,,,,,,,,,,,,,,,,,,,,,,,,,,,,,,,,,,,,,,,,,,,,,,,,,,,,,,,,,,,,,,,,,,,,,,,,,,,,,,,,,,,,,,,,,,,,,,,,,,,,,,,,,,,,,,,,,,,,,,,,,,,,,,
11-2-2026,HR736,Munender Sir,10-2-2026,11-2-2026,,Suraj Power Solution Service Centre Nuh,Service Centre,,,,0,,,,,,,,,,,,,,,,,,,,,,,,,,,,,,,,,,,,,,,,,,,,,1,1,,,,,,3,4,,,,,,1,1,,,,,,,,,,,,,,,,,,,,,,,,,,,,,,,,,,,,,,,,,,,,,,,,,,,,,,,,,,,,,,,,,,,,,,,,,,,,,,,,,,,,,,,,,,,,,,,,,,,,,,,,,,,,,,,,,,,,,,
11-2-2026,HR737,Munender Sir,10-2-2026,11-2-2026,,Krishna Enterprises Service Centre Sonipat,Service Centre,,,"2 charger 12v,24v/10amp",0,,,,,,,,,,,2,2,,,,,,,,,,,,,,,,,,,,,,,,,,,,,,,,,,,,,,,,,,,,,,,,,,,,,,,,,,,,,,,,,,,,,,,,,,,,,,,,,,,,,,,,,,,,,,,1,,,,,,,,,,,,,,,,,,,,,,,,,,,,,,,,,,,,,,,,,,,,,,,,,,,,,,,,,,,,,,,,,,,,,,,
11-2-2026,HR738,Munender Sir,10-2-2026,11-2-2026,,Davik Inverter Battery Service Centre Palwal,Service Centre,,,,0,,,,,,,,,,,2,,,,,,,,,,,,,,,,,,,,,,,,,,,,,,,,,,,,,,,,,,,,,,,,,,,,,,,,,,,,,,,,,,,,,,2,,,,,,,,,,,,,,,,,,,,,,,,,,,,,,,,,,,,,,,,,,,,,,,,,,,,,,,,,,,,,,,,,,,,,,,,,,,,,,,,,,,,,,,,,,,,,,,,,
11-2-2026,HR739,Munender Sir,10-2-2026,11-2-2026,,Paras Enterprises Service Centre Jind,Service Centre,,,,0,,,,,,,,,,,,,,,,,,,,,,,,,,,,,,,,,,,,,,,,,,,,,2,,,,,,,4,,,,,,,,,,,,,,,,,,,,,,,,,,,,,,,,,,,,,,,,,,,,,,,,,,,,,,,,,,,,,,,,,,,,,,,,,,,,,,,,,,,,,,,,,,,,,,,,,,,,,,,,,,,,,,,,,,,,,,,,,,,,,,
12-2-2026,HR740,Manish Sir ,12-2-2026,12-2-2026,,Solwave Renewable Energy Solution,,,,,0,,,,,,,,,,,,,,,,,,,,,,,,,,,,,,,,,,,,,,,,,,,,,,12,,,,,,,6,,,,,,,12,,,,,,,6,,,,,,,,,,,,,,6,,,,,,,12,,,,,,,,,,,,,,,,,,,,,,,,,,,,,,,,,,,,,,,,,,,,,,,,,,,,,,,,,,,,,,,,9,,,,,,,,,,,,,,,,,,,,,,,,,,
16-2-2025,HR734(B),Jagat Sir ,9-2-2026,16-2-2025,50,Prem Power Solution Hathin(Order B),"old dp-1500-2%-200
595sy-13.50",,2 foc tt1736,,0,,,,,,,,,,,,,,,,10,,,,,,,,,,,,,,,,,,,,,,,,,,,,,2,,,,,,,,,,,,,,10,5,,,,15,,,,,,,,,,,,,,,,,,,,,,,10,,,,,,,,,,,,,,,,,,,,,,,,,,,,,,,,,,,,,,,,,,,,,,,,,,,,,,,,,,,,,,,,,,,,,,,3,,,,,,,,,,,,,,,,,,,,
31-12-2026,HR741,Rambir Sir ,12-2-2026,31-12-2026,,Raja Enterprises Hisar ,,,,,0,10,20,,,,,,,,,,40,,,,,,,,,,,,,,,,,,,,,,,,,,,,10,,,,,,,,,,,,,25,,,,,,,16,,,,,,,20,,,,,,,,,,,,,,,,,,,,10,,,,,16,,,,,,,,,,,,,,,,,,,,,,,,,,,,,,,,,,,,,,,,,,,,,,,,,,,,,,,,,,,,,,,,,,,,,,,,,,,,,,,,,,,,,,
13-2-2026,HR742,Jagat Sir,12-2-2026,13-2-2026,,Saad Elctric Badkali,,,,dispatch after 2 lac,0,,,,,,,,,,,,,,,6,,,,,,,,,,,,,,,,,,,,,,,,,,,,,,,,,,6,,,,,,,,,,,,,,6,,,,,,,,,,,,,,,,,,,,,,,,,,,,,,,,,,,,,,,,,,,,,,,,,,,,,,,,,,,,,,,,,,,,,,,,,,,,,,,,,,,,,,,,,,,,,,,3,,,,,,,,,,,,,,,,,,,,
17-02-2026,HR743,Rajesh Sir,13-2-2026,17-02-2026,,Verma Inverter Battery Service Centre Hisar,,,,,0,2,,,,,,,,,,,,3,,,,,,,,,,,,,,,,,,,,,,,,,,,,,,,,,,,,,,,,,3,,,9,,,,,,,3,,,,,,,,,,,,,2,,,,,,,,,,,,,,,,,,,,,,,,,,,,,,,,,,,,,,,,,,,,,,,,,,,,,,,,,,,,,,,,,,,,,,,,,,,,,,,,,,,,,,,,,,,,,,,,,,,,,
14-2-2026,HR744,Rajesh Sir,13-2-2026,14-2-2026,,Hanumant Traders Service Centre Meham,,,,,0,,,,,,,,,,,2,,,,,,,,,,,,,,,,,,,,,,,,,,,,,,,,,,3,,,,,3,,7,,,,,,,,,,,,,,,,,,,,,,,,,,,,,,,,,,,,,,,,,,,,,,,,,,,,,,,,,,,,,,,,,,,,,,,,,,,,,,,,,,,,,,,,,,,,,,,,,,,,,,,,,,,,,,,,,,,,,,,,,,,,,,
14-2,HR746,Rambir  Sir ,13-2-2026,14-2,,Durga Battery Fathebad,New DP -1500-2%-200-3% CD-3% adv,,,,0,,,,,,,,,,,,,,,,,,,,,,,,,,,,,,,,,,,,,,,,,,,5,,,,,,,10,,,,,,,,,,,,,,,,,,,,,,,,,,,,,,,,,,,,,,,,,,,,,,,,,,,,,,,,,,,,,,,,,,,,,,,,,,,,,,,,,,,,,,,,,,,,,,,,,,,,,,,,,,,,,,,,,,,,,,,,,,,,,,,,
14-2,HR747,Ravinder Sir,13-2-2026,14-2,,Nirnjan Auto Narnaund,,,,,0,,,,,,,,,,,,,,,,,,,,,,,,,,,,,,,,,,,,,,,,,,,,,5,,,,,,,,,,,,,,,,,,,,,,,,,,,,,,,,,,,,,,,,,,10,,,,,,,,,,,,,,,,,,,,,,,,,,,,,,,,,,,,,,,,,,,,,,,,,,,,,,,,,,,,,,,,,,,,,,,,,,,,,,,,,,,,,,,,,,,
18-02-2026,HR748,Munender Sir,14-2-2026,18-02-2026,,M S Battery Service Centre Moradabad,,,,,0,,,,,,,,,,,,,,,,,,,,,,,,,,,,,,,,,,,,,,,,,,,,,,,,,,,,11,,,,,,,7,,,,,,,,,,,,,,,,,,,,,,,,,,,,1,,,,,,,,,,,,,,,,,,,,,,,,,,,,,,,,,,,,,,,,,,,,,,,,,,,,,,,,,,,,,,,,,,,,,,,,,,,,,,,,,,,,,,,,,,,
18-02-2026,HR749,Munender Sir,14-2-2026,18-02-2026,,Sai Rampur ,,,,2350 / 24v PCB - 1,0,,,,,,,,,,,,,,,,,,,,,,,,,,,,,,,,,,,,,,,,,,,,,3,,,,,,,,,,,,,,1,,,,,,,,,,,,,,,,,,,,,,,,,,,,,,,,,,,,,,,,,,,,,,,,,,,,,,,,,,,,,,,,,,,,,,,,,,,,,,,,,,,,,,,,,,,,,,,,,,,,,,,,,,,,,1,,,,,,,,,,
18-02-2026,HR750,Munender Sir,14-2-2026,18-02-2026,,Balaji Battery Bareilly,,,,,0,1,,,,,,,,,,,,,,,,,,,,,,,,,,,,,,,,,,,,,,,,,,,,3,,,,,,,,,,,,,,4,,,,,,,,,,,,,,,,,,,,,,,,,,,,1,,,,,,,,,,,,,,,,,,,,,,,,,,,,,,,,,,,,,,,,,,,,,,,,,,,,,,,,,,,,,,,,,,,,,,,,,,,,,,,,,,,,,,,,,,,
16-2,HR751,Ravinder Sir,14-2-2026,16-2,,Bansal Elc. Uklana,,,,,0,,,,,,,,,,,,,,,,,,,,,,,,,,,,,,,,,,,,,,,,,,,,,12,,,,,,,,,,,,,,,,,,,,,,,,,,,,,,,,,,,,,,,,,,,,,,,,,,,,,,,,,,,,,,,,,,,,,,,,,,,,,,,,,,,,,,,,,,,,,,,,,,,,,,,,,,,,,,,,,,,,,,,,,,,,,,,,,,,,,
18-02-2026,HR752,Munender Sir,17-2-2026,18-02-2026,,Radhe Krishna Power Solution Bsr,,,,"Label Sticker jt18024 LA-1
Carton Box jt18024 LA -1
Label Sticker jt18024 SL- 3
Carton Box jt18024 SL -3
Tape -1",0,,,,,,,,,,,,8,,,,,,,,,,,,,,10,,,,,,,,,,,,,,,,,,,,,,,,,,,25,,,,,,,5,,,,,,,,,,,,,,,,,,,,,,,,,,,,,,,,,,,,,,,,,,,,,,,,,,,,,,,,,,,,,,,,,,,,,,,,,,,,,,,,,,,,,,,,,,,,,,,,,,,,,,,,,,,,,,,,,,,,,,
REPEAT CANCEL,HR754,Munender Sir,18-2-2026,REPEAT CANCEL,,MS Battery Muradabad,,,,,0,,,,,,,,,,,,,,,,,,,,,,,,,,,,,,,,,,,,,,,,,,,,,,,,,,,,11,,,,,,,7,,,,,,,,,,,,,,,,,,,,,,,,,,,,,,,,,,,,,,,,,,,,,,,,,,,,,,,,,,,,,,,,,,,,,,,,,,,,,,,,,,,,,,,,,,,,,,,,,,,,,,,,,,,,,,,,,,,,,,,
REPEAT CANCEL,HR755,Munender Sir,18-2-2026,REPEAT CANCEL,,Balaji Battery Bareilly,,,,,0,1,,,,,,,,,,,,,,,,,,,,,,,,,,,,,,,,,,,,,,,,,,,,2,,,,,,,,,,,,,,3,,,,,,,,,,,,,,,,,,,,,,,,,,,,1,,,,,,,,,,,,,,,,,,,,,,,,,,,,,,,,,,,,,,,,,,,,,,,,,,,,,,,,,,,,,,,,,,,,,,,,,,,,,,,,,,,,,,,,,,,
18-02-2026,HR756,Munender Sir,18-2-2026,18-02-2026,,Astha Electrical Modinagar,,,,,0,,,,,,,,,,,8,,,,,,,,,,,,,,,,,,,,,,,,,,,,,,,,,,,,,,,,,7,,,,,,,,,,,,,,,,,,,,,,,,,,,,,,,,,,,,,,,,,,,,,,,,,,,,,,,,,,,,,,,,,,,,,,,,,,,,,,,,,,,,,,,,,,,,,,,,,,,,,,,,,,,,,,,,,,,,,,,,,,,,,,
18-02-2026,HR757,Munender Sir,18-2-2026,18-02-2026,,Vikash Elc. Service Centre Hisar,,,,,0,,,,,,,,,,,,,,,,1,,,,,,,,,,,,,,,,,,,,,,,1,,,,,,3,,,,,,,8,,,,,,,,,,,,,,,,,,,,,,,,,,,,,,,,,,,,,,,,,,,,,,,,,,,,,,,,,,,,,,,,,,,,,,,,,,,,,,,,,,,,,,,,,,,,,,,,,,,,,,,,,,,,,,,,,,,,,,,,,,,,,,
28/2/26,HR758,Arun Sir,18-2-2026,28/2/26,,Bharat Battery Dharuhera,,28 Feb,,1/3/26 1.5 payment,0,,,,,,,,,,,,35,,,,,,,,,,,,,,,,,,,,,,,,,,,,5,,,,,,,,,,,,,5,,,,,,,5,,,,,,,,,,,,,,,,,,,,,,,,,,,,,,,,,,,,,,,,,,,,,,,,,,,,,,,,,,,,,,,,,,,,,,,,,,,,,,,,,,,,,,,,,,,,,,,,,,,,,,,,,,,,,,,,,,,,,,
Cancle,HR759,Arun Sir,18-2-2026,Cancle,,Ashok Electrical Mahendergarh,,,,,0,,,,,,,,,,,,,,,,10,,,,,,,,,,,,,,,,,,,,,,,,,,,,,,,,,,6,,,,,,,,,,,,,,4,,,,,,,,,,,,,,,,,,,,,,,,,,,,,,,,,,,,,,,,,,,,,,,,,,,,,,,,,,,,,,,,,,,,,,,,,,,,,,,,,,,,,,,,,,,,,,,,,,,,,,,,,,,,,,,,,,
20-2,HR760,Jagat Sir ,18-2-2026,20-2, ,Saad Electric Work Badkali,,,,,0,,,,,,,,,,,,,,,,,,,,,,,,,,,,,,,,,,,,,,,,,,,,,5,,,,5,10,,,,,,,,,15,,,,5,10,,,,,,,,,,,,,,,,,,,,,,,,,,,,,,,,,,,,,,,,,,,,,,,,,,,,,,,,,,,,,,,,,,,,,,,,,,,,,,,,,,,,,,,,,,,,,,,,,,,,,,,,,,,,,,,,,,
Cancle,HR761,Jagat Sir ,18-2-2026,Cancle,,Shiva Enterprises Palwal,,,,,0,,,,,,,,,,,,,,,,,,,,,,,,,,,,,,,,,,,,,,,,,,,,,,,,,,,,,,,,,,,,20,,,,,,,,,,,,,,,,,,5,,,,5,,,,,,20,,,,,,,,,,,,,,,,,,,,,,,,,,,,,,,,,,,,,,,,,,,,,,,,,,,,,,,,,,,,,,,,,,,,,,,,,,,,,10,,10,10,,,,,,,,,,
19-2,HR763,Deepak Sir,18-2-2026,19-2,,Inverter Plaza Rohtak,,,,,0,,,,,,,,,,,20,20,,,,,,,,,,,,,,,,,,,,,,,,,,,,,,,,,,,,,,,,30,20,,,,,,,,,,,,,,,,,,,,,,,,,,,,,,,,,,10,,,,10,,,,,,,,,,,,,,,,,,,,,,,,,,,,,,,,,,,,,,,,,,,,,,,,,,,,,,,,,,,,,,,,,,,,,,,,,,,,,,,,,,,,,,,
cancle,HR764,Mohd Yamin Khan,18-2-2026,cancle,,Prince Auto Parts Etah,,,,60.8v,0,,,,,,,,,,,,,,,,,,,,,,,,,,,,,,,,,,,,,,,,,,,,,,,,,,,,,,,,,,,,,,,,,,,,,,,,,,,,,,,,,,,,,,,,,,,,,,,,,,,,,,,10,,,,10,,,,,,,,,,,,,,,,,,,,,,,,,,,,,,,,,,,,,,,,,,,,,,,,,,,,,,,,,,,,,,,,,,,,,,,
22-2-2026,HR767,Salman Sir ,19-2-2026,22-2-2026,,Murti Battery Agra,,,tt17536 foc 2,5.5 lac till 28 /2,61,,,,,,,,,,,,,,,,,,,,,,,,,,,,,,,,,,,,,,,,,,,,,17,,,,,,,,,,,,,,35,,,,,,,,,,,,,,,,,,,,,,,,,,,,,,,,,,,,,,,,,,,,,,,,,,,,,,,,,,,,,,,,,,,,,,,,,,,,,,,,,,,,,,,,,,,,,,,,,,,,,,,9,,,,,,,,,,,,,,,,
26-02-2026,HR768,Salman Sir ,19-2-2026,26-02-2026,,Chauhan Battery House Mainpuri,,28-2-2026,,,30,,,,,,,,,,,,,,,,,,,,,,,,,,,,,,,,,,,,,,,,,,,,,10,,,,,,,,,,,,,,10,,,,,,,,,,,,,,,,,,,,,,,,,,,,10,,,,,,,,,,,,,,,,,,,,,,,,,,,,,,,,,,,,,,,,,,,,,,,,,,,,,,,,,,,,,,,,,,,,,,,,,,,,,,,,,,,,,,,,,,,
28/2/26,HR769,Deepak Sir,19-2-2026,28/2/26,,Harsh Battery House Jhajjar ,,1-3-2026,30 pc,Hold set old account first ,32,,,,,,,,,,,15,,,,,,,,,,,,,,,,,,,,,,,,,,,,,,,,,,,,,,,,,15,,,,,,,,,,,,,,,,,,,,,,,,,,,,,,,,,,,,,,,,,,,,,,,,,,,,,,,,,,,,,,,,,,,,,,,,,,,,,,,,,,,,,,,,,,,,,,,,,,,,,,,,2,,,,,,,,,,,,,,,,,,,,,,
20/2/26,HR770,Deepak Sir,20-2-2026,20/2/26,,Inverter Plaza Rohtak (Order 2),old price total 300 pc,,tt17536 foc 20,,130,,,,,,,,,,,30,10,,,,,,,,,,,,,,,,,,,,,,,,,,,,,,,,,20,,,,,,,20,20,,,,,,,,,,,,,,,,,,,,,,,,,,,,,,,,,,20,,,,10,,,,,,,,,,,,,,,,,,,,,,,,,,,,,,,,,,,,,,,,,,,,,,,,,,,,,,,,,,,,,,,,,,,,,,,,,,,,,,,,,,,,,,,
22-2-2026,HR770,Salman Sir ,20-2-2026,22-2-2026,,Ratan Power System Firozabad ,,28-2-2026,tt17536 foc 2,out standing clear 6 lac,122,,,,,,,,,,,20,,,,,,,,,,,,,,10,,,,,,,,,,,,,,,,,,,,4,,,,,,,35,,,,,,,15,,,,,,,,,,,,,,,,,,5,,,,,,,,,,5,,,,10,,,,,,,,,,,,,,,,,,,,,,,,,,,,,,,,,,,,,,,,,,,,,,,,,,,,,,,,,,,,,,,18,,,,,,,,,,,,,,,,,,,,,,,,
26-02-2026,HR771,Salman Sir ,20-2-2026,26-02-2026,,Jhilmil Elrctronics & Inverter Battery House Mainpuri,,28-2-2026,,tt17536 Wrs Foc 6,43,,,,,,,,,,,,16,,,,,,,,,,,,,,,,,,,,,,,,,,,,8,,,,,,6,,,,,,,,,,,,,,,,,,,,,,,,,,,,,,,,,,,,,,,,,,6,,,,,,,,,,,,,,,,,,,,,,,,,,,,,,,,,,,,,,,,,,,,,,,,,,,7,,,,,,,,,,,,,,,,,,,,,,,,,,,,,,,,,,,,,,,
21-2-2026,HR772,Arun Sir,20-2-2026,21-2-2026,,Jai Bala Ji Comunication Narnaul,,,tt17536 Foc 2,,55,,,,,,,,,,,,,,,,5,,,,,,,,,,,,,,20,,,,,,,,,,,,,,,2,,,,,5,,,,,,,15,,,,,,,5,,,,,,,,,,,,,,,,,,,,,,,,,,,,,,,,,,,,,,,,,,,,,,,,,,,,,,,,,,,,,,,,,,,,,,,,,,,,,,,,,,,,,,,,,,,,,,3,,,,,,,,,,,,,,,,,,,,
27-2-2026,HR772,Arun Sir,21-2-2026,27-2-2026,40pc aproved,Ajeet Repairing Bawal,new dp,,tt17536 Foc 2,,55,,,,,,,,,,,15,,,,,,,,,,,,,,5,,,,,,,,,,,,,,,,,,,,2,,,,,,,,,,,,,,15,,,,,,,,,,,,,,,,,,,,,,,,,,,,15,,,,,,,,,,,,,,,,,,,,,,,,,,,,,,,,,,,,,,,,,,,,,,,,,,,,,,,,,,,,,,,,,,,,,,,3,,,,,,,,,,,,,,,,,,,,
28/2/26,HR773,Arun Sir,21-2-2026,28/2/26,,Jai Durga Battery House Kanina,,,,,20,,,,,,,,,,,15,,,,,,,,,,,,,,,,,,,,,,,,,,,,,,,,,,,,,,,,,5,,,,,,,,,,,,,,,,,,,,,,,,,,,,,,,,,,,,,,,,,,,,,,,,,,,,,,,,,,,,,,,,,,,,,,,,,,,,,,,,,,,,,,,,,,,,,,,,,,,,,,,,,,,,,,,,,,,,,,,,,,,,,,
28/2/28,HR774,Sandeep Kaushal Sir ,21-2-2026,28/2/28,,Manglam Batt Fathebad,,,,,200,,,,,,,,,,,100,,,,,,,,,,,,,,,,,,,,,,,,,,,,,,,,,,100,,,,,,,,,,,,,,,,,,,,,,,,,,,,,,,,,,,,,,,,,,,,,,,,,,,,,,,,,,,,,,,,,,,,,,,,,,,,,,,,,,,,,,,,,,,,,,,,,,,,,,,,,,,,,,,,,,,,,,,,,,,,,,,,,,,,,
22-2-2026,HR775,Prince Sir,21-2-2026,22-2-2026,,R.R Enterprises Gajraula ,Old Dp-2%-200,,,,200,,,,,,,,,,,15,,,,,,,,,,,,,,,,,,,,,,,,,,,,,,,,,,,,,,,,,15,,,,,,,85,,,,,,,,,,,,,,,,,,,,,,,,,,,,85,,,,,,,,,,,,,,,,,,,,,,,,,,,,,,,,,,,,,,,,,,,,,,,,,,,,,,,,,,,,,,,,,,,,,,,,,,,,,,,,,,,,,,,,,,,
22-2-2026,HR776,Prince Sir,21-2-2026,22-2-2026,,Vakeel Battery And Parts ,Old Dp-2%-200,,,24/2/26 10 lac payment,200,,,,,,,,,,,,20,,,,20,,,,,,,,,,,,,,,,,,,,,,,,,,,,,,50,,,,50,,,,,,,,,,30,,,,30,,,,,,,,,,,,,,,,,,,,,,,,,,,,,,,,,,,,,,,,,,,,,,,,,,,,,,,,,,,,,,,,,,,,,,,,,,,,,,,,,,,,,,,,,,,,,,,,,,,,,,,,,,,,,,,,,,
28/2/26,LKN 66,Manish Sir,19-2-2026,28/2/26,3-5-2026,Shri Ram Traders Pilibhit (Without AH),New Dp-2%,,"50 pc
Foc tt17536 Sy -4","Mix Biling 
3 lac  then dispatch",100,,,,,,,,,,,,,,,,,,,,,,,,,,,,,,,,,,,,,,,,,,,,,30,,,,,,,,,,,,,,25,,,,,,,,,,,,,,,,,,,,,,25,,,,,,20,,,,,,,,,,,,,,,,,,,,,,,,,,,,,,,,,,,,,,,,,,,,,,,,,,,,,,,,,,,,,,,,,,,,,,,,,,,,,,,,,,,,,,,,,,,
28/2/26,HR777,Manish Sir ,21-2-2026,28/2/26,5-3-2026,Shubham Batteries Pilibhit ,New Dp-1500-3%-2%,,Foc tt17536 Sy -2,"6 lac then dispatch
Mix Billing ",0,,,,,,,,,,,,,,,,,,,,,,,,,,,,,,,,,,,,,,,,,,,,,,2,,,,,,,15,,,,,,,,,,,,,,,,,,,,,,,,,,,,,5,,,,,,15,,,,15,,,,,,,,,,,,,,,,,,,,,,,,,,,,,,,,,,,,,,,,,,,,,,,,,,,,,,,,,,,,,,,,,,,,,,,,,,,,,,,,,,,,,,
,HR778,Manish Sir ,21-2-2026,,,Solwave Renewable Energy Solution,New Dp-2%-3%,,Foc tt17536 Sy-4,Mix Billing ,50,,,,,,,,,,,,,,,,,,,,,,,,,,,,,,,,,,,,,,,,,,,,,,10,,,,,,,10,,,,,,,10,,,,,,,10,,,,,,,,,,,,,,,10,,,,,,,,,,,,,,,,,,,,,,,,,,,,,,,,,,,,,,,,,,,,,,,,,,,,,,,,,,,,,,,,,,,,,,,,,,,,,,,,,,,,,,,,,,,,,,,,
24-2,HR779,Rambir Sir ,22-2-2026,24-2,,Sagar Elc. Hisar,,,,,0,,,,,10,,,,,,,,,,14,,,,,,,,,,,,,,,,,,,,,,,,,,,,,,,,,,6,,,,,,,,,,,,,,,,,,,,,,,,,,,,,,,,,,,,,,5,,,,,,,,,,,,,,,,,,,,,,,,,,,,,,,,,,,,,,,,,,,,,,,,,,,,,,,,,,,,,,,,,,,,,,,,,,,,,,,,,,,,,,,,,,,
26-2,HR780,Ravinder Sir,23-2-2026,26-2,,Dhillon Elc. Pehowa,new DP,,,,0,,,,,,,,,,,,,,,,,,,,,,,,,,,,,,,,,,,,,,,,,,,,,,,,,,,,10,,,,,,,,,,,,,,,,,,,,,,,,,,,,,,,,,,,,,,,,,,,,,,,,,,,,,,,,,,,,,,,,,,,,,,,,,,,,,,,,,,,,,,,,,,,,,,,,,,,,,,,,,,,,,,,,,,,,,,,,,,,,,,
3-10-2026,HR781,Ravinder Sir,23-2-2026,10-3,9pc aproved,"Kavya Enterprises Tosham(NBD)(Dispatch To Bhura Badya)
(Kajla Tosham)",New Dp-1500-2%-3%-200,,,,0,,,,,,,,,,,,,,,,,,,,,,,,,,,,,,,,,,,,,,,,,,,,,,10,,,,,,,,,,,,,,,,,,,,,,,,,,,,,,,,,,,,,,,,,,,,,,,,,,,,,,,,,,,,,,,,,,,,,,,,,,,,,,,,,,,,,,,,,,,,,,,,,,,,,,,,,,,,,,,,,,,,,,,,,,,,,,,,,,,,
24-2-2026,HR782,Munender Sir,24-2-2026,24-2-2026,,Neelam Inverter Service Centre Saharanpur,,,,,0,,,,,,,,,,,,,,,,,,,,,,,,,,,,,,,,,,,,,,,,,,,,,2,,,,,,,8,,,,,,,5,,,,,,,,,,,,,,,,,,,,,,,,,,,,,,,,,,,,,,,,,,,,,,,,,,,,,,,,,,,,,,,,,,,,,,,,,,,,,,,,,,,,,,,,,,,,,,,,,,,,,,,,,,,,,,,,,,,,,,,
26-2,HR783,Ravinder Sir,25-2-2026,26-2,,Bansal Elc. Uklana,,,Without Panel,,0,,,,,,,,,,,8,,,,,,,,,,,,,,,,,,,,,,,,,,,,,,,,,,10,,,,,6,,6,,,,,,,,,,,,,,,,,,,,,,,,,,,,,,,,,,,,,,,,,,,,,,,,,,,,,,,,,,,,,,,,,,,,,,,,,,,,,,,,,,,,,,,,,,,,,,,,,,,,,,,,,,,,,,,,,,,,,,,,,,,,,,
2-3-2026,HR784(A),Jagat Sir,25-2-2026,2-3-2026,,Shiva Enterprises Palwal(Order A),New Dp-1500-2%-200,,,,0,,,,,,,,,,,25,,,,,25,,,,,,,,,,,,,,,,,,,,,,,,,,,,,,,,,,,,,,,,,,,,,,,,,,,,,,,,,,,,,,,,,,,,,,,,,,,,,,,,,,,,,,,,,,,,,,,,,,,,,,,,,,,,,,,,,,,,,,,,,,,,,,,,,,,,,,,,,,,,,,,,,,,,,,,,,,,,,,,,,,
28/2/26,HR785,Deepak Sir,25-2-2026,28/2/26,,Deep Trading Co. Farmana,,,,1 lac 1/3/26,0,,,,,,,,,,,30,,,,,,,,,,,,,,,,,,,,,,,,,,,,70,,,,,,,,,,,,,30,,,,,,,,,,,,,,20,,,,,,,,,,,,,,,,,,,,,,,,,,,,,,,,,,,,,,,,,,,,,,,,,,,,,,,,,,,,,,,,,,,,,,,,,,,,,,,,,,,,,,,,,,,,,,,,,,,,,,,,,,,,,,,,
28/2/26,HR789,Prem Sir ,26-2-2026,28/2/26,,V- Tek Systems Ballabhgarh,,,,,0,,,,,,,,,,,15,,,,,,,,,,,,,,5,,,,,,,,,,,,,,,,,,,,,,,,,,,,,,,,,,,,,,,,,,,,,,,,,,,,,,,,,,,,,,10,,,,,,,,,,,,,,,,,,,,,,,,,,,,,,,,,,,,,,,,,,,,,,,,,,,,,,,,,,,,,,,,,,,,,,,,,,,,,,,,,,,,,,,,,,,
21-3,HR790,Salman Sir ,26-2-2026,21-3,,Sun Light Battery Mathura,Old Dp-1500-200-2%,,,dispatch after 2 lac,50,,,,,,,,,,,,,,,,,,,,,,,,,,,,,,,,,,,,,,,30,,,,,,10,,,,,,,,,,,,,,,,,,,,,,,,,,,,,,,,,,,,,,,,,,10,,,,,,,,,,,,,,,,,,,,,,,,,,,,,,,,,,,,,,,,,,,,,,,,,,,,,,,,,,,,,,,,,,,,,,,,,,,,,,,,,,,,,,,,,,,
27-2,HR791,Rambir Sir ,27-2-2026,27-2,,Raja Enterprises Hisar ,Old Dp-1500-2%-200 ,,,,0,10,,,,,15,,,,,,,,,,20,,,,,,,,,,,,,,,,,,,,,,,,,,,,,,,,,,,,20,,,,,10,,10,,,,,,,15,15,,,,,,,,,,,,,,,,,,,,,10,,,,15,,,,,,,,,,,,,,,,,,,,,,,,,,,,,,,,,,,,,,,,,,,,,,,,,,,,,,,,,,,,,,,,,,,,,,,,,,,,,,,,,,,,,,
5-3-2026,HR792,Rahul Saini Sir ,27-2-2026,5-3-2026,,Guruvansh Traders Saharanpur (NBD Party),Old Dp-1500-200-2%-3% CD,,,18% Biling ,0,,,,,,,,,,,,,,,,,,,,,,,,,,,,,,,,,,,,,,,,,,,,,,15,,,,,,,15,,,,,,,20,,,,,,,,,,,,,,,,,,,,,,,,,,,,,,,,,,,,,,,,,,,,,,,,,,,,,,,,,,,,,,,,,,,,,,,,,,,,,,,,,,,,,,,,,,,,,,,,,,,,,,,,,,,,,,,,,,,,,,
24-3-2026,HR794,Manish Sir ,28-2-2026,24-3-2026,75 app,Balaji Battery Bareilly,New Dp-2%,,,"Mix Biling  200 k 
2lac With Mat.",0,,,,,,,,,,,,,,,,,,,,,,,,,,,,,,,,,,,,,,,,,,,,,,,,,,,,,,,,,,,50,,,,,,,,,,,,,,,,,,,,,,,,,,,,,,,,,,,,,,,,,,,,,,,,,,,,,,,,,,,,,,,,,,,,,,,,,,,,,,,,,,,,,,,,,,,,,,,,,,,,,,,,,,,,,,,,,,,,,,,
28/2/26,HR795,Prem Sir ,28-2-2026,28/2/26,,Aggarwal Enterprises Alwar ,Old Dp-1500-2%-200 ,,,90 pc apporved,0,,,,,,,,,,,,,,,,5,,,,,,,,,,,,,,,,,,,,,,,,,,,,,,,,,,,,,,,,,20,,,,,,,55,,,,,,,,,,,,,,,,,,,,,,,,,,,,,,,,,,,,,,,,,,,,,,,,,,,,,,,,,,,,,,,,,,,,,,,,,,,,,,,,,,,,,,,,,,,,,,,,,,,,,,,,,,,,,,,,,,
28/2/26,HR797,Jagat,28-2-2026,28/2/26,,Saad Electric Work Badkali,50 pc,,Confirm order,1.8  1/3/26,0,,,,,,,,,,,,,,,5,5,,,,,,,,,,,,,,,,,,,,,,,,,,,,,6,,,,5,6,,,,,,,,,10,,,,5,10,,,,,,,,,,,,,,,,,,,,,,,,,,,,,,,,,,,,,,,,,,,,,,,,,,,,,,,,,,,,,,,,,,,,,,,,,,,,,,,,,,,,,,,,,,,,,,3,,,,,,,,,,,,,,,,,,,,
2-3-2026,HR798,Rambir Sir ,28-2-2026,2-3-2026,,Raja Enterprises Hisar ,Dp-5%-5%-3% With CD,,,,0,,,,,,,,,,,,,,,,,,,,,,,,,,,,,,,,,,,,,,,,,,,,,,,,,,,,,,,,,,,,,,,,,,,,,,,,,,,,,,,,,,,,,,,,,,,,,,,,,,,,,,,2,,,,,,,,,,,,,,,,,,,,,,,,,,,,,,,,,,,,,,,,,,,,,,,,,,,,,,,,,,,,,,,,,,,,,,,,,,,
,HR799(C),Jagat Sir ,1-3-2026,,,Prem Power Solution Hathin(Order D),new Dp-1500,,2 foc sy tt17536,,384,,,,,,,,,,,30,,,,60,30,,,,,,,,,,,,,,,,,,,,,,,,,,,,,60,,,,5,30,,,,,,,,,20,6,,,,,,,,,,,,,,,,,5,,,,,,,,,,12,6,,,,,,,,,,,,,,,,,,,,,,,,,,,,,,,,,,,,,,,,,,,,,,,,,,,,,,,,,,,,,,,,,,,,,,,,,,,,,50,50,,20,,,,,,,,,,
2-3-2026,HR800,Ravinder Sir,2-3-2026,2-3-2026,,Nirnjan Auto Narnaund,,,,,0,,,,,,,,,,,8,,,,,,,,,,,,,,,,,,,,,,,,,,,,,,,,,,3,,,,,,,5,,,,,,,,,,,,,,,,,,,,,,,,,,,,,,,,,,,4,,,,,,,,,,,,,,,,,,,,,,,,,,,,,,,,,,,,,,,,,,,,,,,,,,,,,,,,,,,,,,,,,,,,,,,,,,,,,,,,,,,,,,,,,,,
18-3-2026,HR799(A),Jagat Sir ,1-3-2026,18-3-2026,50pc aproved,Prem Power Solution Hathin(Order A),new Dp-1500-2%,,2 foc sy tt17536,,0,,,,,,,,,,,,,,,,,,,,,,,,,,,,,,,,,,,,,,,,,,,,,12,,,,10,30,,,,,,,,,,,,,,,,,,,,,,,,,,,,,,,,,,,,,,,,,,,,,,,,,,,,,,,,,,,,,,,,,,,,,,,,,,,,,,,,,,,,,,,,,,,,,,,,,,,,,,,,,,,,3,,,,,,,,,,,,,,,,,,,,
17-3-2026,HR802,Ravinder Sir,2-3-2026,17-3-2026,,R.K Power Hansi,,,,,0,,,,,,,,,,,,,,,,,,,,,,,,,,,,,,,,,,,,,,,,,,,,,50,,,,,,,,,,,,,,,,,,,,,,,,,,,,,,,,,,,,,,,,,,,,,,,,,,,,,,,,,,,,,,,,,,,,,,,,,,,,,,,,,,,,,,,,,,,,,,,,,,,,,,,,,,,,,,,,,,,,,,,,,,,,,,,,,,,,,
20-3,HR799(B),Jagat Sir ,1-3-2026,20-3,25 pc,Prem Power Solution Hathin(Order B),new Dp-1500-2%-200 ,,,,0,,,,,,,,,,,,,,,,,,,,,,,,,,,,,,,,,,,,,,,,,,,,,25,,,,,,,,,,,,,,,,,,,,,,,,,,,,,,,,,,,,,,,,,,,,,,,,,,,,,,,,,,,,,,,,,,,,,,,,,,,,,,,,,,,,,,,,,,,,,,,,,,,,,,,,,,,,,,,,,,,,,,,,,,,,,,,,,,,,,
20-3,HR801,Ravinder Sir,2-3-2026,20-3,15pc aproved,Gautam Elc. Julana,,,,,0,,,,,,,,,,,,,,,,,,,,,,,,,,,,,,,,,,,,,,,20,,,,,,,,,,,,,,,,,,,,,,,,,,,,,,,,,,,,,,,,,,,,,,,,,,,,,,,,,,,,,,,,,,,,,,,,,,,,,,,,,,,,,,,,,,,,,,,,,,,,,,,,,,,,,,,,,,,,,,,,,,,,,,,,,,,,,,,,,,,
18-3,HR803,Ravinder Sir,2-3-2026,18-3,10pc aproved,Dhillon Elc. Pehowa,new DP-1500-2%,,,,0,,,,,,,,,,,2,,,,,,,,,,,,,,,,,,,,,,,,,,,,,,,,,,,,,,,,,8,,,,,,,,,,,,,,,,,,,,,,,,,,,,,,,,,,,,,,,,,,,,,,,,,,,,,,,,,,,,,,,,,,,,,,,,,,,,,,,,,,,,,,,,,,,,,,,,,,,,,,,,,,,,,,,,,,,,,,,,,,,,,,
17-3-2026,HR829(A),Arun Sir,11-3-2026,17-3-2026,,Jai Bala Ji Comunication Narnaul (Order A),New Dp-1500-2%-3,,4 foc,,0,,,,,,8,,,,,,,,,10,,,,,,,,,,,,,,,10,,,,,,,,,,,,,,,,,,,,4,,,,,,10,12,,,,,,,10,,,,,,,,,,,,,,,,,,,,,,,,,,,,,,,,,,,,,,,,,,,,,,,,,,,,,,,,,,,,,,,,,,,,,,,,,,,,,,,,,,,,,,,,,,,,,,3,,,,,,,,,,,,,,,,,,,,
,HR799(C),Jagat Sir ,1-3-2026,28-3-2026,,Prem Power Solution Hathin(Order C),new Dp-1500,,,,55,,,,,,,,,,,,,,,,,,,,,,,,,,,,,,,,,,,,,,,,,,,,,52,,,,,,,,,,,,,,,,,,,,,,,,,,,,,,,,,,,,,,,,,,,,,,,,,,,,,,,,,,,,,,,,,,,,,,,,,,,,,,,,,,,,,,,,,,,,,,,,,,,,,,,,,,,,,,,,,3,,,,,,,,,,,,,,,,,,,,
31-3-26,HR829(B),Arun Sir,11-3-2026,31-3-26,50pc aproved,Jai Bala Ji Comunication Narnaul (Order B),New Dp-1500-3%cd-4% adv,,,"dispatcg after 5 lac , 4-4-26",88,,,,,,,,,,,,,,,7,40,,,,,,,,,,,,,5,10,,,,,,,,,,,,,,,,,,,,,,,,,,,,,,,,,5,15,,,,,,,,,,,,,,,,,,,,,,,,,,,,,,,,,,,,,,,,,,,,,,,,,,,,,,,,,,,,,,,,,,,,,,,,,,,,,,,,,,,,,,,,,,,,6,,,,,,,,,,,,,,,,,,,,,,
cancle,HR805,Arun Sir,2-3-2026,cancle,,Akash Enterprises Mahendergarh,Old DP-1500-2%-200,,,,0,,15,,,,,,,,,,20,,,,,,,,,,,,,,,,,,,,,,,,,,,,,,,,,,5,,,,,,,30,,,,,,,5,,,,,,,,,,,,,,,,,,,,,,,,,,,,20,,,,5,,,,,,,,,,,,,,,,,,,,,,,,,,,,,,,,,,,,,,,,,,,,,,,,,,,,,,,,,,,,,,,,6,,,,,,,,,,,,,,,,,,,,,,
3-3-2026,HR806,Rambir Sir ,2-3-2026,3-3-2026,,Sun Light Fatehabad,,,,Mix Biling ,0,,,,,,,,,,,,,,,,,,,,,,,,,,,,,,,,,,,,,,,,20,,,,,,30,,,,,,,20,,,,,,,10,,,,,,,,,,,,,,,,,,,,,,,,,,,,10,,,,10,,,,,,,,,,,,,,,,,,,,,,,,,,,,,,,,,,,,,,,,,,,,,,,,,,,,,,,,,,,,,,,,,,,,,,,,,,,,,,,,,,,,,,
28-2-2026,HR807,Arun Sir,3-3-2026,28-2-2026,,Mayank Battery House Bikaner ,Feb Closing ,,,,0,,,,,,,,,,,,,,,,15,,,,,,,,,,,,,,,,,,,,,,,,,,,,,,,,,,,,,,,,,10,,,,,,,5,,,,,,,,,,,,,,,,,,,,,,,,,,,,,,,,,,,,,,,,,,,,,,,,,,,,,,,,,,,,,,,,,,,,,,,,,,,,,,,,,,,,,,,,,,,,2,,,,,,,,,,,,,,,,,,,,,,
28-2-2026,HR808,Arun Sir,3-3-2026,28-2-2026,,SK Group Bhojawas,Feb Closing ,,,,0,,,,,5,,,,,,,,,,10,,,,,,,,,,,,,,,,,,,,,,,,,,,,,,,,,,,,,,,,,5,,,,,,,10,,,,,,,,,,,,,,,,,,,,,,,,,,,,,,,,,,,,,,,,,,,,,,,,,,,,,,,,,,,,,,,,,,,,,,,,,,,,,,,,,,,,,,,,,,,,,2,,,,,,,,,,,,,,,,,,,,,,
5-3-2026,HR809,Rambir Sir ,3-3-2026,5-3-2026,,Durga Battery Fathebad,,,,Mix Billing ,0,,,,,,,,,,,,,,,,10,,,,,,,,,,,,,,,,,,,,,,,,,,,10,,,,,,,30,,,,,,,,,,,,,,,,,,,,,,,,,,,,,,,,,,,,,,,,,,,,,,,,,,,,,,,,,,,,,,,,,,,,,,,,,,,,,,,,,,,,,,,,,,,,,,,,,,,,,,,,,,,,,,,,,,,,,,,,,,,,,,,,
5-3-2026,HR810,Salman Sir,5-3-2026,5-3-2026,,Murti Battery Agra,,,,,0,,,,,,,,,,,,,,,,,,,,,,,,,,,,,,,,,,,,,,,,,,,,,2,,,,,,,,,,,,,,10,,,,,,,,,,,,,,,,,,,,,,,,,,,,3,,,,,,,,,,,,,,,,,,,,,,,,,,,,,,,,,,,,,,,,,,,,,,,,,,,,,,,,,,,,,,,,,,,,,,,,,,,5,,,,,,,,,,,,,,,,
5-3-2026,HR811,Deepak Sir,5-3-2026,5-3-2026,,Inverter Plaza Rohtak,gold club foc,,,,0,,,,,,,,,,,,,,,,,,,,,,,,,,,,,,,,,,,,,,,,,,,,,20,15,,,,15,,,,,,,,,,,,,,,,,,,,,,,,,,,,,,,,,,,,,,,,,,,,,,,,,,,,,,,,,,,,,,,,,,,,,,,,,,,,,,,,,,,,,,,,,,,,,,,,,,,,,,,,,,,,,,,,,,,,,,,,,,,,,,,,
5-3-2026,HR812,Rajesh Sir,5-3-2026,5-3-2026,,Krishna Enterprises Service Centre Sonipat,,,,,0,,2,,,,,,,,,,,,,,,,,,,,,,,,,,,,,,,,,,,,,,3,,,,,1,2,,,,,,2,6,,,,,,3,,,,,,,,,,,,,,,,,,,,,,,,,,,,,,,,,,,,,,,,,,,,,,,,,,,,,,,,,,,,,,,,,,,,,,,,,,,,,,,,,,,,,,,,,,,,,,,,,,,,,,,,,,,,,,,,,,,,,,,
7-3-2026,HR813,Chander Sir,5-3-2026,7-3-2026,,A To Z Power Solution Dabwali ,Old Dp-1500-2%-200,,,,20,,,,,,,,,,,,,,,,,,,,,,,,,,,,,,,,,,,,,,,,,,,,,,,,,,,,,,,,,,,,,,,,,,,,,5,,,,,,,,5,,,,,,,,,,,,,,,,,,,,,,,,,,,,,,,,,,,,,,,,,,,,,,,,,,,,,,,,,,,,,,,,,,,,,,,,,,,,,,,,,,,,,,,,,10,,,,,,,,,,,,
16-03-2026,HR814,Chander Sir,6-3-2026,16-03-2026,,"Thakur Electronics Enterprises, Malout ",Dp-1500-2%-3%,,,9L received,0,,,,,,,,,,,,,,,,,,,,,,,,,,,,,,,,,,,,,,,,,,,,,,,,,,,,,,,,,,,25,15,,,,,,,,,,,,,,,,,5,5,,,,,,,,,15,5,,,,,,,,,,,,,,,,,,,,,,,,,,,,,,,,,,,,,,,,,,,,,,,,,,,,,,,,,,,,,,,,,,,,,,,,,,,,,20,20,,1,,,,,,,,,,
cancle,HR815,Mohd Yamin Khan,9-3-2026,cancle,,Pandey Battery House Etah ,Cancle,,,18% Billing ,0,,,,,,,,,,,,,,,,,,,,,,,,,,,,,,,,,,,,,,,,,,,,,15,,,,,,,,,,,,,,10,,,,,,,,,,,,,,,,,,,,,,,,,,,,10,,,,,,,,,,,,,,,,,,,,,,,,,,,,,,,,,,,,,,,,,,,,,,,,,,,,,,,,,,,,,,,,,,,,,,,,,,,,,,,,,,,,,,,,,,,
22-3-26,HR816,Prem Sir ,9-3-2026,22-3-26,40 pc apporved,M. R Enterprises Punhana,DP-1500-2%-200,,,,150,,,,,,,,,,,15,,,,,15,,,,,,,,,,,,,,,,,,,,,,,,,,,,,15,,,,,,,20,,,,,20,,20,,,,,15,,,,,,,,,,,,,10,,,,,,,,,,10,,,,10,,,,,,,,,,,,,,,,,,,,,,,,,,,,,,,,,,,,,,,,,,,,,,,,,,,,,,,,,,,,,,,,,,,,,,,,,,,,,,,,,,,,,,,
10-3-2026,HR818,Rambir Sir ,10-3-2026,10-3-2026,,Balaji Tohana ,,,,tt20036 Liv- 5 pc ,0,,,,,,,,,,,,,,,,5,,,,,,,,,,,,,,,,,,,,,,,,,,,,,,,,,,,,,,,,,,,,,,,,,,,,,,,,,,,,,,,,,,,,,,,,,,,,,,,,,,,,,,,,,,,,,,,,,,,,,,,,,,,,,,,,,,,,,,,,,,,,,,,,,,,,,,,,,,,,,,,,,,,,,,,,,,,,,,,,,,
10-3-2026,HR819,Rambir Sir ,10-3-2026,10-3-2026,,Sagar Elc. Hisar,,,,With Pending Foc ,0,,,,,,,,,,,14,,,,6,,,,,,,,,,,,,,,,,,,,,,,,,,,,,,,,,,,,,,,,,,,,,,,,,,,,,,,,,,,,,,,,,,,,,,,,,,,,,,,,,,,,,,,,,,,,,,,,,,,,,,,,,,,,,,,,,,,,,,,,,,,,,,,,,,,,,,,,,,,,,,,,,,,,,,,,,,,,,,,,,,,
22-3-26,HR820,Rambir Sir ,10-3-2026,22-3-26,,Durga Battery Fathebad,New DP-1500-2%,,,Mix Billing ,50,,,,,,,,,,,,,,,,10,,,,,,,,,,,,,,,,,,,,,,,,,,,10,,,,,,,30,,,,,,,,,,,,,,,,,,,,,,,,,,,,,,,,,,,,,,,,,,,,,,,,,,,,,,,,,,,,,,,,,,,,,,,,,,,,,,,,,,,,,,,,,,,,,,,,,,,,,,,,,,,,,,,,,,,,,,,,,,,,,,,,
18-3-2026,HR821,Salman Sir ,10-3-2026,18-3-2026,100 pc,Ratan Power System Firozabad ,,,Foc tt17536 Sy-4,,0,,,,,,,,,,,50,,,,,,,,,,,,,,5,,,,,,,,,,,,,,,,,,,,14,,,,,,,,,,,,,,25,,,,,,,,,,,,,,,,,,,,,,,,,,,,,,,,10,,,,,,,,,,,,,,,,,,,,,,,,,,,,,,,,,,,,,,,,,,,,,,,,,,,,,,,,,,,,,,,18,,,,,,,,,,,,,,,,,,,,,,,,
12-3-2026,HR822,Chander Sir,10-3-2026,12-3-2026,10pc aproved,Sukhija Elc. Sirsa, Dp-1500-2%,,,,0,,,,,,,,,,,,,5,,,,,,,,,,,,,,,,,,,,,,,,,,,,,,,,,,,,,,,,,5,,,,,,,,,,,,,,,,,,,,,,,,,,,,,,,,,,,,,,,,,,,,,,,,,,,,,,,,,,,,,,,,,,,,,,,,,,,,,,,,,,,,,,,,,,,,,,,,,,,,,,,,,,,,,,,,,,,,,,,,,,,,
3-11-2026,HR823,Rajesh Sir,10-3-2026,11-3-2026,,Verma Inverter Battery Service Centre Hisar,Service Centre,,,,0,,,,,,,,1,,,,,2,,,2,,,,,,,,,,,,,,2,,,,,,,,,,,,,,,,,,,,,,5,,,,,4,,,,,,,,,,,,,,,,,,,,,,,,2,,,,,,,,,,,,,,,,,,,,,,,,,,,,,,,,,,,,,,,,,,,,,,,,,,,,,,,,,,,,,,,,,,,,,,,,,,,,,,,,,,,,,,,,,,,,,,,,,
3-11-2026,HR824,Rajesh Sir,10-3-2026,11-3-2026,,Vikash Elc. Service Centre Hisar,Service Centre,,,,0,,,,,,,,,,,2,,,,,,,,,,,,,,,,,,,,,,,,,,,,,,,,,,3,,,,,,,10,,,,,,,1,,,,,,,,,,,,,,,,,,,,,,,,,,,,,,,,,,,,,,,,,,,,,,,,,,,,,,,,,,,,,,,,,,,,,,,,,,,,,,,,,,,,,,,,,,,,,,,,,,,,,,,,,,,,,,,,,,,,,,,
3-11-2026,HR825,Munender Sir,10-3-2026,11-3-2026,,Shanu Electrical Shamsabad,batt Charger,,,"2 charger 12v,24v",0,,,,,,,,,,,,,,,,,,,,,,,,,,,,,,,,,,,,,,,,,,,,,,,,,,,,,,,,,,,,,,,,,,,,,,,,,,,,,,,,,,,,,,,,,,,,,,,,,,,,,,,,,,,,,,,,,,,,,,,,,,,,,,,,,,,,,,,,,,,,,,,,,,,,,,,,,,,,,,,,,,,,,,,,,,,,,,,,,,
17-3,HR826,Deepak Sir,10-3-2026,17-3,20pc aproved,Harsh Battery House Jhajjar ,New dp-1500-2%,,2 foc,2 lac with mat,0,,,,,,,,,,,15,,,,,,,,,,,,,,,,,,,,,,,,,,,,,,,,,,2,,,,,,,5,,,,,,,,,,,,,,,,,,,,,,,,,,,,,,,,,,,,,,,,,,,,,,,,,,,,,,,,,,,,,,,,,,,,,,,,,,,,,,,,,,,,,,,,,,,,,,,,,,,,,,,,,,3,,,,,,,,,,,,,,,,,,,,
cancle,HR827,Mohd Yamin Khan,10-3-2026,cancle,,Venus Auto Electric Works Hathras,New Dp-1500-2%-3%,,Foc tt17536 sy -2,Mix Biling ,0,,,,,,,,,,,,5,,,,,,,,,,,,,,,,,,,,,,,,,,,,,,,,,,22,,,,,,,,,,,,,,10,,,,,,,,,,,,,,,,,,,,,,,,,,,,5,,,,10,,,,,,,,,,,,,,,,,,,,,,,,,,,,,,,,,,,,,,,,,,,,,,,,,,,,,,,,,,,,,,,,,,,,,,,,,,,,,,,,,,,,,,
22/3/26,HR828,Sandeep Kaushal Sir ,10-3-2026,22/3/26,111 pcs,Aggarwal Trading Narnaul,Dp-1500-2%,,,,55,,,,,,,,,,,,,,,,,,,,,,,,,25,,,,,,,,,,,,,,,,,,,,,,,,,,,,,,,,,,,,,,,,,,,,,,,,,,,,,,,,,,,,,,,,,,30,,,,,,,,,,,,,,,,,,,,,,,,,,,,,,,,,,,,,,,,,,,,,,,,,,,,,,,,,,,,,,,,,,,,,,,,,,,,,,,,,,,,,,,
cancle,HR829,Arun Sir,11-3-2026,cancle,,Jai Bala Ji Comunication Narnaul,New DP-1500-2%-3,,,,0,,,,,,,,,,,,,,,15,40,,,,,,,,,,,,,5,20,,,,,,,,,,,,,,,,,,,,,,,,,,10,15,,,,,,5,25,,,,,,,,,,,,,,,,,,,,,,,,,,,,,,,,,,,,,,,,,,,,,,,,,,,,,,,,,,,,,,,,,,,,,,,,,,,,,,,,,,,,,,,,,,,,9,,,,,,,,,,,,,,,,,,,,,,
12-3-2026,HR830,Rambir Sir ,11-3-2026,12-3-2026,,Raja Enterprises Hisar ,tod foc,,Order Of Foc ,,0,,,,,,,,,,,,35,,,,,,,,,,,,,10,,,,,,,,,,,,,,,15,,,,,,,,,,,,,15,,,,,,,,,,,,,,10,,,,,,,,,,,,,,,,,,,,,10,,,,,,,,,,,,10,,,,,,,,,,,,,,,,,,,,,,,,,,,,,,,,,,,,,,,,,,,,,,,,,,,,,,,,,,,,,,,,,,,,,,,,,,,,,,
,HR831,Mohd Yamin Khan,11-3-2026,,,Hamza Inverter Battery And Electronics Kasganj ,New DP-2100-2%-3%,,,5% Biling ,45,,,,,,,,,,,,,,,,,,,,,,,,,,,,,,,,,,,,,,,,,,,,,,11,,,,,,,,,,,10,,,10,,,,,,,,,,,,,,,,,,5,,,,,,,,,,,,,,,,,,,,,,,,,,,,,,,,,,,,,,,,,,,,,,,,,,,,,,,,,,,,,,,,,,,,,,,,,,,,,,9,,,,,,,,,,,,,,,,,,,,,,
13-3-2026,HR832,Rajesh Sir,11-3-2026,13-3-2026,,Paras Enterprises Service Centre Jind,Service Centre,,,,0,,,,,,,,,,,,,,,,,,,,,,,,,,,,,,,,,,,,,,,,,,,,,4,,,,,,,10,,,,,,,1,,,,,,,,,,,,,,,,,,,,,,,,,,,,,,,,,,,,,,,,,,,,,,,,,,,,,,,,,,,,,,,,,,,,,,,,,,,,,,,,,,,,,,,,,,,,,,,,,,,,,,,,,,,,,,,,,,,,,,,
28-3,HR833,Salman Sir ,11-3-2026,28-3,50pc aproved,Shubh Battery House Mathura  (With AH ),New Dp-1500,,,2 Claim tt17536 sal,61,,,,,,,,,,,,6,,,,,,,,,,,,,,,,,,,,,,,,,,,,,,,,,,16,,,,,,,,,,,,,,14,,,,,,,,,,4,,,,,,,,,,,,,,,,,,12,,,,,,,,,,,,,,,,,,,,,,,,,,,,,,,,,,,,,,,,,,,,,,,,,,,,,,,,,,,,,,,,,,9,,,,,,,,,,,,,,,,,,,,,,,,
16-3-2026,HR834,Munender Sir,12-3-2026,16-3-2026,,Radhe Krishna Power Solution Service Centre Bsr,Service Centre,,,,0,,,,,,,,,,,,,,,,,,,,,,,,,,,,,,,,,,,,,,,,,,,,,2,7,,,,,,10,5,,,,,,2,9,,,,,,,,,,,,,,,,,,,,,,,,,,,,,,,,,,,,,,,,,,,,,,,,,,,,,,,,,,,,,,,,,,,,,,,,,,,,,,,,,,,,,,,,,,,,,,,,,,,,,,,,,,,,,,,,,,,,,,
16-3-2026,HR835,Munender Sir,12-3-2026,16-3-2026,,M S Battery Service Centre Moradabad,Service Centre,,,,0,,,,,,,,,,,,,,,,,,,,,,,,,,,,,,,,,,,,,,,,,,,,,,,,,,,,10,,,,,,,8,,,,,,,,,,,,,,,,,,,,,,,,,,,,2,,,,,,,,,,,,,,,,,,,,,,,,,,,,,,,,,,,,,,,,,,,,,,,,,,,,,,,,,,,,,,,,,,,,,,,,,,,,,,,,,,,,,,,,,,,
,HR836,Rajesh Sir,12-3-2026,,,Guru Nanak Elc Ellenabad,Prorata,,,,18,3,,,,,,,,,,11,,,,,,,,,,,,,,,,,,,,,,,,,,,,,,,,,,,,,,,,,1,,,,,,,3,,,,,,,,,,,,,,,,,,,,,,,,,,,,,,,,,,,,,,,,,,,,,,,,,,,,,,,,,,,,,,,,,,,,,,,,,,,,,,,,,,,,,,,,,,,,,,,,,,,,,,,,,,,,,,,,,,,,,,,
16-3-2026,HR837,Rajesh Sir,12-3-2026,16-3-2026,,Kalka Enterprises Service Centre Gurgaon,Service Centre,,,,0,,,,,,,,,,,,,,,,,,,,,,,,,,,,,,2,,,,,,,,,,,,,,,,,,,,,,,,,,,3,,,,,,,,,,,,,,,,,,,,,,,,,,,,,,,,,,,,,,,,,,,,,,,,,,,,,,,,,,,,,,,,,,,,,,,,,,,,,,,,,,,,,,,,,,,,,,,,,,,,,,,,,,,,,,,,,,,,,,,,,
13-3-2026,HR838,Rajesh Sir,12-3-2026,13-3-2026,,Hanumant Traders Service Centre Meham,Service Centre,,,,0,,,,,,,,,,,1,,,,,2,,,,,,,,,,,,,,,,,,,,,,,,,,,,,,,,,,,,3,,,,,4,,,,,,,,,,,,,,,,,,,,,,,,,,,,,,,,,,,,,,,,,,,,,,,,,,,,,,,,,,,,,,,,,,,,,,,,,,,,,,,,,,,,,,,,,,,,,,,,,,,,,,,,,,,,,,,,,,,,,,,,,
16-3-2026,HR839,Rajesh Sir,12-3-2026,16-3-2026,,Suraj Power Solution Service Centre Nuh,Service Centre,,,,0,,,,,,,,,,,3,3,,,,,,,,,,,,,,,,,,,,,,,,,,,,,,,,,,,,,,,,,,,,,,,2,,,,,,,,,,,,,,,,,,,,,,,,,,,,2,2,,,,,,,,,,,,,,,,,,,,,,,,,,,,,,,,,,,,,,,,,,,,,,,,,,,,,,,,,,,,,,,,,,,,,,,,,,,,,,,,,,,,,,,,,,
10-3-2026,HR840,Jagat Sir,13-3-2026,10-3-2026,100pc,Shiva Enterprises Palwal,"New dp-1500-2%
595 sy-13.50",,,,0,,,,,,,,,,,25,25,,,25,25,,,,,,,,,,,,,,,,,,,,,,,,,,,,,,,,,,,,,,,,,,,,,,,,,,,,,,,,,,,,,,,,,,,,,,,,,,,,,,,,,,,,,,,,,,,,,,,,,,,,,,,,,,,,,,,,,,,,,,,,,,,,,,,,,,,,,,,,,,,,,,6,,,,,,,,,,,,,,,,,,,,
13-3-2026,HR841,Ravinder Sir,13-3-2026,13-3-2026,,Bansal Elc. Uklana,DP-1500-2%,,,,0,,,,,,,,,,,,,,,,,,,,,,,,,,,,,,,,,,,,,,,,,,,,,31,,,,,,,,,,,,,,,,,,,,,,,,,,,,,,,,,,,,,,,,,,,,,,,,,,,,,,,,,,,,,,,,,,,,,,,,,,,,,,,,,,,,,,,,,,,,,,,,,,,,,,,,,,,,,,,,,,,,,,,,,,,,,,,,,,,,,
20-3,HR842,Jagat Sir,13-3-2026,20-3,,Saad Electric Work Badkali,"Nedw dp-1500-2%
595 sy-13.50",,Foc tt17536 sy -2,5% Billing 1.5 lac with mat,0,,,,,,,,,,,,,,,,,,,,,,,,,,,,,,,,,,,,,,,,,,,,,,,,,,,,,,,,,,,15,,,,7,10,,,,,,,,,,,,,,,,,,,,,,,,,,,,,,,,,,,,,,,,,,,,,,,,,,,,,,,,,,,,,,,,,,,,,,,,,,,,,,,,,,,,,,,,,,,,,,,,,,,,,,,,,,,,,,,,,,
20-3,HR843,Jagat Sir,13-3-2026,20-3,,Saad Electric Work Badkali,"New dp-1500-2%
595 sy-13.50",,Foc tt17536 sy -2,Mix Billing,0,,,,,,,,,,,5,,,,,,,,,,,,,,,,,,,,,,,,,,,,,,,,,,10,,,,,,,,,,,,,,40,,,,10,,,,,,,,,,,,,,5,,,,,,,,,,,,,,,,,,,,,,,,,,,,,,,,,,,,,,,,,,,,,,,,,,,,,,,,,,,,,,,,,,,,,,,,,,,,,,,,,,,,,,,,,,,,,,,,,,,,,
14-3,HR844,Ravinder Sir,13-3-2026,14-3,,Niranjan Auto Narnound,,,,,0,,,,,,,,,,,,,,,,,,,,,,,,,,,,,,,,,,,,,,,,,,,,,20,,,,,,,,,,,,,,,,,,,,,,,,,,,,,,,,,,,,,,,,,,,,,,,,,,,,,,,,,,,,,,,,,,,,,,,,,,,,,,,,,,,,,,,,,,,,,,,,,,,,,,,,,,,,,,,,,,,,,,,,,,,,,,,,,,,,,
14-3,HR846,Rambir Sir,14-3-2026,14-3,,Raja Enterprises Hisar ,,,,,0,,,,,,,,,,,,,,,,,,,,,,,,,,,,,,,,,,,,,,,,,,,,,,,,,,,,,,,,,,,,,,,,,,,,,,,,,,,,,,,,,,,,,,,,,,,,,,,,,,,,,,,,,,,,,,,,,,,,6,,,,,,,,,,,,,,,,,,,,,,,,,,,,,,,,,,,,,,,,,,,,,,,,,,,,,,,,,,,,,,
18-3-2026,HR847,Arun Sir,14-3-2026,18-3-2026,75,Luxmi Electronic Dhanonda,,,,,78,,,,,,,,,,,20,,,,,20,,,,,,,,,,,,,,,,,,,,,,,,,,,,,10,,,,,15,,,,,,,,,,,,,,,,,,,,,,,,,,,,,,,,,,,,,10,,,,,,,,,,,,,,,,,,,,,,,,,,,,,,,,,,,,,,,,,,,,,,,,,,,,,,,,,,,,,,,,,,,,,,,3,,,,,,,,,,,,,,,,,,,,
24-3-2026,HR848,Arun Sir,14-3-2026,24-3-2026,40 pc app,S.K Group Bhojawas,New dp-1400-2%,,,,46,,,,,10,,,,,,,,,,,,,,,,,,,,,,,,,,,,,,,,,,,,,,,,,,,,,,,,,,,15,,,,,,,15,,,,,,,,,,,,,,,,,,,,,,,,,,,,,,,,,,,,,,,,,,,,,,,,,,,,,,,,,,,,,,,,,,,,,,,,6,,,,,,,,,,,,,,,,,,,,,,,,,,,,,,,,,,,,,,,,,,,
20-3,HR849,Rambir Sir ,14-3-2026,20-3,,Sagar Elc. Hisar,"New dp- 1500-2%-3% CD
",,,,30,5,,,,4,,,,,,5,,,,,,,,,,,,,,10,,,,,,,,,,,,,,,,,,,,,,,,6,,,,,,,,,,,,,,,,,,,,,,,,,,,,,,,,,,,,,,,,,,,,,,,,,,,,,,,,,,,,,,,,,,,,,,,,,,,,,,,,,,,,,,,,,,,,,,,,,,,,,,,,,,,,,,,,,,,,,,,,,,,,,,,,,
,HR850(C),Jagat Sir ,14-3-2026,,,Shiva Ent Palwal(Order C),New Dp-1500-2%,,,,180,,,,,,,,,,,20,30,,,20,30,,,,,,,,,,,,,,,,,,,,,,,,,,,,,,,,,15,35,,,,,,,,,,,,,,,,,,,,,,,,,,,,5,,,,5,,,,,,20,,,,,,,,,,,,,,,,,,,,,,,,,,,,,,,,,,,,,,,,,,,,,,,,,,,,,,,,,,,,,,,,,,,,,,,,,,,,,,,,,,,,,,,,,,
20-3,HR850(B),Jagat Sir ,14-3-2026,20-3,40pc aproved,Shiva Ent Palwal(Order B),,,,,0,,,,,,,,,,,,,,,,,,,,,,,,,,,,,,,,,,,,,,,,,,,,,22,20,,,,,,,,,,,,,,,,,,,,,,,,,,,,,,,,,,,,,,,,,,,,,,,,,,,,,,,,,,,,,,,,,,,,,,,,,,,,,,,,,,,,,,,,,,,,,,,,,,,,,,,,,,,,,,,,3,,,,,,,,,,,,,,,,,,,,
18-3,HR850(A),Jagat Sir ,14-3-2026,18-3,70pc aproved,Shiva Ent Palwal(Order A),New Dp-1500-2%,,,,0,,,,,,,,,,,,25,,,,,,,,,,,,,,,,,,,,,,,,,,,,,,,,,,,,,,,,,,,,,,,,50,,,,,,,,,,,,,,,,,,,,,,,,,,,,,,,,,,,,,,,,,,,,,,,,,,,,,,,,,,,,,,,,,,,,,,,,,,,,,,,,,,,,,,,,,,,,,,,,,,,,,,,,,10,,10,10,,,,,,,,,,
22-3-36,HR851,Prem Sir ,14-3-2026,22-3-36,30 pc app,V-Tek System Ballabhgarh,New dp-1400-2%,,,1.5 lac till 27-3-26,0,,,,,,,,,,,10,,,,,,,,,,,,,,10,,,,,,,,,,,,,,,,,,,,,,,,,,,,,,,,,,,,,,,,,,,,,,,,,,,,,,,,,,,,,,10,,,,,,,,,,,,,,,,,,,,,,,,,,,,,,,,,,,,,,,,,,,,,,,,,,,,,,,,,,,,,,,,,,,,,,,,,,,,,,,,,,,,,,,,,,,
20-3,HR852,Salman Sir ,14-3-2026,20-3,,Chauhan Battery House Mainpuri,New dp-1500-2,,,,50,,,,,,,,,,,,,,,,,,,,,,,,,,,,,,,,,,,,,,,5,,,,,,20,,,,,,,,,,,,,,15,,,,,,,,,,,,,,,,,,,,,,,,,,,,10,,,,,,,,,,,,,,,,,,,,,,,,,,,,,,,,,,,,,,,,,,,,,,,,,,,,,,,,,,,,,,,,,,,,,,,,,,,,,,,,,,,,,,,,,,,
20-3,HR853,Salman Sir ,14-3-2026,20-3,50pc aproved,Jhilmil Elrctronics & Inverter Battery House Mainpuri,"New DP-2100-2%
",,,,75,,,,,,,,,,,,32,,,,,,,,,,,,,,,,,,,,,,,,,,,,,,,,,,,,,,,,,6,,,,,,,8,,,,,,,,,,,,,,,,,,,,,,,,,,,,4,,,,,,,,,,,,,,,,,,,,,,,,,,,,,,,,,,,,,,,,,,,,,,,,,,,,,,,,,,,,,,,,,,25,,,,,,,,,,,,,,,,,,,,,,,,
,HR854,Salman Sir ,14-3-2026,,,Murti Battery Agra,New dp- 1500-2%,,,,61,,,,,,,,,,,,,,,,,,,,,,,,,,,,,,,,,,,,,,,10,,,,,,17,,,,,,,,,,,,,,15,,,,,,,,,,,,,,,,,,,,,,,,,,,,10,,,,,,,,,,,,,,,,,,,,,,,,,,,,,,,,,,,,,,,,,,,,,,,,,,,,,,,,,,,,,,,,,,,9,,,,,,,,,,,,,,,,,,,,,,,,
22-3-26,HR855,Ravinder Sir,14-3-2026,22-3-26,,Manglam Batt Fathebad,,,,,22,,,,,,,,,,,12,,,,,,,,,,,,,,,,,,,,,,,,,,,,,,,,,,10,,,,,,,,,,,,,,,,,,,,,,,,,,,,,,,,,,,,,,,,,,,,,,,,,,,,,,,,,,,,,,,,,,,,,,,,,,,,,,,,,,,,,,,,,,,,,,,,,,,,,,,,,,,,,,,,,,,,,,,,,,,,,,,,,,,,,
18-3-2026,HR856,Rambir Sir ,14-3-2026,18-3-2026,,Bala Ji Tohana Naveen Lalloda,New Dp-1500-2%-3%,,,,0,,,,,,,,,,,,,,,,,,,,,,,,,,,,,,,,,,,,,,,,,,,,,10,,,,,,,,,,,,,,,,,,,,,,,,,,,,,,,,,,,,,,,,,,,,,,,,,,,,,,,,,,,,,,,,,,,,,,,,,,,,,,,,,,,,,,,,,,,,,,,,,,,,,,,,,,,,,,,,,,,,,,,,,,,,,,,,,,,,,
Cancle,HR857,Deepak Sir,14-3-2026,Cancle,,Deep Trading Co. Farmana,Dp-1500-2%,,,,0,,,,,,,,,,,15,,,,,,,,,,,,,,,,,,,,,,,,,,,,35,,,,,,,,,,,,,,,,,,,,,,,,,,,,,,,,,,,,,,,,,,,,,,,,,,,,,,,,,,,,,,,,,,,,,,,,,,,,,,,,,,,,,,,,,,,,,,,,,,,,,,,,,,,,,,,,,,,,,,,,,,,,,,,,,,,,,,,,,,,
,HR858,Prem Sir ,14-3-2026,,,Aggarwal Enterprises Alwar ,New dp-1500-2%,,,,100,,,,,,,,,,,,,,,,20,,,,,,,,,,,,,,,,,,,,,,,,,,,,,,,,,,,,,,,,,20,,,,,,,50,,,,,,,,,,,,,,,,,10,,,,,,,,,,,,,,,,,,,,,,,,,,,,,,,,,,,,,,,,,,,,,,,,,,,,,,,,,,,,,,,,,,,,,,,,,,,,,,,,,,,,,,,,,,,,,,,,,
16-3-2026,HR859,Munender Sir,16-3-2026,16-3-2026,,Sai Enterprise Rampur  Service Centre,Service Centre,,,,0,,,,,,,,,,,,,,,,,,,,,,,,,,,,,,,,,,,,,,,,,,,,,1,,,,,,,,,,,,,,1,,,,,,,,,,,,,,,,,,,,,,,,,,,,1,,,,,,,,,,,,,,,,,,,,,,,,,,,,,,,,,,,,,,,,,,,,,,,,,,,,,,,,,,,,,,,,,,,,,,,,,,,,,,,,,,,,,,,,,,,
16-3-2026,HR860,Munender Sir,16-3-2026,16-3-2026,,Balaji Battery Bareilly Service Centre ,Service Centre,,,,0,,,,,,,,,,,,,,,,,,,,,,,,,,,,,,,,,,,,,,,,,,,,,2,,,,,,,,,,,,,,,,,,,,,,,,,,,,,,,,,,,,,,,,,,,,,,,,,,,,,,,,,,,,,,,,,,,,,,,,,,,,,,,,,,,,,,,,,,,,,,,,,,,,,,,,,,,,,,,,,,,,,,,,,,,,,,,,,,,,,
16-3-2026,HR861,Munender Sir,16-3-2026,16-3-2026,,Qadri Enterprises Bahjoi Service Centre,Service Centre,,,,0,,,,,,,,,,,1,,,,,,,,,,,,,,,,,,,,,,,,,,,,,,,,,,,,,,,,,5,,,,,,,3,,,,,,,,,,,,,,,,,,,,,,,,,,,,,,,,,,,,,,,,,,,,,,,,,,,,,,,,,,,,,,,,,,,,,,,,,,,,,,,,,,,,,,,,,,,,,,,,,,,,,,,,,,,,,,,,,,,,,,,
17-3-2026,HR862,Arun Sir,16-3-2026,17-3-2026,,Jai Durga Battery House Kanina,New dp-1500-2%,,,,0,,,,,,,,,,,6,,,,,,,,,,,,,,,,,,,,,,,,,,,,,,,,,,,,,,,,,,,,,,,,2,,,,,,,,,,,,,,,,,,,,,,,,,,,,2,,,,,,,,,,,,,,,,,,,,,,,,,,,,,,,,,,,,,,,,,,,,,,,,,,,,,,,,,,,,,,,,,,,,,,,,,,,,,,,,,,,,,,,,,,,
16-3-2026,HR863,Munender Sir,16-3-2026,16-3-2026,,Davik Inverter Battery Service Centre Palwal,Service Centre,,,,0,,,,,,,,,,,1,2,,,,,,,,,,,,,,,,,,,,,,,,,,,,,,,,,,,,,,,,3,,,,,3,,1,,,,,,,,,,,,,,,,,,,,,,,,,,,,,,,,,,,,,,,,,,,,,,,,,,,,,,,,,,,,,,,,,,,,,,,,,,,,,,,,,,,,,,,,,,,,,,,,,,,,,,,,,,,,,,,,,,,,,,,
22-3-26,HR864,Neeraj Sir,16-3-2026,22-3-26,,Prakashmay Power Solution Bulandshahr ,New DP-1500-2%,,,12 lac monday,222,,,,,,,,,,,,60,,,,22,,,,,,,,,,,,,,,,,,,,,,,,,,,,,,,,,,,,,60,,,,,,,50,,,,,,,,,,,,,,,,,,,,,,,,,,,,,,,,30,,,,,,,,,,,,,,,,,,,,,,,,,,,,,,,,,,,,,,,,,,,,,,,,,,,,,,,,,,,,,,,,,,,,,,,,,,,,,,,,,,,,,,
28/3/26,HR865,Arun Sir,16-3-2026,28/3/26,,D.R Radio Charkhi Dadri,New dp-1500-2%,,1500 -2%,2 lac monday,53,,,,,,,,,,,,,,,,,,,,,,,,,,,,,,,,,,,,,,,,,,,,,,50,,,,,,,,,,,,,,,,,,,,,,,,,,,,,,,,,,,,,,,,,,,,,,,,,,,,,,,,,,,,,,,,,,,,,,,,,,,,,,,,,,,,,,,,,,,,,,,,,,,,,,,,,,,,,,,,3,,,,,,,,,,,,,,,,,,,,
18-3-2026,HR866,Chander Sir,17-3-2026,18-3-2026,,New Unique Enterprises Sirsa (Order A),New Dp-1500-2%-3%-3.50-100,,,,0,,,,,,,,,,,12,,,,,5,,,,,,,,,,,,,,,,,,,,,,,,,,,,,,,,,,15,,,,,,,18,,10,,,,,15,,,,,,,,,,,,,,,,,,,,,,,,,,,,,,,,,,,,,,,,,,,,,,,,,,,,,,,,,,,,,,,,,,,,,,,,,,,,,,,,,,,,,,,,,,,,,,,,,,,,,,,,,,,,,,,,,,
18-3-2026,HR867,Chander Sir,17-3-2026,18-3-2026,,New Unique Enterprises Sirsa (Order B),New Dp-1500-2%-3%-3.50-100,,,,75,,,,,,,,,,,,,,,,10,,,,,,,,,,,,,,,,,,,,,,,,,,,,,,,,,,10,,,,,,,15,,,,,,,40,,,,,,,,,,,,,,,,,,,,,,,,,,,,,,,,,,,,,,,,,,,,,,,,,,,,,,,,,,,,,,,,,,,,,,,,,,,,,,,,,,,,,,,,,,,,,,,,,,,,,,,,,,,,,,,,,,
18-3-2026,HR868,Manish Sir ,18-3-2026,18-3-2026,,Shubham Batteries Pilibhit ,New Dp-1500-3%-2%,,Mix Billing ,Disp After 500k,50,,,,,,,,,,,,,,,,,,,,,,,,,,5,,,,,,,,,,,,,,,,,,,,,,,,,,,5,,,,,,,,,,,,,,,,,,,,,,,,,,,,,,,,,,,10,,,,30,,,,,,,,,,,,,,,,,,,,,,,,,,,,,,,,,,,,,,,,,,,,,,,,,,,,,,,,,,,,,,,,,,,,,,,,,,,,,,,,,,,,,,
18-3-2026,HR869,Munender Sir,18-3-2026,18-3-2026,,Vaayu Enterprises Service Centre Alighar,Service Centre,,,,0,,,,,,,,,,,2,,,,,,,,,,,,,,,,,,,,,,,,,,,,,,,,,,,,,,,,,,,,,,,,7,,,,,,,,,,,,,,,,,,,,,,,,,,,,,,,,,,,,,,,,,,,,,,,,,,,,,,,,,,,,,,,,,,,,,,,,,,,,,,,,,,,,,,,,,,,,,,,,,,,,,,,,,,,,,,,,,,,,,,,
,HR870,Prem Sir ,18-3-2026,,,Sahun Inverter Battery Punhana ,New DP-1500-2%,,,,150,,,,,,,,,,,,20,,,,,,,,,,,,,,,,,,,,,,,,,,,,,,,,,,30,,,,,,,70,,,,,,,30,,,,,,,,,,,,,,,,,,,,,,,,,,,,,,,,,,,,,,,,,,,,,,,,,,,,,,,,,,,,,,,,,,,,,,,,,,,,,,,,,,,,,,,,,,,,,,,,,,,,,,,,,,,,,,,,,,,,,,
28-3,HR871,Chander Sir,18-3-2026,28-3,10pc aproved,Sukhija Elc. Sirsa,New Dp-1500,,,mix Billing ,30,,,,,,,,,,,,,20,,,,,,,,,,,,,,,,,,,,,,,,,,,,,,,,,,,,,,,,,10,,,,,,,,,,,,,,,,,,,,,,,,,,,,,,,,,,,,,,,,,,,,,,,,,,,,,,,,,,,,,,,,,,,,,,,,,,,,,,,,,,,,,,,,,,,,,,,,,,,,,,,,,,,,,,,,,,,,,,,,,,,,
20-3,HR872,Rambir Sir ,18-3-2026,20-3,,Sun Light Fatehabad,,,,Mix Billing ,60,,,,,,,,,,,,,,,,,,,,,,,,,,,,,,,,,,,,,,,,20,,,,,,20,,,,,,,,,,,,,,10,,,,,,,,,,,,,,,,,,,,,,,,,,,,,,,,10,,,,,,,,,,,,,,,,,,,,,,,,,,,,,,,,,,,,,,,,,,,,,,,,,,,,,,,,,,,,,,,,,,,,,,,,,,,,,,,,,,,,,,
20-3,HR873,Sandeep Kaushal Sir ,19-3-2026,20-3,,Vipul Ent Hisar New Dist,,,,"tt20036-15 Sm
tt20048-25 Sm",160,,,,,,,,,,,,,,,,,110,,,,,,,,,,,,,,,,,,,,,,,,,,,,,,,,,,50,,,,,,,,,,,,,,,,,,,,,,,,,,,,,,,,,,,,,,,,,,,,,,,,,,,,,,,,,,,,,,,,,,,,,,,,,,,,,,,,,,,,,,,,,,,,,,,,,,,,,,,,,,,,,,,,,,,,,,,,,,,,,,,
22-3-26,HR872,Deepak Sir,19-3-2026,22-3-26,,Deep Trading Co. Farmana,New Dp-1500-2%,,check 5 k rcv 21-3-26,,100,10,,,,,,,,,,30,,,,,,,,,,,,,,,,,,,,,,,,,,,,40,,,,,,,,,,,,,10,,,,,,,,,,,,,,,,,,,,,,,,,,,,,,,,,,,10,,,,,,,,,,,,,,,,,,,,,,,,,,,,,,,,,,,,,,,,,,,,,,,,,,,,,,,,,,,,,,,,,,,,,,,,,,,,,,,,,,,,,,,,,,,
21-3,HR874,Deepak Sir,20-3-2026,21-3,,Neha Elc. Sonipat,New Dp-1500-2%-100,,,15 lac 31-3-26 tak aaynge,444,,80,,,,,,,,,,30,,,,,,,,,,,,,,,,,,,,,,,,,,,,80,,,,,,80,,,,,,,144,,,,,,,,,,,,,,,,,,,,,,,,,,,,,,,,,,,30,,,,,,,,,,,,,,,,,,,,,,,,,,,,,,,,,,,,,,,,,,,,,,,,,,,,,,,,,,,,,,,,,,,,,,,,,,,,,,,,,,,,,,,,,,
22-3-26,HR875,Arun Sir,20-3-2026,22-3-26,,Ajeet Repairing Bawal,40 pc apporved,,,,43,,,,,,,,,,,,,,,,,,,,,,,,,10,,,,,,,,,,,,,,,,,,,,,,,,,,,10,,,,,,,9,,,,,,,,,,,,,,,,,,,,,,4,,,,,,6,,,,,,,,,,,,1,,,,,,,,,,,,,,,,,,,,,,,,,,,,,,,,,,,,,,,,,,,,,,,,,,,,,,,,,,,3,,,,,,,,,,,,,,,,,,,,
30-3-26,HR876,Arun Sir,20-3-2026,30-3-26,,Jai Durga Battery House Kanina,,,,"20 PCS Jai Durga 
20 PCS Shiv Shakti Khad Bheej Bandhar",43,,,,,,,,,,,20,,,,,,,,,,,,,,,,,,,,,,,,,,,,,,,,,,,,,,,,,15,,,,,,,,,,,,,,,,,,,,,,,,,,,,,,,,,,,5,,,,,,,,,,,,,,,,,,,,,,,,,,,,,,,,,,,,,,,,,,,,,,,,,,,,,,,,,,,,,,,,,,,,,,,3,,,,,,,,,,,,,,,,,,,,
22-3-26,HR877,Arun Sir,20-3-2026,22-3-26,,Akash Inverter Bawal ,,,,,32,,,,,,,,,,,,,,,,20,,,,,,,,,,,,,,,,,,,,,,,,,,,,,,,,,,,,,,,,,10,,,,,,,,,,,,,,,,,,,,,,,,,,,,,,,,,,,,,,,,,,,,,,,,,,,,,,,,,,,,,,,,,,,,,,,,,,,,,,,,,,,,,,,,,,,,,,,,,,,,,2,,,,,,,,,,,,,,,,,,,,
22-3-26,HR878,Prince Sir,20-3-2026,22-3-26,,R.R Enterprises Gajraula ,New Dp-1500-2%,,,3 lac with mat,133,,,,,,,,,,,,,,,,,,,,,,,,,,,,,,,,,,,,,,,,,,,,,,,,,,,,,,,,,,,50,20,,,,,,,,,,,,,,,,,,,,,,,,,,,30,33,,,,,,,,,,,,,,,,,,,,,,,,,,,,,,,,,,,,,,,,,,,,,,,,,,,,,,,,,,,,,,,,,,,,,,,,,,,,,,,,,,,,,,,,,,
22-3-26,HR879,Prince Sir,20-3-2026,22-3-26,,Vakeel Battery And Parts Najibabad,New Dp-1500-2%,,,10 lac 25-3-26,133,,,,,,,,,,,,,,,,,,,,,,,,,,,,,,,,,,,,,,,,,,,,,,,,,,,,,,,,,,,,50,,,,50,,,,,,,,,,,,,,,,,,,,,,,,33,,,,,,,,,,,,,,,,,,,,,,,,,,,,,,,,,,,,,,,,,,,,,,,,,,,,,,,,,,,,,,,,,,,,,,,,,,,,,,,,,,,,,,,,,,
22-3-26,HR880,Arun Sir,20-3-2026,22-3-26,,Bharat Battery Dharuhera,,,,2.5 lac till 25-3-26,50,,,,,,,,,,,,45,,,,,,,,,,,,,,,,,,,,,,,,,,,,,,,,,,,,,,,,,,,,,,,,5,,,,,,,,,,,,,,,,,,,,,,,,,,,,,,,,,,,,,,,,,,,,,,,,,,,,,,,,,,,,,,,,,,,,,,,,,,,,,,,,,,,,,,,,,,,,,,,,,,,,,,,,,,,,,,,,,,,,,,
21-3,HR881,Jagat Sir,20-3-2026,21-3,,Shiva Ent Palwal(Order B),,,,,0,,,,,,,,,,,,,,,,20,,,,,,,,,,,,,,,,,,,,,,,,,,,,,30,30,,,,,,,,,,,,,20,,,,,,,,,,,,,,,,,,,,,,,,,,,,,,,,,,,,,,,,,,,,,,,,,,,,,,,,,,,,,,,,,,,,,,,,,,,,,,,,,,,,,,,,,,,,,,,,,,,,,,,,,,,,,,,,,,,,,,,
,HR882,Ravinder Sir,21-3-2026,,,Dhillon Elc. Pehowa,,,,,20,,,,,,,,,,,4,,,,,,,,,,,,,,,,,,,,,,,,,,,,,,,,,,,,,,,,,16,,,,,,,,,,,,,,,,,,,,,,,,,,,,,,,,,,,,,,,,,,,,,,,,,,,,,,,,,,,,,,,,,,,,,,,,,,,,,,,,,,,,,,,,,,,,,,,,,,,,,,,,,,,,,,,,,,,,,,,,,,,,,,
22-3-26,HR883,Sandeep Kaushal Sir ,21-3-2026,22-3-26,,A To Z Power Solution Dabwali ,dp-1500-2%,,Foc  tt17536 Sy-,,45,,,,,,,,,,,,,,,,,,,,,,,,,,,,,,,,,,,,,,,,,,,,,,,,,,,,11,,,,,,,,,,,,,,,,,,,,,,,,,20,,,,,,,,,,,,,,,,,,,,,,10,,,,,,,,,,,,,,,,,,,,,,,,,,,,,,,,,,,,,,,,,,,,,,,,,,,,,,,,,,,4,,,,,,,,,,,,,,,,,,,,
22-3-26,HR884,Rambir Sir ,21-3-2026,22-3-26,,Sagar Elc. Hisar,,,,,30,,,,,,,,,,,30,,,,,,,,,,,,,,,,,,,,,,,,,,,,,,,,,,,,,,,,,,,,,,,,,,,,,,,,,,,,,,,,,,,,,,,,,,,,,,,,,,,,,,,,,,,,,,,,,,,,,,,,,,,,,,,,,,,,,,,,,,,,,,,,,,,,,,,,,,,,,,,,,,,,,,,,,,,,,,,,,,,,,,,
31-3,HR885,Arun Sir,23-3-2026,31-3, delete,Ashok Yadav Electrical Hardware Santali,,,,dispatch after 4 lac,53,,,,,,,,,,,,,,,20,,,,,,,,,,,,,,10,,,,,,,,,,,,,,,,,,,,,,,,,,,10,,,,,,,,,,,,,,,,,,,,,,,,,,,,,,,,10,,,,,,,,,,,,,,,,,,,,,,,,,,,,,,,,,,,,,,,,,,,,,,,,,,,,,,,,,,,,,,,,,,,,,,3,,,,,,,,,,,,,,,,,,,,
24-3,HR886,Sandeep Kaushal Sir ,23-3-2026,24-3,,Vipul Ent Hisar New Dist,dp-1500-2-200,,,"Mix Billing 
Solar Panel Salmon ",350,,,,,,,50,,,,,,,,,,230,,,,,,,,,,,,,,,,,,,,,,,,,,,,,,,,,,,,,,,,,10,,,,,,,,,,,,,,,,,,,,,,,,,,,,,,,,30,,,,30,,,,,,,,,,,,,,,,,,,,,,,,,,,,,,,,,,,,,,,,,,,,,,,,,,,,,,,,,,,,,,,,,,,,,,,,,,,,,,,,,,,,
24-3,HR887,Rambir Sir ,23-3-2026,24-3,,Raja Enterprises Hisar ,,,,Mix Billing ,525,,,,,,,,,,,50,50,,,,,15,,,,,,,,10,,,,,,,,,,,,,,,30,,,,,,,,,,,,50,50,,,,,,50,50,,,,,,50,40,,,,,,,,,,,,,,,20,,,,,50,,,,,,,,,,,,,10,,,,,,,,,,,,,,,,,,,,,,,,,,,,,,,,,,,,,,,,,,,,,,,,,,,,,,,,,,,,,,,,,,,,,,,,,,,,,,
23-3-2026,HR888,Rajesh Sir,23-3-2026,23-3-2026,,Verma Inverter Battery Service Centre Hisar,Service Centre,,,,28,2,,,,,,,,,,2,,6,,,,,,,,,,,,,,,,,,,,,,,,,,,,,,,,2,,,,,,,,,6,,,4,,2,,2,,,2,,,,,,,,,,,,,,,,,,,,,,,,,,,,,,,,,,,,,,,,,,,,,,,,,,,,,,,,,,,,,,,,,,,,,,,,,,,,,,,,,,,,,,,,,,,,,,,,,,,,,,,,,,,,,,,,,,
23-3-2026,HR889,Rajesh Sir,23-3-2026,23-3-2026,,Vikash Elc. Service Centre Hisar,Service Centre,,,,0,1,,,,,,,,,,3,,,,,,,,,,,,,,,,,,,,,,,,,,,,,,,,,,2,,,,,,,10,2,,,,,,,,,,,,,,,,,,,,,,,,,,,,,,,,,,,,,,,,,,,,,,,,,,,,,,,,,,,,,,,,,,,,,,,,,,,,,,,,,,,,,,,,,,,,,,,,,,,,,,,,,,,,,,,,,,,,,,,,,,,,,
23-3-2026,HR890,Rajesh Sir,23-3-2026,23-3-2026,,Hanumant Traders Service Centre Meham,Service Centre,,,,0,2,,,,,,,,,,,,,,,2,,,,,,,,,,,,,,,,,,,,,,,,,,,,,,,,,,,,6,,,,,5,,,,,,,1,,,,,,,,,,,,,,,,,,,,,,,,,,,,,,,,,,,,,,,,,,,,,,,,,,,,,,,,,,,,,,,,,,,,,,,,,,,,,,,,,,,,,,,,,,,,,,,,,,,,,,,,,,,,,,,,,,
,HR891,Chander Sir,23-3-2026,,,A To Z Power Solution Dabwali,dp-1500-2%,,,,15,,,,,,,,,,,,,,,,,,,,,,,,,,,,,,,,,,,,,,,,,,,,,,,,,,,,,,,,,,,,,,,,,,,,,,,,,,,,,,,,,,,,,,,,,,,15,,,,,,,,,,,,,,,,,,,,,,,,,,,,,,,,,,,,,,,,,,,,,,,,,,,,,,,,,,,,,,,,,,,,,,,,,,,,,,,,,,,,,,,
20/3/26,HR892,Deepak Sir,23-3-2026,20/3/26,28/3/26,Inverter Plaza Rohtak ,New Dp-1500-2%,Apporved -1500-2%,,,100,,,,,,,,,,,15,,,,,,,,,,,,,,,,,,,,,,,,,,,,,,,,,,20,,,,,10,,20,20,,,,15,,,,,,,,,,,,,,,,,,,,,,,,,,,,,,,,,,,,,,,,,,,,,,,,,,,,,,,,,,,,,,,,,,,,,,,,,,,,,,,,,,,,,,,,,,,,,,,,,,,,,,,,,,,,,,,,,,,,,,,,,
31-3,MR 109,Manoj Sir,26-2-2026,31-3,,Sai Enterprise Rampur ,New Dp-1500,"disptacf after 4 lac , 6-4-26",tt17536 foc sy - 3,Mix Billing ,111,,,,,,,,,,,,,,,,,,,,,,,,,,,,,,,,,,,,,,,,,,,,,6,,,,,,,,,,,,,,40,,,,,,,20,,,,,,,,,,,,,,,,,,,,,40,,,,,,,,,,,,,,,,,,,,,,,,,,,,,,,,,,,,,,,,,,,,,,,,,,,,,,,,,,,,,,,,,,,,,,,5,,,,,,,,,,,,,,,,,,,,
22/3/26,HR 893,Arun Sir,24-3-2026,22/3/26,,Aggarwal Trading Narnaul,New Dp-1500-2%,,,,60,,,,,,,,,,,10,,,,,,,,,,,,,,10,,,,,,,,,,,,,,,,,,,,,,,,,,,25,,,,,,,,,,,,,,,,,,,,,,,,,,,,,,,,,,,,,,,15,,,,,,,,,,,,,,,,,,,,,,,,,,,,,,,,,,,,,,,,,,,,,,,,,,,,,,,,,,,,,,,,,,,,,,,,,,,,,,,,,,,,,,,
,HR 894,Arun Sir,24-3-2026,,,Ajeet Repairing Bawal,,,,,53,,,,,,,,,,,10,,,,,,,,,,,,,,10,,,,,,,,,,,,,,,,,,,,,,,,,,,,,,,,,,15,,,,,,,,,,,,,,,,,,,,,,,,,,,,15,,,,,,,,,,,,,,,,,,,,,,,,,,,,,,,,,,,,,,,,,,,,,,,,,,,,,,,,,,,,,,,,,,,,,,,3,,,,,,,,,,,,,,,,,,,,
,HR 895,Mohd Yamin Khan,24-3-2026,,,Pappu Enterprises Kasganj ,,,,5% Billing ,45,,,,,,,,,,,,,,,,,,,,,,,,,,,,,,,,,,,,,,,,,,,,,10,,,,,,,,,,,,,,5,,,,,,,,,,5,,,,,,,,,,,,,,,,,,5,,,,5,,,,,,,,,,,,,,,,,,,,,,,,,,,,,,,,,,,,,,,,,,,,,,,,,,,,,,,,,,,,,,,15,,,,,,,,,,,,,,,,,,,,,,,,
,HR 896,Mohd Yamin Khan,24-3-2026,,,Mishra Electronic Hathras ,,,,18% Billing ,40,,,,,,,,,,,,,,,,,,,,,,,,,,,,,,,,,,,,,,,,,,,,,,,,,,,,10,,,,,,,,,,,,,,,,,,,,,,,,,15,,,,,,,,,,15,,,,,,,,,,,,,,,,,,,,,,,,,,,,,,,,,,,,,,,,,,,,,,,,,,,,,,,,,,,,,,,,,,,,,,,,,,,,,,,,,,,,,,,,,,,
26-3,HR 897,Rambir Sir,25-3-2026,26-3,,Dahiya Hisar,,,,,10,,,,,,,,,,,,10,,,,,,,,,,,,,,,,,,,,,,,,,,,,,,,,,,,,,,,,,,,,,,,,,,,,,,,,,,,,,,,,,,,,,,,,,,,,,,,,,,,,,,,,,,,,,,,,,,,,,,,,,,,,,,,,,,,,,,,,,,,,,,,,,,,,,,,,,,,,,,,,,,,,,,,,,,,,,,,,,,,,,,
,HR 898,Manish Sir ,25-3-2026,,,Balaji Bareilly ,New Dp-1500-2%,,,Mix Billing ,75,,,,,,,,,,,,,,,,,,,,,,,,,,,,,,,,,,,,,,,,,,,,,,,,,,,,,,,,,,,75,,,,,,,,,,,,,,,,,,,,,,,,,,,,,,,,,,,,,,,,,,,,,,,,,,,,,,,,,,,,,,,,,,,,,,,,,,,,,,,,,,,,,,,,,,,,,,,,,,,,,,,,,,,,,,,,,,,,,,,
,HR 899,Rambir Sir ,25-3-2026,,,Durga Battery Fathebad,New DP-1500-2%,,,Mix Billing ,50,,,,,,,,,,,,,,,,,,,,,,,,,,,,,,,,,,,,,,,,,,,20,,,,,,,30,,,,,,,,,,,,,,,,,,,,,,,,,,,,,,,,,,,,,,,,,,,,,,,,,,,,,,,,,,,,,,,,,,,,,,,,,,,,,,,,,,,,,,,,,,,,,,,,,,,,,,,,,,,,,,,,,,,,,,,,,,,,,,,,
31/3/26,HR 900,Salman Sir ,25-3-2026,31/3/26,,Jhilmil Elrctronics & Inverter Battery House Mainpuri,"New DP-2100-2% ok
",,with50 pcs,,25,,,,,,,,,,,,8,,,,,,,,,,,,,,,,,,,,,,,,,,,,,,,,,,,,,,,,,,,,,,,,2,,,,,,,9,,,,,,,,,,,,,,,,,,,,,6,,,,,,,,,,,,,,,,,,,,,,,,,,,,,,,,,,,,,,,,,,,,,,,,,,,,,,,,,,,,,,,,,,,,,,,,,,,,,,,,,,,,,,,,,,
31/3/26,HR 901,Salman Sir ,25-3-2026,31/3/26,,Chauhan Battery House Mainpuri,New dp-1500-2,,,,31,,,,,,,,,,,,,,,,,,,,,,,,,,,,,,,,,,,,,,,6,,,,,,15,,,,,,,,,,,,,,5,,,,,,,,,,,,,,,,,,,,,,,,,,,,5,,,,,,,,,,,,,,,,,,,,,,,,,,,,,,,,,,,,,,,,,,,,,,,,,,,,,,,,,,,,,,,,,,,,,,,,,,,,,,,,,,,,,,,,,,,
31/3/26,HR 902,Salman Sir ,25-3-2026,31/3/26,,Sun Light Battery Mathura,New Dp-1500,,Old balance clear,,61,,,,,,,,,,,,,,,,,,,,,,,,,,,,,,,,,,,,,,,11,,,,,,20,,,,,,,,,,,,,,15,,,,,,,,,,,,,,,,,,,,,,,,,,,,15,,,,,,,,,,,,,,,,,,,,,,,,,,,,,,,,,,,,,,,,,,,,,,,,,,,,,,,,,,,,,,,,,,,,,,,,,,,,,,,,,,,,,,,,,,,
,HR 903,Salman Sir ,25-3-2026,,,Ratan Power System Firozabad ,New dp-1500-2%,,,,83,,,,,,,,,,,34,,,,,,,,,,,,,,5,,,,,,,,,,,,,,,,,,,,,,,,,,,15,,,,,,,20,,,,,,,,,,,,,,,,,,2,,,,2,,,,,,,,,,5,,,,,,,,,,,,,,,,,,,,,,,,,,,,,,,,,,,,,,,,,,,,,,,,,,,,,,,,,,,,,,,,,,,,,,,,,,,,,,,,,,,,,,,
28-3,HR 904,Chander Sir,25-3-2026,28-3,,New Unique Enterprises ,New Dp-1500-2%-3%-3.50-100,,,April Month Order 100 pc ,100,,,,,,,,,,,,,,,,20,,,,,,,,,,,,,,,,,,,,,,,,,,,,,,,,,,10,,,,,,,30,,,,,,,40,,,,,,,,,,,,,,,,,,,,,,,,,,,,,,,,,,,,,,,,,,,,,,,,,,,,,,,,,,,,,,,,,,,,,,,,,,,,,,,,,,,,,,,,,,,,,,,,,,,,,,,,,,,,,,,,,,
28/3/26,HR 905,Arun Sir ,26-3-2026,28/3/26,,Laxmi Dhanonda,,,,3 lac payment till 3/4/26 otherwise cancle only then apporved,43,,,,,,,,,,,,,,,,10,,,,,,,,,,,,,,,,,,,,,,,,,,,,,,,,,,10,,,,,,,,,,,,,,,,,,,,,,,,,,,,,,,10,,,,,,10,,,,,,,,,,,,,,,,,,,,,,,,,,,,,,,,,,,,,,,,,,,,,,,,,,,,,,,,,,,,,,,,,,,,,,,3,,,,,,,,,,,,,,,,,,,,
28/3/26,HR 906,Arun Sir ,27-3-2026,28/3/26,,Jai Balaji JI Communication Narnual ,New DP-1500-2%-3,,,,27,,,,,,,,,,,,,,,,10,,,,,,,,,,,,,,10,,,,,,,,,,,,,,,,,,,,,,,,,,,,,,,,,,7,,,,,,,,,,,,,,,,,,,,,,,,,,,,,,,,,,,,,,,,,,,,,,,,,,,,,,,,,,,,,,,,,,,,,,,,,,,,,,,,,,,,,,,,,,,,,,,,,,,,,,,,,,,,,,,,,,
28-3,HR 907,Rambir Sir ,27-3-2026,28-3,,Balaji Tohana ,,,,,22,,,,,,,,,,,,,,,,5,,,,,,,,,,,,,,,,,,,,,,,,,,,,,,,,,,10,,,,,,,,,,,,,,,,,,,,,,,,,,,,,,,,,,,,,2,,,,5,,,,,,,,,,,,,,,,,,,,,,,,,,,,,,,,,,,,,,,,,,,,,,,,,,,,,,,,,,,,,,,,,,,,,,,,,,,,,,,,,,,,,,,
,HR 908,Chander Sir,27-3-2026,,,A To Z Power Solution Dabwali , New dp-1500-2%,,,,5,,,,,,,,,,,5,,,,,,,,,,,,,,,,,,,,,,,,,,,,,,,,,,,,,,,,,,,,,,,,,,,,,,,,,,,,,,,,,,,,,,,,,,,,,,,,,,,,,,,,,,,,,,,,,,,,,,,,,,,,,,,,,,,,,,,,,,,,,,,,,,,,,,,,,,,,,,,,,,,,,,,,,,,,,,,,,,,,,,,
,HR 909,Chander Sir,28-3-2026,, ,Guru Nanak Elc Ellenabad (Order A),,,,Mix Billing ,77,,,,,,,,,,,20,10,,,,,,,,,,,,,,,,,,,,,,,,,,,,,,,,,15,10,,,5,,,,,,,,,,,,,,,,,,,,,,,,,,,,7,,,,,,,,,,,,,,,,,,,,,,10,,,,,,,,,,,,,,,,,,,,,,,,,,,,,,,,,,,,,,,,,,,,,,,,,,,,,,,,,,,,,,,,,,,,,,,,,,,,,,,
,HR 910,Chander Sir,28-3-2026,,,Guru Nanak Elc Ellenabad (Order B),,,,Mix Billing ,100,,,,,,,,,,,20,20,,,,,,,,,,,,,,,,,,,,,,,,,,,,10,,,,,20,20,,,,,,,,,,,,,,,,,,,,,,,,,,,,,,,,,,,,,,,,,,,,,,,,,,,,,10,,,,,,,,,,,,,,,,,,,,,,,,,,,,,,,,,,,,,,,,,,,,,,,,,,,,,,,,,,,,,,,,,,,,,,,,,,,,,,,
31-3,HR 911,Deepak Sir,28-3-2026,31-3,,Deep Trading Co. Farmana,New Dp-1500-2%,,,5 lac on 17-4-26,200,10,,,,,,,,,,30,,,,,10,,,,,,,,,,,,,,,,,,,,,,,70,,,,,,,,,,,20,,30,,,,,10,,,,,,,,,,,,,,,,,,,,,,,,,,,,,,20,,,,,,,,,,,,,,,,,,,,,,,,,,,,,,,,,,,,,,,,,,,,,,,,,,,,,,,,,,,,,,,,,,,,,,,,,,,,,,,,,,,,,,,,,,,
31/3/26,HR 912,Mohd Yamin Khan,28-3-2026,31/3/26,-1500,Mishra Electronic Hathras ,,,dispatch after 2.lac till 5/3/26,18% Billing ,40,,,,,,,,,,,,,,,,,,,,,,,,,,,,,,,,,,,,,,,,,,,,,,,,,,,,10,,,,,,,10,,,,,,,,,,,,,,,,,,10,,,,,,,,,,10,,,,,,,,,,,,,,,,,,,,,,,,,,,,,,,,,,,,,,,,,,,,,,,,,,,,,,,,,,,,,,,,,,,,,,,,,,,,,,,,,,,,,,,,,,,
31/3/26,HR 913,Mohd Yamin Khan,28-3-2026,31/3/26,-1500,Pappu Enterprises Kasganj ,Matrial will dispatch with security checqe only,,,5% Billing  exi 100 w panel,30,,,,,,,,,,,,,,,,,,,,,,,,,,,,,,,,,,,,,,,,,,,,,10,,,,,,,,,,,,,,5,,,,,,,,,,5,,,,,,,,,,,,,,,,,,5,,,,5,,,,,,,,,,,,,,,,,,,,,,,,,,,,,,,,,,,,,,,,,,,,,,,,,,,,,,,,,,,,,,,,,,,,,,,,,,,,,,,,,,,,,,,
31/3/26,HR 914,Mohd Yamin Khan,28-3-2026,31/3/26,,Hamza Inverter Battery And Electronics Kasganj ,New DP-2100-2%-3%,,,5% Billing ,75,,,,,,,,,,,,10,,,,,,,,,,,,,,,,,,,,,,,,,,,,,,,,,,,,,,15,,,,,,,10,,,10,,,,,,,,,,,,,,,,,,,,,,,,,,,,5,,,,,,,,,,,,,,,,,,,,,,,,,,,,,,,,,,,,,,,,,,,,,,,,,,,,,,,,,,,,,,,,,,25,,,,,,,,,,,,,,,,,,,,,,,,
31/3/26,HR 915,Mohd Yamin Khan,28-3-2026,31/3/26,,Venus Auto Electric Works Hathras,New Dp-1500-2%-3%,,dispatch after 2.5 lac till 5/3/26 otherwise 30 pc apporval,foc tt17536 sy-2,52,,,,,,,,,,,,5,,,,,,,,,,,,,,,,,,,,,,,,,,,,,,,,,,22,,,,,,,,,,,,,,10,,,,,,,,,,,,,,,,,,,,,,,,,,,,5,,,,10,,,,,,,,,,,,,,,,,,,,,,,,,,,,,,,,,,,,,,,,,,,,,,,,,,,,,,,,,,,,,,,,,,,,,,,,,,,,,,,,,,,,,,
28-3,HR 916,Ravinder Sir,28-3-2026,28-3,,Bansal Elc. Uklana,,,,,45,,,,,,,,,,,,,,,,,,,,,,,,,,,,,,,,,,,,,,,,,,,,,25,,,,,10,,10,,,,,,,,,,,,,,,,,,,,,,,,,,,,,,,,,,,,,,,,,,,,,,,,,,,,,,,,,,,,,,,,,,,,,,,,,,,,,,,,,,,,,,,,,,,,,,,,,,,,,,,,,,,,,,,,,,,,,,,,,,,,,,
28-3,HR 917,Rambir Sir ,28-3-2026,28-3,,Sagar Elc. Hisar,,,,,6,,,,,,,,,,,,,,,,,,,,,,,,,,,,,,,,,,,,,,,6,,,,,,,,,,,,,,,,,,,,,,,,,,,,,,,,,,,,,,,,,,,,,,,,,,,,,,,,,,,,,,,,,,,,,,,,,,,,,,,,,,,,,,,,,,,,,,,,,,,,,,,,,,,,,,,,,,,,,,,,,,,,,,,,,,,,,,,,,,,
,HR 918,Chander Sir,29-3-2026,,,A To Z Power Solution Dabwali, New dp-1500-2%,,,,30,,,,,,,,,,,6,,,,,,,,,,,,,,,,,,,,,,,,,,,,,,,,,,,,,,,,,,,,,,,,,,,,,,,,,,12,,,,,,,,6,,,,,,,,,,,,,,,,,,,,,,6,,,,,,,,,,,,,,,,,,,,,,,,,,,,,,,,,,,,,,,,,,,,,,,,,,,,,,,,,,,,,,,,,,,,,,,,,,,,,,,
31-3,HR 919,Manish Sir ,30-3-2026,31-3,,Shri Ram Traders Pilibhit (Without AH), New Dp- 1500,,"Dispatch after 7 lac , 7-4-26",Mix Billing ,61,,,,,,,,,,,,,,,,,,,,,,,,,,,,,,,,,,,,,,,,,,,,,16,,,,,,,,,,,,,,15,,,,,,,,,,,,,,,,,,,,,,15,,,,,,15,,,,,,,,,,,,,,,,,,,,,,,,,,,,,,,,,,,,,,,,,,,,,,,,,,,,,,,,,,,,,,,,,,,,,,,,,,,,,,,,,,,,,,,,,,,
31-3,HR 920,Manish Sir ,30-3-2026,31-3,,Solwave Renewable Energy Solution,New DP -1500,,"dispatch after 5 lac , 6-4-26",Mix Billing ,61,,,,,,,,,,,,,,,,,,,,,,,,,,,,,,,,,,,,,,,,,,,,,,26,,,,,,,,,,,,,,20,,,,,,,,,,,,,,,,,,,,,,,,,,,,15,,,,,,,,,,,,,,,,,,,,,,,,,,,,,,,,,,,,,,,,,,,,,,,,,,,,,,,,,,,,,,,,,,,,,,,,,,,,,,,,,,,,,,,,,,
31-3,HR 921,Manish Sir ,30-3-2026,31-3, ,Shubham Batteries Pilibhit ,New Dp-1500,,"dispatch after 10 lac , 6-4-26",Mix Billing ,100,,,,,,,,,,,,,,,,,,,,,,,,,,15,,,,,,,,,,,,,,,,,,,,,,,,,,,15,,,,,,,,,,,,,,,,,,,,,,,,,,,,,,,,,,,20,,,,50,,,,,,,,,,,,,,,,,,,,,,,,,,,,,,,,,,,,,,,,,,,,,,,,,,,,,,,,,,,,,,,,,,,,,,,,,,,,,,,,,,,,,,
,HR 922,Chander Sir,30-3-2026,,,"Thakur Electronics Enterprises, Malout ",,,,,70,,,,,,,,,,,,,,,,,,,,,,,,,,,,,,,,,,,,,,,,,,,,,,,,,,,,,,,,,,,25,15,,,,,,,,,,,,,,,,,5,5,,,,,,,,,15,5,,,,,,,,,,,,,,,,,,,,,,,,,,,,,,,,,,,,,,,,,,,,,,,,,,,,,,,,,,,,,,,,,,,,,,,,,,,,,,,,,,,,,,,,,,
,,,,,,Ab Koi B Order Is Sheet Pe Update NAhi Hoga Dis Plan Hisar Sheet pe Milega ,,,,,0,,,,,,,,,,,,,,,,,,,,,,,,,,,,,,,,,,,,,,,,,,,,,,,,,,,,,,,,,,,,,,,,,,,,,,,,,,,,,,,,,,,,,,,,,,,,,,,,,,,,,,,,,,,,,,,,,,,,,,,,,,,,,,,,,,,,,,,,,,,,,,,,,,,,,,,,,,,,,,,,,,,,,,,,,,,,,,,,,,
,,,,,,,,,,,0,,,,,,,,,,,,,,,,,,,,,,,,,,,,,,,,,,,,,,,,,,,,,,,,,,,,,,,,,,,,,,,,,,,,,,,,,,,,,,,,,,,,,,,,,,,,,,,,,,,,,,,,,,,,,,,,,,,,,,,,,,,,,,,,,,,,,,,,,,,,,,,,,,,,,,,,,,,,,,,,,,,,,,,,,,,,,,,,,,
,,,,,,,,,,,0,,,,,,,,,,,,,,,,,,,,,,,,,,,,,,,,,,,,,,,,,,,,,,,,,,,,,,,,,,,,,,,,,,,,,,,,,,,,,,,,,,,,,,,,,,,,,,,,,,,,,,,,,,,,,,,,,,,,,,,,,,,,,,,,,,,,,,,,,,,,,,,,,,,,,,,,,,,,,,,,,,,,,,,,,,,,,,,,,,
,,Total,Total,,,,,,,,6980,30,80,0,0,14,0,50,0,0,0,514,356,26,0,107,292,355,0,0,0,0,0,0,0,80,20,0,0,15,20,0,0,0,0,0,0,0,0,178,140,0,0,30,0,453,345,0,0,31,285,50,268,380,16,0,25,144,10,499,350,2,0,20,249,0,70,59,0,27,4,0,0,0,0,0,0,85,15,0,0,41,35,0,0,0,0,420,214,0,30,90,130,0,30,0,0,0,0,37,10,0,0,0,0,0,0,0,0,0,0,0,0,0,0,0,0,0,0,0,0,0,0,0,0,0,0,0,0,0,0,0,0,0,0,6,0,0,0,0,0,0,0,0,0,0,0,0,0,0,0,0,0,0,83,0,15,0,35,0,0,0,0,0,0,50,60,0,20,0,0,0,0,0,0,0,,,
,,,,,,,,,,,0,,,,,,,,,,,,,,,,,,,,,,,,,,,,,,,,,,,,,,,,,,,,,,,,,,,,,,,,,,,,,,,,,,,,,,,,,,,,,,,,,,,,,,,,,,,,,,,,,,,,,,,,,,,,,,,,,,,,,,,,,,,,,,,,,,,,,,,,,,,,,,,,,,,,,,,,,,,,,,,,,,,,,,,,,,,,,,,,,,
,,,,,,,,,,,0,,,,,,,,,,,,,,,,,,,,,,,,,,,,,,,,,,,,,,,,,,,,,,,,,,,,,,,,,,,,,,,,,,,,,,,,,,,,,,,,,,,,,,,,,,,,,,,,,,,,,,,,,,,,,,,,,,,,,,,,,,,,,,,,,,,,,,,,,,,,,,,,,,,,,,,,,,,,,,,,,,,,,,,,,,,,,,,,,,
,,,,,,Bareilly,,,,,0,,,,,,,,,,,,,,,,,,,,,,,,,,,,,,,,,,,,,,,,,,,,,,,,,,,,,,,,,,,,,,,,,,,,,,,,,,,,,,,,,,,,,,,,,,,,,,,,,,,,,,,,,,,,,,,,,,,,,,,,,,,,,,,,,,,,,,,,,,,,,,,,,,,,,,,,,,,,,,,,,,,,,,,,,,,,,,,,,,
,,,,,,Vakeel battery,,,,,0,,,,,,,,,,,,,,,,,,,,,,,,,,,,,,,,,,,,,,,,,,,,,,,,,,,,,,,,,,,,,,,,,,,,,,,,,,,,,,,,,,,,,,,,,,,,,,,,,,,,,,,,,,,,,,,,,,,,,,,,,,,,,,,,,,,,,,,,,,,,,,,,,,,,,,,,,,,,,,,,,,,,,,,,,,,,,,,,,,
,,,,,,Ratan Firozabad,,,,,0,,,,,,,,,,,,,,,,,,,,,,,,,,,,,,,,,,,,,,,,,,,,,,,,,,,,,,,,,,,,,,,,,,,,,,,,,,,,,,,,,,,,,,,,,,,,,,,,,,,,,,,,,,,,,,,,,,,,,,,,,,,,,,,,,,,,,,,,,,,,,,,,,,,,,,,,,,,,,,,,,,,,,,,,,,,,,,,,,,
,,,,,,Murti Battery Agra,,,,,0,,,,,,,,,,,,,,,,,,,,,,,,,,,,,,,,,,,,,,,,,,,,,,,,,,,,,,,,,,,,,,,,,,,,,,,,,,,,,,,,,,,,,,,,,,,,,,,,,,,,,,,,,,,,,,,,,,,,,,,,,,,,,,,,,,,,,,,,,,,,,,,,,,,,,,,,,,,,,,,,,,,,,,,,,,,,,,,,,,
,,,,,,Manglam Fatehbad,50,,,,0,,,,,,,,,,,,,,,,,,,,,,,,,,,,,,,,,,,,,,,,,,,,,,,,,,,,,,,,,,,,,,,,,,,,,,,,,,,,,,,,,,,,,,,,,,,,,,,,,,,,,,,,,,,,,,,,,,,,,,,,,,,,,,,,,,,,,,,,,,,,,,,,,,,,,,,,,,,,,,,,,,,,,,,,,,,,,,,,,,
,,,,,,Sukhija,50,,,,0,,,,,,,,,,,,,,,,,,,,,,,,,,,,,,,,,,,,,,,,,,,,,,,,,,,,,,,,,,,,,,,,,,,,,,,,,,,,,,,,,,,,,,,,,,,,,,,,,,,,,,,,,,,,,,,,,,,,,,,,,,,,,,,,,,,,,,,,,,,,,,,,,,,,,,,,,,,,,,,,,,,,,,,,,,,,,,,,,,
,,,,,,Gurunanak,50,,,,0,,,,,,,,,,,,,,,,,,,,,,,,,,,,,,,,,,,,,,,,,,,,,,,,,,,,,,,,,,,,,,,,,,,,,,,,,,,,,,,,,,,,,,,,,,,,,,,,,,,,,,,,,,,,,,,,,,,,,,,,,,,,,,,,,,,,,,,,,,,,,,,,,,,,,,,,,,,,,,,,,,,,,,,,,,,,,,,,,,
,,,,,,Bhutani Traders ,200,,,,0,,,,,,,,,,,,,,,,,,,,,,,,,,,,,,,,,,,,,,,,,,,,,,,,,,,,,,,,,,,,,,,,,,,,,,,,,,,,,,,,,,,,,,,,,,,,,,,,,,,,,,,,,,,,,,,,,,,,,,,,,,,,,,,,,,,,,,,,,,,,,,,,,,,,,,,,,,,,,,,,,,,,,,,,,,,,,,,,,,
,,,,,,Deep trading Farmana,50,,,,0,,,,,,,,,,,,,,,,,,,,,,,,,,,,,,,,,,,,,,,,,,,,,,,,,,,,,,,,,,,,,,,,,,,,,,,,,,,,,,,,,,,,,,,,,,,,,,,,,,,,,,,,,,,,,,,,,,,,,,,,,,,,,,,,,,,,,,,,,,,,,,,,,,,,,,,,,,,,,,,,,,,,,,,,,,,,,,,,,,
,,,,,,Jhirka,100,,,,0,,,,,,,,,,,,,,,,,,,,,,,,,,,,,,,,,,,,,,,,,,,,,,,,,,,,,,,,,,,,,,,,,,,,,,,,,,,,,,,,,,,,,,,,,,,,,,,,,,,,,,,,,,,,,,,,,,,,,,,,,,,,,,,,,,,,,,,,,,,,,,,,,,,,,,,,,,,,,,,,,,,,,,,,,,,,,,,,,,
,,,,,,Palwal,75,,,,0,,,,,,,,,,,,,,,,,,,,,,,,,,,,,,,,,,,,,,,,,,,,,,,,,,,,,,,,,,,,,,,,,,,,,,,,,,,,,,,,,,,,,,,,,,,,,,,,,,,,,,,,,,,,,,,,,,,,,,,,,,,,,,,,,,,,,,,,,,,,,,,,,,,,,,,,,,,,,,,,,,,,,,,,,,,,,,,,,,
,,,,,,Hathin,50,,,,0,,,,,,,,,,,,,,,,,,,,,,,,,,,,,,,,,,,,,,,,,,,,,,,,,,,,,,,,,,,,,,,,,,,,,,,,,,,,,,,,,,,,,,,,,,,,,,,,,,,,,,,,,,,,,,,,,,,,,,,,,,,,,,,,,,,,,,,,,,,,,,,,,,,,,,,,,,,,,,,,,,,,,,,,,,,,,,,,,,
,,,,,,Sahun,50,,,,0,,,,,,,,,,,,,,,,,,,,,,,,,,,,,,,,,,,,,,,,,,,,,,,,,,,,,,,,,,,,,,,,,,,,,,,,,,,,,,,,,,,,,,,,,,,,,,,,,,,,,,,,,,,,,,,,,,,,,,,,,,,,,,,,,,,,,,,,,,,,,,,,,,,,,,,,,,,,,,,,,,,,,,,,,,,,,,,,,,
,,,,,,Mubarik,50,,,,0,,,,,,,,,,,,,,,,,,,,,,,,,,,,,,,,,,,,,,,,,,,,,,,,,,,,,,,,,,,,,,,,,,,,,,,,,,,,,,,,,,,,,,,,,,,,,,,,,,,,,,,,,,,,,,,,,,,,,,,,,,,,,,,,,,,,,,,,,,,,,,,,,,,,,,,,,,,,,,,,,,,,,,,,,,,,,,,,,,
,,,,,,Raja,700,,,,0,,,,,,,,,,,,,,,,,,,,,,,,,,,,,,,,,,,,,,,,,,,,,,,,,,,,,,,,,,,,,,,,,,,,,,,,,,,,,,,,,,,,,,,,,,,,,,,,,,,,,,,,,,,,,,,,,,,,,,,,,,,,,,,,,,,,,,,,,,,,,,,,,,,,,,,,,,,,,,,,,,,,,,,,,,,,,,,,,,
,,,,,,Sagar,200,,,,0,,,,,,,,,,,,,,,,,,,,,,,,,,,,,,,,,,,,,,,,,,,,,,,,,,,,,,,,,,,,,,,,,,,,,,,,,,,,,,,,,,,,,,,,,,,,,,,,,,,,,,,,,,,,,,,,,,,,,,,,,,,,,,,,,,,,,,,,,,,,,,,,,,,,,,,,,,,,,,,,,,,,,,,,,,,,,,,,,,
,,,,,,Renewal,100,,,,0,,,,,,,,,,,,,,,,,,,,,,,,,,,,,,,,,,,,,,,,,,,,,,,,,,,,,,,,,,,,,,,,,,,,,,,,,,,,,,,,,,,,,,,,,,,,,,,,,,,,,,,,,,,,,,,,,,,,,,,,,,,,,,,,,,,,,,,,,,,,,,,,,,,,,,,,,,,,,,,,,,,,,,,,,,,,,,,,,,
,,,,,,,150,,,,0,,,,,,,,,,,,,,,,,,,,,,,,,,,,,,,,,,,,,,,,,,,,,,,,,,,,,,,,,,,,,,,,,,,,,,,,,,,,,,,,,,,,,,,,,,,,,,,,,,,,,,,,,,,,,,,,,,,,,,,,,,,,,,,,,,,,,,,,,,,,,,,,,,,,,,,,,,,,,,,,,,,,,,,,,,,,,,,,,,
,,,,,,,,,,,0,,,,,,,,,,,,,,,,,,,,,,,,,,,,,,,,,,,,,,,,,,,,,,,,,,,,,,,,,,,,,,,,,,,,,,,,,,,,,,,,,,,,,,,,,,,,,,,,,,,,,,,,,,,,,,,,,,,,,,,,,,,,,,,,,,,,,,,,,,,,,,,,,,,,,,,,,,,,,,,,,,,,,,,,,,,,,,,,,,
,,,,,,,,,,,0,,,,,,,,,,,,,,,,,,,,,,,,,,,,,,,,,,,,,,,,,,,,,,,,,,,,,,,,,,,,,,,,,,,,,,,,,,,,,,,,,,,,,,,,,,,,,,,,,,,,,,,,,,,,,,,,,,,,,,,,,,,,,,,,,,,,,,,,,,,,,,,,,,,,,,,,,,,,,,,,,,,,,,,,,,,,,,,,,,
,,,,,,,,,,,0,,,,,,,,,,,,,,,,,,,,,,,,,,,,,,,,,,,,,,,,,,,,,,,,,,,,,,,,,,,,,,,,,,,,,,,,,,,,,,,,,,,,,,,,,,,,,,,,,,,,,,,,,,,,,,,,,,,,,,,,,,,,,,,,,,,,,,,,,,,,,,,,,,,,,,,,,,,,,,,,,,,,,,,,,,,,,,,,,,
,,,,,60 Small,,,,,,0,,,,,,,,,,,,,,,,,,,,,,,,,,,,,,,,,,,,,,,,,,,,,,,,,,,,,,,,,,,,,,,,,,,,,,,,,,,,,,,,,,,,,,,,,,,,,,,,,,,,,,,,,,,,,,,,,,,,,,,,,,,,,,,,,,,,,,,,,,,,,,,,,,,,,,,,,,,,,,,,,,,,,,,,,,,,,,,,,,
,,,,,40 Midium,,,,,,0,,,,,,,,,,,,,,,,,,,,,,,,,,,,,,,,,,,,,,,,,,,,,,,,,,,,,,,,,,,,,,,,,,,,,,,,,,,,,,,,,,,,,,,,,,,,,,,,,,,,,,,,,,,,,,,,,,,,,,,,,,,,,,,,,,,,,,,,,,,,,,,,,,,,,,,,,,,,,,,,,,,,,,,,,,,,,,,,,,
,,,,,,,,,,,0,,,,,,,,,,,,,,,,,,,,,,,,,,,,,,,,,,,,,,,,,,,,,,,,,,,,,,,,,,,,,,,,,,,,,,,,,,,,,,,,,,,,,,,,,,,,,,,,,,,,,,,,,,,,,,,,,,,,,,,,,,,,,,,,,,,,,,,,,,,,,,,,,,,,,,,,,,,,,,,,,,,,,,,,,,,,,,,,,,